{"content":[{"id":"6d668aa1","elType":"section","settings":{"layout":"full_width","padding":{"unit":"%","top":"5","right":"10","bottom":"0","left":"10","isLinked":""},"structure":"20","_title":"Page Title","padding_mobile":{"unit":"%","top":"0","right":"5","bottom":"0","left":"5","isLinked":""},"margin_mobile":{"unit":"px","top":"50","right":"0","bottom":"0","left":"0","isLinked":""},"_timestamp_":"v1WjRwWEVHZkY3VVJWVEwzdFhhT0JXdz09"},"elements":[{"id":"537572af","elType":"column","settings":{"_column_size":"50","padding":{"unit":"%","top":"0","right":"10","bottom":"0","left":"0","isLinked":""},"_inline_size":"55","_inline_size_tablet":"100","padding_tablet":{"unit":"px","top":"0","right":"0","bottom":"0","left":"0","isLinked":"1"}},"elements":[{"id":"1af589f5","elType":"widget","settings":{"title":"404 - <b>page not found<\/b>","align":"left","title_color":"#000000","typography_typography":"custom","typography_font_family":"Montserrat","typography_font_size":{"unit":"px","size":"55","sizes":[]},"typography_font_weight":"100","typography_text_transform":"uppercase","typography_line_height":{"unit":"em","size":"1","sizes":[]},"header_size":"h1","typography_font_size_tablet":{"unit":"px","size":"50","sizes":[]},"typography_font_size_mobile":{"unit":"px","size":"40","sizes":[]},"_animation":"fadeIn"},"elements":[],"widgetType":"heading"}],"isInner":""},{"id":"7233b688","elType":"column","settings":{"_column_size":"50","padding":{"unit":"%","top":"0","right":"12","bottom":"0","left":"12","isLinked":""},"_inline_size":"45.004","content_position":"bottom","_inline_size_tablet":"100","margin_tablet":{"unit":"px","top":"30","right":"0","bottom":"0","left":"0","isLinked":""},"padding_tablet":{"unit":"px","top":"0","right":"0","bottom":"0","left":"0","isLinked":"1"}},"elements":[{"id":"17442f76","elType":"widget","settings":{"editor":"Sorry! We couldn\u2019t find what you were looking for.","align":"left","text_color":"#000000","typography_typography":"custom","typography_font_family":"Montserrat","typography_font_size":{"unit":"px","size":"16","sizes":[]},"typography_font_weight":"200"},"elements":[],"widgetType":"text-editor"},{"id":"47d6df1b","elType":"widget","settings":{"text":"Go back to HOME PAGE","align":"left","typography_typography":"custom","typography_font_family":"Montserrat","typography_font_size":{"unit":"px","size":"16","sizes":[]},"typography_font_weight":"200","typography_text_decoration":"underline","button_text_color":"#000000","background_color":"rgba(2, 1, 1, 0)","hover_animation":"sink","text_padding":{"unit":"px","top":"0","right":"0","bottom":"0","left":"0","isLinked":true},"__dynamic__":{"link":"[elementor-tag id=\"b5ea67a\" name=\"site-url\" settings=\"%7B%7D\"]"},"_margin":{"unit":"px","top":"-18","right":"0","bottom":"0","left":"0","isLinked":false}},"elements":[],"widgetType":"button"}],"isInner":""}],"isInner":""},{"id":"2cb19cf2","elType":"section","settings":{"layout":"full_width","padding":{"unit":"%","top":"0","right":"5","bottom":"0","left":"5","isLinked":""},"margin":{"unit":"px","top":"100","right":"0","bottom":"0","left":"0","isLinked":""},"_title":"Picture","margin_tablet":{"unit":"px","top":"50","right":"0","bottom":"0","left":"0","isLinked":""},"_timestamp_":"v1WjRwWEVHZkY3VVJWVEwzdFhhT0JXdz09"},"elements":[{"id":"898bcc8","elType":"column","settings":{"_column_size":"100","padding":{"unit":"px","top":"0","right":"0","bottom":"0","left":"0","isLinked":"1"}},"elements":[{"id":"2f712b5","elType":"widget","settings":{"image":{"id":13255,"url":"https:\/\/library.elementor.com\/wp-content\/uploads\/2020\/04\/Pic-404-.png"},"image_size":"full","width":{"unit":"%","size":"100","sizes":[]},"motion_fx_motion_fx_scrolling":"yes","motion_fx_translateY_effect":"yes","motion_fx_translateY_speed":{"unit":"px","size":"2","sizes":[]},"motion_fx_devices":["desktop"]},"elements":[],"widgetType":"image"}],"isInner":""}],"isInner":""}],"page_settings":[]}