{"content":[{"id":"63538d3d","elType":"section","settings":{"height":"min-height","custom_height":{"unit":"vh","size":"94","sizes":[]},"content_width":{"unit":"px","size":"1400","sizes":[]},"background_background":"classic","background_color":"#FFF7F1","background_image":{"id":"14724","url":"https:\/\/library.elementor.com\/wp-content\/uploads\/2020\/07\/Hero.png"},"background_position":"center right","background_repeat":"no-repeat","background_size":"cover","column_position":"stretch","_title":"Hero","custom_height_tablet":{"unit":"px","size":"750","sizes":[]},"background_position_tablet":"initial","background_xpos_tablet":{"unit":"px","size":"-357","sizes":[]},"margin_tablet":{"unit":"px","top":"","right":"0","bottom":"","left":"0","isLinked":"1"},"padding_tablet":{"unit":"%","top":"0","right":"5","bottom":"0","left":"5","isLinked":""},"custom_height_mobile":{"unit":"px","size":"780","sizes":[]},"background_position_mobile":"initial","background_xpos_mobile":{"unit":"px","size":"-500","sizes":[]},"margin_mobile":{"unit":"px","top":"0","right":"0","bottom":"0","left":"0","isLinked":"1"},"_timestamp_":"v1WjRwWEVHZkY3VVJWVEwzdFhhT0JXdz09"},"elements":[{"id":"83f813e","elType":"column","settings":{"_column_size":"100","space_between_widgets":"15","padding":{"unit":"%","top":"0","right":"60","bottom":"0","left":"0","isLinked":""},"content_position":"center","border_border":"solid","border_width":{"unit":"px","top":"0","right":"1","bottom":"0","left":"1","isLinked":""},"border_color":"rgba(1, 22, 64, 0.05)","padding_tablet":{"unit":"%","top":"0","right":"015","bottom":"0","left":"15","isLinked":""},"padding_mobile":{"unit":"%","top":"0","right":"5","bottom":"5","left":"5","isLinked":""}},"elements":[{"id":"75f0c7ae","elType":"widget","settings":{"title":"Luxury Real Estate","title_color":"#848484","typography_typography":"custom","typography_font_family":"Montserrat","typography_font_size":{"unit":"px","size":"15","sizes":[]},"typography_font_weight":"400","typography_text_transform":"capitalize","header_size":"h3","align_tablet":"center"},"elements":[],"widgetType":"heading"},{"id":"9dcde8f","elType":"widget","settings":{"title":"IT'S TIME TO FIND YOUR LUXURY HOME\n","title_color":"#011640","typography_typography":"custom","typography_font_family":"Montserrat","typography_font_size":{"unit":"px","size":"70","sizes":[]},"typography_font_weight":"300","typography_text_transform":"uppercase","header_size":"h1","align_tablet":"center","typography_font_size_tablet":{"unit":"px","size":"55","sizes":[]},"typography_font_size_mobile":{"unit":"px","size":"35","sizes":[]}},"elements":[],"widgetType":"heading"},{"id":"291354ff","elType":"widget","settings":{"editor":"<p>Lorem ipsum dolor sit amet, consectetur adipiscing elit, sed do eiusmod tempor incid alor the old familer olfre idunt ut labore ellt.<\/p>","align":"left","text_color":"#848484","typography_typography":"custom","typography_font_family":"Montserrat","typography_font_size":{"unit":"px","size":"16","sizes":[]},"typography_font_weight":"300","typography_line_height":{"unit":"em","size":"1.8","sizes":[]},"_padding":{"unit":"px","top":"0","right":"0","bottom":"10","left":"0","isLinked":""},"align_tablet":"center","_padding_tablet":{"unit":"px","top":"0","right":"0","bottom":"0","left":"0","isLinked":"1"}},"elements":[],"widgetType":"text-editor"},{"id":"4fdec5c","elType":"widget","settings":{"text":"Explore Our Properties","align":"left","icon_indent":{"unit":"px","size":"10","sizes":[]},"typography_typography":"custom","typography_font_family":"Montserrat","typography_font_size":{"unit":"px","size":"16","sizes":[]},"typography_font_weight":"400","button_text_color":"#011640","background_color":"#FFD6D6","hover_color":"#FFD6D6","button_background_hover_color":"#011640","border_radius":{"unit":"px","top":"0","right":"0","bottom":"0","left":"0","isLinked":"1"},"text_padding":{"unit":"px","top":"15","right":"30","bottom":"15","left":"26","isLinked":""},"typography_text_transform":"capitalize","align_tablet":"center"},"elements":[],"widgetType":"button"}],"isInner":""}],"isInner":""},{"id":"5d74fb77","elType":"section","settings":{"height":"min-height","custom_height":{"unit":"px","size":"180","sizes":[]},"background_background":"classic","margin":{"unit":"px","top":"-115","right":"0","bottom":"0","left":"0","isLinked":""},"_title":"Intro","content_width":{"unit":"px","size":"1400","sizes":[]},"overflow":"hidden","padding_tablet":{"unit":"%","top":"0","right":"5","bottom":"0","left":"5","isLinked":""},"_timestamp_":"v1WjRwWEVHZkY3VVJWVEwzdFhhT0JXdz09"},"elements":[{"id":"46bda6d5","elType":"column","settings":{"_column_size":"100","padding":{"unit":"px","top":"0","right":"0","bottom":"0","left":"0","isLinked":"1"}},"elements":[{"id":"7459d48a","elType":"section","settings":{"content_width":{"unit":"px","size":"1400","sizes":[]},"height_inner":"min-height","custom_height_inner":{"unit":"px","size":"180","sizes":[]},"structure":"20","background_background":"classic","background_color":"#011640","margin":{"unit":"px","top":"0","right":"0","bottom":"0","left":"0","isLinked":"1"},"custom_height_inner_mobile":{"unit":"px","size":"400","sizes":[]}},"elements":[{"id":"3359a534","elType":"column","settings":{"_column_size":"50","content_position":"center","padding":{"unit":"%","top":"0","right":"20","bottom":"0","left":"15","isLinked":""},"padding_tablet":{"unit":"%","top":"0","right":"5","bottom":"0","left":"5","isLinked":""}},"elements":[{"id":"d9e95a8","elType":"widget","settings":{"title":"Let's Go On A Journey And Find Your Dream Home\n","title_color":"#FFFFFF","typography_typography":"custom","typography_font_family":"Montserrat","typography_font_size":{"unit":"px","size":"30","sizes":[]},"typography_font_weight":"300","typography_text_transform":"capitalize","typography_line_height":{"unit":"em","size":"1.4","sizes":[]},"typography_font_size_tablet":{"unit":"px","size":"22","sizes":[]},"align_mobile":"center","typography_font_size_mobile":{"unit":"px","size":"25","sizes":[]}},"elements":[],"widgetType":"heading"}],"isInner":"1"},{"id":"2503d0fe","elType":"column","settings":{"_column_size":"50","content_position":"center","padding":{"unit":"%","top":"0","right":"20","bottom":"0","left":"5","isLinked":""},"padding_tablet":{"unit":"%","top":"0","right":"5","bottom":"0","left":"5","isLinked":""},"content_position_mobile":"top","padding_mobile":{"unit":"%","top":"","right":"","bottom":"","left":"","isLinked":"1"}},"elements":[{"id":"befc5b7","elType":"widget","settings":{"editor":"Lorem ipsum dolor sit amet, cons ectetur adip cing ellit, selad do eiusmod tempor tolos dolor the old she roltoy incid idunt labore ellt dolore magna the alora aliqua.","align":"left","text_color":"#FFFFFF","typography_typography":"custom","typography_font_family":"Montserrat","typography_font_size":{"unit":"px","size":"16","sizes":[]},"typography_font_weight":"200","typography_line_height":{"unit":"em","size":"1.8","sizes":[]},"typography_font_size_tablet":{"unit":"px","size":"15","sizes":[]},"align_mobile":"center"},"elements":[],"widgetType":"text-editor"}],"isInner":"1"}],"isInner":"1"},{"id":"438a0a1c","elType":"widget","settings":{"selected_icon":{"value":"fas fa-square-full","library":"fa-solid"},"primary_color":"#FFD6D6","size":{"unit":"px","size":"115","sizes":[]},"_element_width":"auto","_element_custom_width":{"unit":"px","size":"90","sizes":[]},"_position":"absolute","_offset_orientation_h":"end","_offset_x":{"unit":"px","size":"-41","sizes":[]},"_offset_x_end":{"size":"-115","unit":"px"},"_offset_orientation_v":"end","_offset_y":{"unit":"px","size":"429","sizes":[]},"_offset_y_end":{"size":"59","unit":"px"},"size_tablet":{"unit":"px","size":"75","sizes":[]},"_offset_x_end_tablet":{"size":"0.125","unit":"px"},"_offset_y_end_tablet":{"size":"174","unit":"px"},"_offset_x_end_mobile":{"size":"0","unit":"px"},"_offset_y_end_mobile":{"size":"-6","unit":"px"}},"elements":[],"widgetType":"icon"}],"isInner":""}],"isInner":""},{"id":"18d9d1c9","elType":"section","settings":{"content_width":{"unit":"px","size":"1400","sizes":[]},"margin":{"unit":"%","top":"","right":"0","bottom":"","left":"0","isLinked":"1"},"padding":{"unit":"%","top":"","right":"","bottom":"","left":"","isLinked":"1"},"_title":"Featured Properties\u200b","padding_tablet":{"unit":"%","top":"0","right":"5","bottom":"0","left":"5","isLinked":""},"_timestamp_":"v1WjRwWEVHZkY3VVJWVEwzdFhhT0JXdz09"},"elements":[{"id":"6e6e395b","elType":"column","settings":{"_column_size":"100","border_border":"solid","border_width":{"unit":"px","top":"0","right":"1","bottom":"0","left":"1","isLinked":""},"border_color":"rgba(1, 22, 64, 0.05)","padding":{"unit":"px","top":"0","right":"0","bottom":"0","left":"0","isLinked":"1"}},"elements":[{"id":"1fe6f304","elType":"widget","settings":{"selected_icon":{"value":{"id":"14725","url":"https:\/\/library.elementor.com\/wp-content\/uploads\/2020\/07\/Shape.svg"},"library":"svg"},"primary_color":"rgba(1, 22, 64, 0.05)","rotate":{"unit":"deg","size":"","sizes":[]},"_element_width":"auto","_position":"absolute","_offset_y":{"unit":"px","size":"160","sizes":[]},"_offset_x_tablet":{"size":"0","unit":"px"},"_offset_y_tablet":{"size":"248","unit":"px"},"_offset_x_mobile":{"size":"0","unit":"px"},"_offset_y_mobile":{"size":"337","unit":"px"}},"elements":[],"widgetType":"icon"},{"id":"561724e2","elType":"section","settings":{"content_width":{"unit":"px","size":"600","sizes":[]},"margin":{"unit":"px","top":"0","right":"0","bottom":"80","left":"0","isLinked":""},"padding":{"unit":"%","top":"10","right":"0","bottom":"0","left":"0","isLinked":""},"margin_mobile":{"unit":"%","top":"","right":"0","bottom":"","left":"0","isLinked":"1"},"padding_mobile":{"unit":"%","top":"30","right":"0","bottom":"0","left":"0","isLinked":""}},"elements":[{"id":"7394efd3","elType":"column","settings":{"_column_size":"100","space_between_widgets":"0"},"elements":[{"id":"4855aafb","elType":"widget","settings":{"title":"Luxury At Its Best","title_color":"#848484","typography_typography":"custom","typography_font_family":"Montserrat","typography_font_size":{"unit":"px","size":"15","sizes":[]},"typography_font_weight":"400","typography_text_transform":"capitalize","align":"center","header_size":"h3"},"elements":[],"widgetType":"heading"},{"id":"7916a051","elType":"widget","settings":{"title":"Featured Properties","title_color":"#011640","typography_typography":"custom","typography_font_family":"Montserrat","typography_font_size":{"unit":"px","size":"30","sizes":[]},"typography_font_weight":"300","typography_text_transform":"capitalize","align":"center","typography_line_height":{"unit":"em","size":"1.2","sizes":[]},"typography_font_size_mobile":{"unit":"px","size":"25","sizes":[]}},"elements":[],"widgetType":"heading"},{"id":"2d5d64e4","elType":"widget","settings":{"editor":"Lorem ipsum dolor sit amet, consectetur adipiscing elit, sed do eiusmod tempor incid idunt ut labore ellt dolore magna the alora aliqua alora the tolda on  fouter.","align":"center","text_color":"#848484","typography_typography":"custom","typography_font_family":"Montserrat","typography_font_size":{"unit":"px","size":"16","sizes":[]},"typography_font_weight":"200","typography_line_height":{"unit":"em","size":"1.8","sizes":[]},"_padding":{"unit":"px","top":"30","right":"0","bottom":"0","left":"0","isLinked":""}},"elements":[],"widgetType":"text-editor"}],"isInner":"1"}],"isInner":"1"},{"id":"5c6c422","elType":"widget","settings":{"classic_meta_separator":"\/\/\/","classic_read_more_text":"Property Details","cards_meta_separator":"","cards_read_more_text":"Read More \u00bb","full_content_meta_separator":"\/\/\/","pagination_page_limit":"5","pagination_prev_label":"&laquo; Previous","pagination_next_label":"Next &raquo;","classic_columns":"2","classic_posts_per_page":"4","classic_thumbnail_size_size":"full","classic_item_ratio":{"unit":"px","size":"0.77","sizes":[]},"classic_meta_data":[],"cards_columns":"2","cards_posts_per_page":"4","cards_thumbnail_size_size":"full","cards_item_ratio":{"unit":"px","size":"0.77","sizes":[]},"cards_meta_data":[],"cards_show_read_more":"","cards_show_badge":"","cards_show_avatar":"","classic_column_gap":{"unit":"px","size":"50","sizes":[]},"classic_row_gap":{"unit":"px","size":"50","sizes":[]},"classic_content_padding":{"unit":"px","top":"0","right":"50","bottom":"0","left":"50","isLinked":""},"classic_box_bg_color":"#FFF7F1","classic_image_spacing":{"unit":"px","size":"30","sizes":[]},"classic_title_color":"#011640","classic_title_typography_typography":"custom","classic_title_typography_font_family":"Montserrat","classic_title_typography_font_size":{"unit":"px","size":"20","sizes":[]},"classic_title_typography_font_weight":"400","classic_title_spacing":{"unit":"px","size":"10","sizes":[]},"classic_excerpt_color":"#848484","classic_excerpt_typography_typography":"custom","classic_excerpt_typography_font_family":"Montserrat","classic_excerpt_typography_font_size":{"unit":"px","size":"18","sizes":[]},"classic_excerpt_typography_font_weight":"300","classic_excerpt_spacing":{"unit":"px","size":"25","sizes":[]},"cards_card_bg_color":"#FFF7F1","cards_box_shadow_box_shadow_type":"","posts_include":[],"posts_include_term_ids":["5"],"classic_show_excerpt":"","classic_read_more_color":"#848484","classic_read_more_typography_typography":"custom","classic_read_more_typography_font_family":"Montserrat","classic_read_more_typography_font_size":{"unit":"px","size":"18","sizes":[]},"classic_read_more_typography_font_weight":"300","classic_read_more_spacing":{"unit":"px","size":"30","sizes":[]},"classic_title_typography_text_transform":"capitalize","classic_title_typography_font_size_tablet":{"unit":"px","size":"18","sizes":[]},"classic_title_typography_line_height_tablet":{"unit":"em","size":"1.4","sizes":[]},"classic_thumbnail_filters_brightness":{"unit":"px","size":"0","sizes":[]},"classic_box_shadow_hover_box_shadow_type":"yes","classic_box_shadow_hover_box_shadow":{"horizontal":"0","vertical":"10","blur":"35","spread":"0","color":"rgba(0, 0, 0, 0.1)"}},"elements":[],"widgetType":"posts"},{"id":"61ff8c75","elType":"widget","settings":{"text":"Explore More","align":"center","icon_indent":{"unit":"px","size":"10","sizes":[]},"typography_typography":"custom","typography_font_family":"Montserrat","typography_font_size":{"unit":"px","size":"16","sizes":[]},"typography_font_weight":"400","button_text_color":"#011640","background_color":"#FFD6D6","hover_color":"#FFD6D6","button_background_hover_color":"#011640","border_radius":{"unit":"px","top":"0","right":"0","bottom":"0","left":"0","isLinked":"1"},"text_padding":{"unit":"px","top":"15","right":"30","bottom":"15","left":"26","isLinked":""},"_margin":{"unit":"px","top":"60","right":"0","bottom":"0","left":"0","isLinked":""},"typography_text_transform":"capitalize","_margin_mobile":{"unit":"px","top":"20","right":"0","bottom":"0","left":"0","isLinked":""}},"elements":[],"widgetType":"button"}],"isInner":""}],"isInner":""},{"id":"45fa82bd","elType":"section","settings":{"content_width":{"unit":"px","size":"1400","sizes":[]},"custom_height":{"unit":"px","size":"285","sizes":[]},"column_position":"stretch","structure":"20","margin":{"unit":"%","top":"","right":"0","bottom":"","left":"0","isLinked":"1"},"padding":{"unit":"%","top":"","right":"","bottom":"","left":"","isLinked":"1"},"_title":"About Us Title","margin_tablet":{"unit":"px","top":"","right":"0","bottom":"","left":"0","isLinked":"1"},"padding_tablet":{"unit":"%","top":"0","right":"5","bottom":"0","left":"5","isLinked":""},"margin_mobile":{"unit":"px","top":"","right":"0","bottom":"","left":"0","isLinked":"1"},"height":"min-height","_timestamp_":"v1WjRwWEVHZkY3VVJWVEwzdFhhT0JXdz09"},"elements":[{"id":"274d448d","elType":"column","settings":{"_column_size":"50","content_position":"bottom","border_border":"solid","border_width":{"unit":"px","top":"0","right":"0","bottom":"0","left":"1","isLinked":""},"border_color":"rgba(1, 22, 64, 0.05)","padding":{"unit":"%","top":"0","right":"30","bottom":"0","left":"0","isLinked":""},"padding_tablet":{"unit":"%","top":"35","right":"5","bottom":"10","left":"0","isLinked":""},"padding_mobile":{"unit":"%","top":"40","right":"0","bottom":"0","left":"0","isLinked":""},"border_width_mobile":{"unit":"px","top":"0","right":"1","bottom":"0","left":"1","isLinked":""}},"elements":[{"id":"60b9c9c4","elType":"widget","settings":{"title":"Learn Our Story\n","title_color":"#848484","typography_typography":"custom","typography_font_family":"Montserrat","typography_font_size":{"unit":"px","size":"15","sizes":[]},"typography_font_weight":"400","typography_text_transform":"capitalize","align":"left","header_size":"h3","align_mobile":"center"},"elements":[],"widgetType":"heading"},{"id":"a4309f7","elType":"widget","settings":{"title":"A Top Real Estate Agency Leading the Luxury Properties Marketing Throughout the USA","title_color":"#011640","typography_typography":"custom","typography_font_family":"Montserrat","typography_font_size":{"unit":"px","size":"30","sizes":[]},"typography_font_weight":"300","typography_text_transform":"capitalize","align":"left","typography_line_height":{"unit":"em","size":"1.2","sizes":[]},"typography_font_size_tablet":{"unit":"px","size":"25","sizes":[]},"align_mobile":"center","typography_font_size_mobile":{"unit":"px","size":"25","sizes":[]}},"elements":[],"widgetType":"heading"}],"isInner":""},{"id":"3513b69","elType":"column","settings":{"_column_size":"50","content_position":"bottom","border_border":"solid","border_width":{"unit":"px","top":"0","right":"1","bottom":"0","left":"0","isLinked":""},"border_color":"rgba(1, 22, 64, 0.05)","padding":{"unit":"%","top":"0","right":"0","bottom":"0","left":"0","isLinked":""},"padding_tablet":{"unit":"%","top":"35","right":"0","bottom":"0","left":"5","isLinked":""},"padding_mobile":{"unit":"%","top":"10","right":"0","bottom":"0","left":"0","isLinked":""},"border_width_mobile":{"unit":"px","top":"0","right":"1","bottom":"0","left":"1","isLinked":""}},"elements":[{"id":"352cc285","elType":"widget","settings":{"editor":"Lorem ipsum dolor sit amet, consectetur adipiscing elit, sed do eiusmod tempor incid idunt ut labore ellt dolore magna the alora aliqua alora the tolda on koltor yoamash dolota trup fouter.","align":"left","text_color":"#848484","typography_typography":"custom","typography_font_family":"Montserrat","typography_font_size":{"unit":"px","size":"16","sizes":[]},"typography_font_weight":"200","typography_line_height":{"unit":"em","size":"1.8","sizes":[]},"align_mobile":"center"},"elements":[],"widgetType":"text-editor"},{"id":"5009bb0f","elType":"widget","settings":{"selected_icon":{"value":{"id":"14725","url":"https:\/\/library.elementor.com\/wp-content\/uploads\/2020\/07\/Shape.svg"},"library":"svg"},"primary_color":"rgba(1, 22, 64, 0.05)","rotate":{"unit":"deg","size":"","sizes":[]},"_element_width":"auto","_position":"absolute","_offset_x":{"size":"700","unit":"px"},"_offset_y":{"size":"-30","unit":"px"},"_offset_x_tablet":{"size":"278","unit":"px"},"_offset_y_tablet":{"size":"-120","unit":"px"},"_offset_x_mobile":{"size":"273","unit":"px"},"_offset_y_mobile":{"size":"-252","unit":"px"}},"elements":[],"widgetType":"icon"},{"id":"54c6c3e2","elType":"widget","settings":{"text":"About Us","selected_icon":{"value":{"id":"14726","url":"https:\/\/library.elementor.com\/wp-content\/uploads\/2020\/07\/arrow-icon-size3.svg"},"library":"svg"},"icon_align":"right","icon_indent":{"unit":"px","size":"10","sizes":[]},"typography_typography":"custom","typography_font_family":"Montserrat","typography_font_size":{"unit":"px","size":"16","sizes":[]},"typography_font_weight":"400","typography_text_decoration":"underline","button_text_color":"#011640","background_color":"rgba(255, 255, 255, 0)","text_padding":{"unit":"px","top":"0","right":"0","bottom":"0","left":"0","isLinked":"1"},"align":"left","hover_color":"#011640","hover_animation":"sink","typography_text_transform":"capitalize","align_mobile":"center"},"elements":[],"widgetType":"button"}],"isInner":""}],"isInner":""},{"id":"44587c95","elType":"section","settings":{"content_width":{"unit":"px","size":"1400","sizes":[]},"z_index":"5","_title":"About Us - 3 headlines","padding_tablet":{"unit":"%","top":"0","right":"5","bottom":"0","left":"5","isLinked":""},"_timestamp_":"v1WjRwWEVHZkY3VVJWVEwzdFhhT0JXdz09"},"elements":[{"id":"5f31ed79","elType":"column","settings":{"_column_size":"100","border_border":"solid","border_width":{"unit":"px","top":"0","right":"1","bottom":"0","left":"1","isLinked":""},"border_color":"rgba(1, 22, 64, 0.05)","padding":{"unit":"%","top":"7","right":"0","bottom":"0","left":"0","isLinked":""}},"elements":[{"id":"e969d6d","elType":"section","settings":{"content_width":{"unit":"px","size":"1400","sizes":[]},"structure":"30","margin":{"unit":"px","top":"0","right":"0","bottom":"0","left":"0","isLinked":"1"},"margin_mobile":{"unit":"%","top":"15","right":"0","bottom":"0","left":"0","isLinked":""}},"elements":[{"id":"4af86f19","elType":"column","settings":{"_column_size":"33","background_background":"classic","background_color":"#FFFFFF","border_width":{"unit":"px","top":"0","right":"0","bottom":"0","left":"0","isLinked":""},"box_shadow_box_shadow_type":"yes","box_shadow_box_shadow":{"horizontal":"0","vertical":"0","blur":"10","spread":"0","color":"rgba(0, 0, 0, 0.05)"},"margin":{"unit":"px","top":"0","right":"20","bottom":"0","left":"0","isLinked":""},"padding":{"unit":"px","top":"100","right":"50","bottom":"100","left":"50","isLinked":""},"box_shadow_hover_box_shadow_type":"yes","box_shadow_hover_box_shadow":{"horizontal":"0","vertical":"0","blur":"50","spread":"0","color":"rgba(0, 0, 0, 0.1)"},"border_hover_transition":{"unit":"px","size":"0.5","sizes":[]},"_inline_size_tablet":"100","margin_tablet":{"unit":"px","top":"0","right":"0","bottom":"0","left":"0","isLinked":"1"},"padding_tablet":{"unit":"%","top":"5","right":"5","bottom":"5","left":"5","isLinked":"1"},"padding_mobile":{"unit":"%","top":"10","right":"10","bottom":"10","left":"10","isLinked":"1"}},"elements":[{"id":"5ea3a271","elType":"widget","settings":{"title":"A Family agency since 1982","title_color":"#011640","typography_typography":"custom","typography_font_family":"Montserrat","typography_font_size":{"unit":"px","size":"18","sizes":[]},"typography_font_weight":"400","typography_text_transform":"capitalize","align":"center","typography_line_height":{"unit":"em","size":"1.2","sizes":[]},"header_size":"h3","align_tablet":"left","align_mobile":"center"},"elements":[],"widgetType":"heading"},{"id":"2c649068","elType":"widget","settings":{"editor":"Lorem ipsum dolor sit amet, consectetur adipiscing elit, sed do eiusmod tempor incid idunt ut labore ellt dolore magna the alora aliqua alora the tolda on koltor yoamash dolota trup fouter.","align":"center","text_color":"#848484","typography_typography":"custom","typography_font_family":"Montserrat","typography_font_size":{"unit":"px","size":"16","sizes":[]},"typography_font_weight":"200","typography_line_height":{"unit":"em","size":"1.8","sizes":[]},"align_tablet":"left","align_mobile":"center"},"elements":[],"widgetType":"text-editor"}],"isInner":"1"},{"id":"589704c1","elType":"column","settings":{"_column_size":"33","background_background":"classic","background_color":"#FFFFFF","border_width":{"unit":"px","top":"0","right":"0","bottom":"0","left":"0","isLinked":""},"box_shadow_box_shadow_type":"yes","box_shadow_box_shadow":{"horizontal":"0","vertical":"0","blur":"10","spread":"0","color":"rgba(0, 0, 0, 0.05)"},"margin":{"unit":"px","top":"0","right":"10","bottom":"0","left":"10","isLinked":""},"padding":{"unit":"px","top":"100","right":"50","bottom":"100","left":"50","isLinked":""},"box_shadow_hover_box_shadow_type":"yes","box_shadow_hover_box_shadow":{"horizontal":"0","vertical":"0","blur":"50","spread":"0","color":"rgba(0, 0, 0, 0.1)"},"border_hover_transition":{"unit":"px","size":"0.5","sizes":[]},"_inline_size_tablet":"100","margin_tablet":{"unit":"%","top":"5","right":"0","bottom":"5","left":"0","isLinked":""},"padding_tablet":{"unit":"%","top":"5","right":"5","bottom":"5","left":"5","isLinked":"1"},"padding_mobile":{"unit":"%","top":"10","right":"10","bottom":"10","left":"10","isLinked":"1"}},"elements":[{"id":"66e323af","elType":"widget","settings":{"title":"The future of real estate","title_color":"#011640","typography_typography":"custom","typography_font_family":"Montserrat","typography_font_size":{"unit":"px","size":"18","sizes":[]},"typography_font_weight":"400","typography_text_transform":"capitalize","align":"center","typography_line_height":{"unit":"em","size":"1.2","sizes":[]},"header_size":"h3","align_tablet":"left","align_mobile":"center"},"elements":[],"widgetType":"heading"},{"id":"fb81da5","elType":"widget","settings":{"editor":"Lorem ipsum dolor sit amet, consectetur adipiscing elit, sed do eiusmod tempor incid idunt ut labore ellt dolore magna the alora aliqua alora the tolda on koltor yoamash dolota trup fouter.","align":"center","text_color":"#848484","typography_typography":"custom","typography_font_family":"Montserrat","typography_font_size":{"unit":"px","size":"16","sizes":[]},"typography_font_weight":"200","typography_line_height":{"unit":"em","size":"1.8","sizes":[]},"align_tablet":"left","align_mobile":"center"},"elements":[],"widgetType":"text-editor"}],"isInner":"1"},{"id":"7d9ad5c0","elType":"column","settings":{"_column_size":"33","background_background":"classic","background_color":"#FFFFFF","border_width":{"unit":"px","top":"0","right":"0","bottom":"0","left":"0","isLinked":""},"box_shadow_box_shadow_type":"yes","box_shadow_box_shadow":{"horizontal":"0","vertical":"0","blur":"10","spread":"0","color":"rgba(0, 0, 0, 0.05)"},"margin":{"unit":"px","top":"0","right":"0","bottom":"0","left":"20","isLinked":""},"padding":{"unit":"px","top":"100","right":"50","bottom":"100","left":"50","isLinked":""},"box_shadow_hover_box_shadow_type":"yes","box_shadow_hover_box_shadow":{"horizontal":"0","vertical":"0","blur":"50","spread":"0","color":"rgba(0, 0, 0, 0.1)"},"border_hover_transition":{"unit":"px","size":"0.5","sizes":[]},"_inline_size_tablet":"100","margin_tablet":{"unit":"px","top":"0","right":"0","bottom":"0","left":"0","isLinked":"1"},"padding_tablet":{"unit":"%","top":"5","right":"5","bottom":"5","left":"5","isLinked":"1"},"padding_mobile":{"unit":"%","top":"10","right":"10","bottom":"10","left":"10","isLinked":"1"}},"elements":[{"id":"1a3cc8e3","elType":"widget","settings":{"title":"loyalty as a core value","title_color":"#011640","typography_typography":"custom","typography_font_family":"Montserrat","typography_font_size":{"unit":"px","size":"18","sizes":[]},"typography_font_weight":"400","typography_text_transform":"capitalize","align":"center","typography_line_height":{"unit":"em","size":"1.2","sizes":[]},"header_size":"h3","align_tablet":"left","align_mobile":"center"},"elements":[],"widgetType":"heading"},{"id":"1ba7e35c","elType":"widget","settings":{"editor":"Lorem ipsum dolor sit amet, consectetur adipiscing elit, sed do eiusmod tempor incid idunt ut labore ellt dolore magna the alora aliqua alora the tolda on koltor yoamash dolota trup fouter.","align":"center","text_color":"#848484","typography_typography":"custom","typography_font_family":"Montserrat","typography_font_size":{"unit":"px","size":"16","sizes":[]},"typography_font_weight":"200","typography_line_height":{"unit":"em","size":"1.8","sizes":[]},"align_tablet":"left","align_mobile":"center"},"elements":[],"widgetType":"text-editor"}],"isInner":"1"}],"isInner":"1"}],"isInner":""}],"isInner":""},{"id":"29a79773","elType":"section","settings":{"content_width":{"unit":"px","size":"1400","sizes":[]},"background_background":"classic","background_color":"#011640","margin":{"unit":"px","top":"-200","right":"0","bottom":"20","left":"0","isLinked":""},"padding":{"unit":"px","top":"0","right":"0","bottom":"0","left":"0","isLinked":""},"_title":"Icons","overflow":"hidden","margin_tablet":{"unit":"%","top":"-75","right":"0","bottom":"0","left":"0","isLinked":""},"padding_tablet":{"unit":"%","top":"50","right":"5","bottom":"0","left":"5","isLinked":""},"margin_mobile":{"unit":"%","top":"-220","right":"0","bottom":"0","left":"0","isLinked":""},"_timestamp_":"v1WjRwWEVHZkY3VVJWVEwzdFhhT0JXdz09"},"elements":[{"id":"6242a3d8","elType":"column","settings":{"_column_size":"100","border_border":"solid","border_width":{"unit":"px","top":"0","right":"1","bottom":"0","left":"1","isLinked":""},"border_color":"rgba(255, 255, 255, 0.1)","padding":{"unit":"px","top":"0","right":"0","bottom":"0","left":"0","isLinked":"1"}},"elements":[{"id":"6c0b98e4","elType":"widget","settings":{"selected_icon":{"value":"fas fa-square-full","library":"fa-solid"},"primary_color":"#FFD6D6","size":{"unit":"px","size":"109","sizes":[]},"_element_width":"auto","_element_custom_width":{"unit":"px","size":"90","sizes":[]},"_position":"absolute","_offset_orientation_h":"end","_offset_x":{"unit":"px","size":"-41","sizes":[]},"_offset_x_end":{"size":"-110","unit":"px"},"_offset_orientation_v":"end","_offset_y":{"unit":"px","size":"429","sizes":[]},"_offset_y_end":{"size":"-7","unit":"px"},"_offset_x_end_tablet":{"size":"-1.5","unit":"px"},"_offset_y_end_tablet":{"size":"223","unit":"px"},"size_mobile":{"unit":"px","size":"85","sizes":[]},"_offset_x_end_mobile":{"size":"0","unit":"px"},"_offset_y_end_mobile":{"size":"222","unit":"px"}},"elements":[],"widgetType":"icon"},{"id":"323d0984","elType":"section","settings":{"content_width":{"unit":"px","size":"1400","sizes":[]},"structure":"20","margin":{"unit":"px","top":"350","right":"0","bottom":"0","left":"0","isLinked":""},"padding":{"unit":"px","top":"0","right":"0","bottom":"400","left":"0","isLinked":""},"margin_tablet":{"unit":"%","top":"40","right":"0","bottom":"0","left":"0","isLinked":""},"margin_mobile":{"unit":"px","top":"650","right":"0","bottom":"0","left":"0","isLinked":""}},"elements":[{"id":"65223936","elType":"column","settings":{"_column_size":"50","space_between_widgets":"100","padding":{"unit":"%","top":"0","right":"20","bottom":"0","left":"0","isLinked":""},"padding_tablet":{"unit":"%","top":"0","right":"10","bottom":"0","left":"0","isLinked":""},"space_between_widgets_mobile":"50","padding_mobile":{"unit":"%","top":"5","right":"10","bottom":"5","left":"10","isLinked":""}},"elements":[{"id":"7f18e07d","elType":"widget","settings":{"selected_icon":{"value":{"id":"14727","url":"https:\/\/library.elementor.com\/wp-content\/uploads\/2020\/07\/case.svg"},"library":"svg"},"title_text":"We Believe In Hard Working Professionalism","description_text":"Lorem ipsum dolor sit amet, consectetur adipiscing elit, sed do eiusmod tempor incid idunt ut labore ellt dolore magna the alora the tolda on  tolda voubal fouter.","primary_color":"#FFFFFF","icon_size":{"unit":"px","size":"50","sizes":[]},"text_align":"left","title_color":"#FFFFFF","title_typography_typography":"custom","title_typography_font_family":"Montserrat","title_typography_font_size":{"unit":"px","size":"18","sizes":[]},"title_typography_font_weight":"300","description_color":"#FFFFFF","description_typography_typography":"custom","description_typography_font_family":"Montserrat","description_typography_font_size":{"unit":"px","size":"15","sizes":[]},"description_typography_font_weight":"100","icon_space":{"unit":"px","size":"20","sizes":[]},"title_bottom_space":{"unit":"px","size":"20","sizes":[]},"title_typography_text_transform":"capitalize","text_align_mobile":"center"},"elements":[],"widgetType":"icon-box"},{"id":"cae2790","elType":"widget","settings":{"selected_icon":{"value":{"id":"14728","url":"https:\/\/library.elementor.com\/wp-content\/uploads\/2020\/07\/Shapes.svg"},"library":"svg"},"title_text":"A Creative and Innovative Agency","description_text":"Lorem ipsum dolor sit amet, consectetur adipiscing elit, sed do eiusmod tempor incid idunt ut labore ellt dolore magna the alora the tolda on  tolda voubal fouter.","primary_color":"#FFFFFF","icon_size":{"unit":"px","size":"50","sizes":[]},"text_align":"left","title_color":"#FFFFFF","title_typography_typography":"custom","title_typography_font_family":"Montserrat","title_typography_font_size":{"unit":"px","size":"18","sizes":[]},"title_typography_font_weight":"300","description_color":"#FFFFFF","description_typography_typography":"custom","description_typography_font_family":"Montserrat","description_typography_font_size":{"unit":"px","size":"15","sizes":[]},"description_typography_font_weight":"100","icon_space":{"unit":"px","size":"20","sizes":[]},"title_bottom_space":{"unit":"px","size":"20","sizes":[]},"title_typography_text_transform":"capitalize","text_align_mobile":"center","_padding_mobile":{"unit":"%","top":"","right":"","bottom":"","left":"","isLinked":"1"}},"elements":[],"widgetType":"icon-box"}],"isInner":"1"},{"id":"3b395e18","elType":"column","settings":{"_column_size":"50","space_between_widgets":"100","padding":{"unit":"%","top":"0","right":"20","bottom":"0","left":"0","isLinked":""},"padding_tablet":{"unit":"%","top":"0","right":"10","bottom":"0","left":"0","isLinked":""},"margin_mobile":{"unit":"px","top":"50","right":"0","bottom":"0","left":"0","isLinked":""},"space_between_widgets_mobile":"50","padding_mobile":{"unit":"%","top":"0","right":"10","bottom":"5","left":"10","isLinked":""}},"elements":[{"id":"2c764561","elType":"widget","settings":{"selected_icon":{"value":{"id":"14729","url":"https:\/\/library.elementor.com\/wp-content\/uploads\/2020\/07\/People.svg"},"library":"svg"},"title_text":"Connecting With The Client is Our Starting Point","description_text":"Lorem ipsum dolor sit amet, consectetur adipiscing elit, sed do eiusmod tempor incid idunt ut labore ellt dolore magna the alora the tolda on  tolda voubal fouter.","primary_color":"#FFFFFF","icon_size":{"unit":"px","size":"50","sizes":[]},"text_align":"left","title_color":"#FFFFFF","title_typography_typography":"custom","title_typography_font_family":"Montserrat","title_typography_font_size":{"unit":"px","size":"18","sizes":[]},"title_typography_font_weight":"300","description_color":"#FFFFFF","description_typography_typography":"custom","description_typography_font_family":"Montserrat","description_typography_font_size":{"unit":"px","size":"15","sizes":[]},"description_typography_font_weight":"100","icon_space":{"unit":"px","size":"20","sizes":[]},"title_bottom_space":{"unit":"px","size":"20","sizes":[]},"title_typography_text_transform":"capitalize","text_align_mobile":"center"},"elements":[],"widgetType":"icon-box"},{"id":"431763","elType":"widget","settings":{"selected_icon":{"value":{"id":"14730","url":"https:\/\/library.elementor.com\/wp-content\/uploads\/2020\/07\/Hand.svg"},"library":"svg"},"title_text":"Trust Us - You're in Good Hands","description_text":"Lorem ipsum dolor sit amet, consectetur adipiscing elit, sed do eiusmod tempor incid idunt ut labore ellt dolore magna the alora the tolda on  tolda voubal fouter.","primary_color":"#FFFFFF","icon_size":{"unit":"px","size":"50","sizes":[]},"text_align":"left","title_color":"#FFFFFF","title_typography_typography":"custom","title_typography_font_family":"Montserrat","title_typography_font_size":{"unit":"px","size":"18","sizes":[]},"title_typography_font_weight":"300","description_color":"#FFFFFF","description_typography_typography":"custom","description_typography_font_family":"Montserrat","description_typography_font_size":{"unit":"px","size":"15","sizes":[]},"description_typography_font_weight":"100","icon_space":{"unit":"px","size":"20","sizes":[]},"title_bottom_space":{"unit":"px","size":"20","sizes":[]},"title_typography_text_transform":"capitalize","text_align_mobile":"center"},"elements":[],"widgetType":"icon-box"}],"isInner":"1"}],"isInner":"1"}],"isInner":""}],"isInner":""},{"id":"472ae3bc","elType":"section","settings":{"content_width":{"unit":"px","size":"1400","sizes":[]},"height":"min-height","custom_height":{"unit":"px","size":"560","sizes":[]},"column_position":"stretch","background_color":"#FFFFFF","box_shadow_box_shadow":{"horizontal":"0","vertical":"15","blur":"35","spread":"0","color":"rgba(0, 0, 0, 0.05)"},"margin":{"unit":"px","top":"-230","right":"0","bottom":"0","left":"0","isLinked":""},"z_index":"5","_title":"CTA","custom_height_tablet":{"unit":"px","size":"400","sizes":[]},"padding_tablet":{"unit":"%","top":"0","right":"5","bottom":"0","left":"5","isLinked":""},"_timestamp_":"v1WjRwWEVHZkY3VVJWVEwzdFhhT0JXdz09"},"elements":[{"id":"3f45c79","elType":"column","settings":{"_column_size":"100","content_position":"center","space_between_widgets":"0","background_background":"classic","background_color":"#FFFFFF","box_shadow_box_shadow_type":"yes","box_shadow_box_shadow":{"horizontal":"0","vertical":"15","blur":"35","spread":"0","color":"rgba(0, 0, 0, 0.05)"},"padding":{"unit":"%","top":"0","right":"33","bottom":"0","left":"33","isLinked":""},"padding_tablet":{"unit":"%","top":"10","right":"10","bottom":"10","left":"10","isLinked":"1"}},"elements":[{"id":"4b16db4d","elType":"widget","settings":{"title":"you are in good hands","title_color":"#848484","typography_typography":"custom","typography_font_family":"Montserrat","typography_font_size":{"unit":"px","size":"15","sizes":[]},"typography_font_weight":"400","typography_text_transform":"capitalize","align":"center","header_size":"h3"},"elements":[],"widgetType":"heading"},{"id":"42fc6d9d","elType":"widget","settings":{"title":"SELL YOUR PROPERTY THROUGH REALET","title_color":"#011640","typography_typography":"custom","typography_font_family":"Montserrat","typography_font_size":{"unit":"px","size":"30","sizes":[]},"typography_font_weight":"300","typography_text_transform":"uppercase","align":"center","typography_line_height":{"unit":"em","size":"1.2","sizes":[]},"_margin":{"unit":"px","top":"10","right":"0","bottom":"30","left":"0","isLinked":""},"typography_font_size_tablet":{"unit":"px","size":"25","sizes":[]},"typography_font_size_mobile":{"unit":"px","size":"25","sizes":[]}},"elements":[],"widgetType":"heading"},{"id":"33eaa16a","elType":"widget","settings":{"text":"Contact Us","align":"center","icon_indent":{"unit":"px","size":"10","sizes":[]},"typography_typography":"custom","typography_font_family":"Montserrat","typography_font_size":{"unit":"px","size":"16","sizes":[]},"typography_font_weight":"400","button_text_color":"#011640","background_color":"#FFD6D6","hover_color":"#FFD6D6","button_background_hover_color":"#011640","border_radius":{"unit":"px","top":"0","right":"0","bottom":"0","left":"0","isLinked":"1"},"text_padding":{"unit":"px","top":"15","right":"40","bottom":"15","left":"40","isLinked":""},"typography_text_transform":"capitalize"},"elements":[],"widgetType":"button"},{"id":"72641fda","elType":"widget","settings":{"title":"Looking To Buy A New Property?","title_color":"#848484","typography_typography":"custom","typography_font_family":"Montserrat","typography_font_size":{"unit":"px","size":"20","sizes":[]},"typography_font_weight":"300","typography_text_transform":"capitalize","align":"center","_margin":{"unit":"px","top":"80","right":"0","bottom":"20","left":"0","isLinked":""},"_padding":{"unit":"%","top":"","right":"","bottom":"","left":"","isLinked":"1"},"header_size":"h3","_margin_tablet":{"unit":"px","top":"50","right":"0","bottom":"20","left":"0","isLinked":""},"typography_font_size_mobile":{"unit":"px","size":"20","sizes":[]},"typography_line_height_mobile":{"unit":"em","size":"1.4","sizes":[]}},"elements":[],"widgetType":"heading"},{"id":"78293022","elType":"widget","settings":{"text":"Explore Properties","align":"center","selected_icon":{"value":{"id":"14726","url":"https:\/\/library.elementor.com\/wp-content\/uploads\/2020\/07\/arrow-icon-size3.svg"},"library":"svg"},"icon_align":"right","icon_indent":{"unit":"px","size":"10","sizes":[]},"typography_typography":"custom","typography_font_family":"Montserrat","typography_font_size":{"unit":"px","size":"16","sizes":[]},"typography_font_weight":"400","typography_text_decoration":"underline","button_text_color":"#011640","background_color":"rgba(255, 255, 255, 0)","text_padding":{"unit":"px","top":"0","right":"0","bottom":"0","left":"0","isLinked":"1"},"hover_color":"#011640","hover_animation":"sink","typography_text_transform":"capitalize"},"elements":[],"widgetType":"button"}],"isInner":""}],"isInner":""},{"id":"6b1928d1","elType":"section","settings":{"content_width":{"unit":"px","size":"1400","sizes":[]},"height":"min-height","column_position":"stretch","_title":"Testimonials","padding_tablet":{"unit":"%","top":"0","right":"5","bottom":"0","left":"5","isLinked":""},"_timestamp_":"v1WjRwWEVHZkY3VVJWVEwzdFhhT0JXdz09"},"elements":[{"id":"533efcf6","elType":"column","settings":{"_column_size":"100","padding":{"unit":"px","top":"200","right":"0","bottom":"0","left":"0","isLinked":""},"border_border":"solid","border_width":{"unit":"px","top":"0","right":"1","bottom":"0","left":"1","isLinked":""},"border_color":"rgba(1, 22, 64, 0.05)","padding_tablet":{"unit":"%","top":"15","right":"0","bottom":"0","left":"0","isLinked":""},"padding_mobile":{"unit":"%","top":"30","right":"0","bottom":"0","left":"0","isLinked":""}},"elements":[{"id":"7b7a6b8b","elType":"widget","settings":{"title":"This Is What We Do\n","title_color":"#848484","typography_typography":"custom","typography_font_family":"Montserrat","typography_font_size":{"unit":"px","size":"15","sizes":[]},"typography_font_weight":"400","typography_text_transform":"capitalize","align":"center","header_size":"h3"},"elements":[],"widgetType":"heading"},{"id":"49eedf36","elType":"widget","settings":{"title":"This Is What They Say","title_color":"#011640","typography_typography":"custom","typography_font_family":"Montserrat","typography_font_size":{"unit":"px","size":"30","sizes":[]},"typography_font_weight":"300","typography_text_transform":"capitalize","align":"center","typography_line_height":{"unit":"em","size":"1.2","sizes":[]},"typography_font_size_mobile":{"unit":"px","size":"25","sizes":[]},"_margin_mobile":{"unit":"%","top":"0","right":"15","bottom":"0","left":"15","isLinked":""}},"elements":[],"widgetType":"heading"},{"id":"6d7e5311","elType":"section","settings":{"content_width":{"unit":"px","size":"1400","sizes":[]},"structure":"20","margin":{"unit":"px","top":"50","right":"0","bottom":"0","left":"0","isLinked":""},"reverse_order_mobile":"reverse-mobile","margin_mobile":{"unit":"px","top":"30","right":"0","bottom":"0","left":"0","isLinked":""}},"elements":[{"id":"27defbf4","elType":"column","settings":{"_column_size":"50","_inline_size":"42","padding":{"unit":"px","top":"0","right":"0","bottom":"0","left":"0","isLinked":"1"},"_inline_size_tablet":"50","background_background":"classic","background_image":{"id":"14731","url":"https:\/\/library.elementor.com\/wp-content\/uploads\/2020\/07\/Testimonial-pic.png"},"background_position":"center center","background_repeat":"no-repeat","background_size":"cover"},"elements":[{"id":"25ce862e","elType":"widget","settings":{"space_mobile":{"unit":"px","size":"380","sizes":[]}},"elements":[],"widgetType":"spacer"}],"isInner":"1"},{"id":"37971999","elType":"column","settings":{"_column_size":"50","_inline_size":"58","content_position":"bottom","space_between_widgets":"0","padding":{"unit":"px","top":"0","right":"0","bottom":"0","left":"0","isLinked":"1"},"_inline_size_tablet":"50","align_mobile":"flex-end"},"elements":[{"id":"14e74e4f","elType":"widget","settings":{"slides":[{"content":"Realet is the best luxury real estate agency you will find them. I trust them, and so should you.\"","name":"Mark Mcmanus","title":"Manhattan, NY","image":{"id":"14732","url":"https:\/\/library.elementor.com\/wp-content\/uploads\/2020\/07\/Testimonial-pic-1.png"},"_id":"fd73939"},{"content":"\u201cFinding my next luxury home was an amazing experience with the talented people of Realet agency\u201d","name":"Mikayla Macgregor","title":"San Francisco","image":{"id":"14733","url":"https:\/\/library.elementor.com\/wp-content\/uploads\/2020\/07\/Testimonial-3.png"},"_id":"7001197"},{"content":"\u201cI trusted them and they trusted me. It was an easy decision to give Realet the ownership of finding my next home, and Yes, It was a success.\u201d","name":"Rick Sampson","title":"New York, USA","image":{"id":"14734","url":"https:\/\/library.elementor.com\/wp-content\/uploads\/2020\/07\/Testimonial-2.png"},"_id":"5fd4c9a"}],"layout":"image_stacked","slides_per_view":"1","slides_to_scroll":"1","width":{"unit":"%","size":"75","sizes":[]},"slide_padding":{"unit":"px","top":"90","right":"0","bottom":"50","left":"0","isLinked":""},"content_gap":{"unit":"px","size":"50","sizes":[]},"content_color":"#011640","content_typography_typography":"custom","content_typography_font_family":"Montserrat","content_typography_font_size":{"unit":"px","size":"25","sizes":[]},"content_typography_font_weight":"300","content_typography_font_style":"normal","name_color":"#011640","name_typography_typography":"custom","name_typography_font_family":"Montserrat","name_typography_font_size":{"unit":"px","size":"16","sizes":[]},"name_typography_font_weight":"300","title_color":"#848484","title_typography_typography":"custom","title_typography_font_family":"Montserrat","title_typography_font_size":{"unit":"px","size":"15","sizes":[]},"title_typography_font_weight":"200","image_size":{"unit":"px","size":"65","sizes":[]},"image_gap":{"unit":"px","size":"20","sizes":[]},"image_border_radius":{"unit":"px","size":"0","sizes":[]},"pagination_size":{"unit":"px","size":"7","sizes":[]},"show_arrows":"","_padding":{"unit":"px","top":"0","right":"0","bottom":"38","left":"0","isLinked":""},"_box_shadow_box_shadow_type":"yes","_box_shadow_box_shadow":{"horizontal":"0","vertical":"10","blur":"30","spread":"0","color":"rgba(0, 0, 0, 0.05)"},"name_typography_text_transform":"capitalize","title_typography_text_transform":"capitalize","content_gap_tablet":{"unit":"px","size":"15","sizes":[]},"content_typography_font_size_tablet":{"unit":"px","size":"20","sizes":[]},"image_gap_tablet":{"unit":"px","size":"15","sizes":[]},"arrows_size":{"unit":"px","size":"0","sizes":[]}},"elements":[],"widgetType":"testimonial-carousel"},{"id":"cb1a9dd","elType":"widget","settings":{"selected_icon":{"value":"fas fa-square-full","library":"fa-solid"},"primary_color":"#FFD6D6","size":{"unit":"px","size":"115","sizes":[]},"_element_custom_width":{"unit":"px","size":"90","sizes":[]},"_margin":{"unit":"px","top":"0","right":"0","bottom":"-6","left":"0","isLinked":""},"_offset_orientation_h":"end","_offset_x":{"unit":"px","size":"-41","sizes":[]},"_offset_x_end":{"size":"613","unit":"px"},"_offset_orientation_v":"end","_offset_y":{"unit":"px","size":"429","sizes":[]},"_offset_y_end":{"size":"224","unit":"px"},"size_tablet":{"unit":"px","size":"75","sizes":[]},"align":"left","align_mobile":"right","_offset_x_end_mobile":{"unit":"px","size":"0","sizes":[]},"_offset_y_end_mobile":{"unit":"px","size":"0","sizes":[]}},"elements":[],"widgetType":"icon"}],"isInner":"1"}],"isInner":"1"},{"id":"26ee72c1","elType":"widget","settings":{"selected_icon":{"value":{"id":"14725","url":"https:\/\/library.elementor.com\/wp-content\/uploads\/2020\/07\/Shape.svg"},"library":"svg"},"primary_color":"rgba(1, 22, 64, 0.05)","rotate":{"unit":"deg","size":"90","sizes":[]},"_element_width":"auto","_position":"absolute","_offset_x":{"size":"0","unit":"px"},"_offset_y":{"size":"-198","unit":"px"},"_offset_y_end":{"size":"787.672","unit":"px"}},"elements":[],"widgetType":"icon"}],"isInner":""}],"isInner":""},{"id":"103d19d1","elType":"section","settings":{"content_width":{"unit":"px","size":"1400","sizes":[]},"_title":"News","padding_tablet":{"unit":"%","top":"0","right":"5","bottom":"0","left":"5","isLinked":""},"_timestamp_":"v1WjRwWEVHZkY3VVJWVEwzdFhhT0JXdz09"},"elements":[{"id":"41ec4061","elType":"column","settings":{"_column_size":"100","padding":{"unit":"px","top":"300","right":"0","bottom":"200","left":"0","isLinked":""},"border_border":"solid","border_width":{"unit":"px","top":"0","right":"1","bottom":"0","left":"1","isLinked":""},"border_color":"rgba(1, 22, 64, 0.05)","padding_tablet":{"unit":"px","top":"0","right":"0","bottom":"0","left":"0","isLinked":"1"}},"elements":[{"id":"5e00104d","elType":"section","settings":{"content_width":{"unit":"px","size":"1400","sizes":[]},"structure":"20","margin_tablet":{"unit":"%","top":"15","right":"0","bottom":"15","left":"0","isLinked":""},"margin_mobile":{"unit":"%","top":"30","right":"0","bottom":"30","left":"0","isLinked":""}},"elements":[{"id":"3189caec","elType":"column","settings":{"_column_size":"50","_inline_size":"35","space_between_widgets":"10","content_position":"center","padding":{"unit":"%","top":"0","right":"20","bottom":"0","left":"0","isLinked":""},"_inline_size_tablet":"100","padding_tablet":{"unit":"%","top":"0","right":"20","bottom":"10","left":"20","isLinked":""},"padding_mobile":{"unit":"%","top":"0","right":"10","bottom":"10","left":"10","isLinked":""}},"elements":[{"id":"3585102e","elType":"widget","settings":{"title":"stay connected","title_color":"#848484","typography_typography":"custom","typography_font_family":"Montserrat","typography_font_size":{"unit":"px","size":"15","sizes":[]},"typography_font_weight":"400","typography_text_transform":"capitalize","align":"left","header_size":"h3","align_tablet":"center"},"elements":[],"widgetType":"heading"},{"id":"3270ea6f","elType":"widget","settings":{"title":"News &amp; Updates","title_color":"#011640","typography_typography":"custom","typography_font_family":"Montserrat","typography_font_size":{"unit":"px","size":"30","sizes":[]},"typography_font_weight":"300","typography_text_transform":"capitalize","align":"left","typography_line_height":{"unit":"em","size":"1.2","sizes":[]},"align_tablet":"center","typography_font_size_mobile":{"unit":"px","size":"25","sizes":[]}},"elements":[],"widgetType":"heading"},{"id":"2f71a566","elType":"widget","settings":{"editor":"Lorem ipsum dolor sit amet, conetur adng elitd dllro eiusmod temr inat aroma.","align":"left","text_color":"#848484","typography_typography":"custom","typography_font_family":"Montserrat","typography_font_size":{"unit":"px","size":"16","sizes":[]},"typography_font_weight":"200","typography_line_height":{"unit":"em","size":"1.8","sizes":[]},"_margin":{"unit":"px","top":"20","right":"0","bottom":"50","left":"0","isLinked":""},"align_tablet":"center","_margin_tablet":{"unit":"%","top":"5","right":"0","bottom":"5","left":"0","isLinked":""}},"elements":[],"widgetType":"text-editor"},{"id":"2190a913","elType":"widget","settings":{"text":"More Articles","align":"left","selected_icon":{"value":{"id":"14726","url":"https:\/\/library.elementor.com\/wp-content\/uploads\/2020\/07\/arrow-icon-size3.svg"},"library":"svg"},"icon_align":"right","icon_indent":{"unit":"px","size":"10","sizes":[]},"typography_typography":"custom","typography_font_family":"Montserrat","typography_font_size":{"unit":"px","size":"16","sizes":[]},"typography_font_weight":"400","typography_text_decoration":"underline","button_text_color":"#011640","background_color":"rgba(255, 255, 255, 0)","text_padding":{"unit":"px","top":"0","right":"0","bottom":"0","left":"0","isLinked":"1"},"hover_color":"#011640","hover_animation":"sink","typography_text_transform":"capitalize","align_tablet":"center"},"elements":[],"widgetType":"button"}],"isInner":"1"},{"id":"6b2e249","elType":"column","settings":{"_column_size":"50","_inline_size":"65","padding":{"unit":"%","top":"0","right":"0","bottom":"0","left":"0","isLinked":"1"},"_inline_size_tablet":"100"},"elements":[{"id":"3c1fccf7","elType":"widget","settings":{"classic_meta_separator":"","classic_read_more_text":"Read More \u00bb","cards_meta_separator":"","cards_read_more_text":"Read More \u00bb","full_content_meta_separator":"\/\/\/","posts_include":["terms"],"posts_include_term_ids":["7"],"pagination_page_limit":"5","pagination_prev_label":"&laquo; Previous","pagination_next_label":"Next &raquo;","_skin":"cards","classic_meta_data":["date"],"classic_show_read_more":"","cards_columns":"2","cards_posts_per_page":"2","cards_thumbnail_size_size":"full","cards_item_ratio":{"unit":"px","size":"0.62","sizes":[]},"cards_meta_data":["date"],"cards_show_read_more":"","cards_show_badge":"","cards_show_avatar":"","cards_column_gap":{"unit":"px","size":"50","sizes":[]},"cards_card_padding":{"unit":"px","size":"0","sizes":[]},"cards_box_shadow_box_shadow_type":"","cards_hover_effect":"none","cards_meta_border_color":"#FFFFFF","cards_image_spacing":{"unit":"px","size":"15","sizes":[]},"cards_title_color":"#011640","cards_title_typography_typography":"custom","cards_title_typography_font_family":"Montserrat","cards_title_typography_font_size":{"unit":"px","size":"18","sizes":[]},"cards_title_typography_font_weight":"400","cards_title_typography_text_transform":"uppercase","cards_title_spacing":{"unit":"px","size":"15","sizes":[]},"cards_meta_color":"#011640","cards_meta_typography_typography":"custom","cards_meta_typography_font_family":"Montserrat","cards_meta_typography_font_size":{"unit":"px","size":"15","sizes":[]},"cards_meta_typography_font_weight":"300","cards_excerpt_color":"#848484","cards_excerpt_typography_typography":"custom","cards_excerpt_typography_font_family":"Montserrat","cards_excerpt_typography_font_size":{"unit":"px","size":"16","sizes":[]},"cards_excerpt_typography_font_weight":"300","cards_excerpt_spacing":{"unit":"px","size":"5","sizes":[]},"cards_meta_typography_text_transform":"capitalize","cards_title_typography_font_size_tablet":{"unit":"px","size":"18","sizes":[]},"cards_meta_typography_font_size_tablet":{"unit":"px","size":"14","sizes":[]},"cards_excerpt_typography_font_size_tablet":{"unit":"px","size":"15","sizes":[]}},"elements":[],"widgetType":"posts"}],"isInner":"1"}],"isInner":"1"},{"id":"3c62e45a","elType":"widget","settings":{"selected_icon":{"value":{"id":"14725","url":"https:\/\/library.elementor.com\/wp-content\/uploads\/2020\/07\/Shape.svg"},"library":"svg"},"primary_color":"rgba(1, 22, 64, 0.05)","rotate":{"unit":"deg","size":"180","sizes":[]},"_element_width":"auto","_position":"absolute","_offset_x":{"size":"1400","unit":"px"},"_offset_y":{"size":"-190","unit":"px"},"_offset_y_end":{"size":"570","unit":"px"},"_offset_orientation_h":"end","_offset_x_end":{"size":"-50","unit":"px"},"_offset_orientation_v":"end","_offset_x_end_tablet":{"size":"0","unit":"px"},"_offset_y_end_tablet":{"size":"745","unit":"px"},"_offset_x_end_mobile":{"size":"0","unit":"px"},"_offset_y_end_mobile":{"size":"1096","unit":"px"}},"elements":[],"widgetType":"icon"}],"isInner":""}],"isInner":""}],"page_settings":[]}