{"content":[{"id":"180fbaa5","elType":"section","settings":{"background_background":"classic","background_color":"#ededed","margin":{"unit":"px","top":"","right":0,"bottom":"","left":0,"isLinked":true},"padding":{"unit":"px","top":"100","right":"0","bottom":"50","left":"0","isLinked":false},"padding_tablet":{"unit":"px","top":"50","right":"20","bottom":"50","left":"20","isLinked":false},"padding_mobile":{"unit":"px","top":"30","right":"20","bottom":"30","left":"20","isLinked":false},"border_border":"solid","border_width":{"unit":"px","top":"5","right":"0","bottom":"0","left":"0","isLinked":false},"border_color":"#cecece","html_tag":"footer"},"elements":[{"id":"c6a169","elType":"column","settings":{"_column_size":100,"padding":{"unit":"%","top":"","right":"","bottom":"","left":"","isLinked":true},"padding_mobile":{"unit":"px","top":"0","right":"0","bottom":"0","left":"0","isLinked":true}},"elements":[{"id":"bdec1b2","elType":"section","settings":{"content_width":{"unit":"px","size":700}},"elements":[{"id":"3e89eb9","elType":"column","settings":{"_column_size":100,"_inline_size":null,"padding_tablet":{"unit":"px","top":"0","right":"040","bottom":"0","left":"40","isLinked":false},"padding_mobile":{"unit":"px","top":"0","right":"0","bottom":"0","left":"0","isLinked":false}},"elements":[{"id":"40406163","elType":"widget","settings":{"title":"Try Elementor For Free","align":"center","title_color":"#000000","typography_typography":"custom","typography_font_size":{"unit":"px","size":45},"typography_font_weight":"600","typography_line_height_mobile":{"unit":"em","size":1.3}},"elements":[],"widgetType":"heading"},{"id":"2afaee79","elType":"widget","settings":{"editor":"<p>I am text block. Click edit button to change this text. Lorem ipsum dolor sit amet, consectetur adipiscing elit.<\/p>","align":"center","text_color":"rgba(0,0,0,0.37)","typography_typography":"custom","typography_font_size":{"unit":"px","size":19},"typography_font_weight":"300","_padding_mobile":{"unit":"px","top":"0","right":"0","bottom":"0","left":"0","isLinked":true},"_padding_tablet":{"unit":"%","top":"0","right":"020","bottom":"0","left":"20","isLinked":false}},"elements":[],"widgetType":"text-editor"},{"id":"2cff05a7","elType":"widget","settings":{"form_name":"New Form","form_fields":[{"_id":"email","field_type":"email","required":"true","field_label":"Email","placeholder":"Your Email","width":"66","field_value":"","file_sizes":"","file_types":"","allow_multiple_upload":"","max_files":"","acceptance_text":"","checked_by_default":"","field_min":"","field_max":"","min_date":"","max_date":"","use_native_date":"","use_native_time":"","field_options":"","allow_multiple":"","select_size":"","inline_list":"","field_html":"","width_tablet":"66","width_mobile":"","rows":4,"recaptcha_size":"normal","recaptcha_style":"light","css_classes":"","custom_id":"email"}],"show_labels":"","button_text":"Start Free Trial","button_width":"33","email_content":"[all-fields]","email_content_2":"[all-fields]","success_message":"The form was sent successfully!","error_message":"Please fill in the required fields.","required_field_message":"Required","invalid_message":"There's something wrong. The form is invalid.","column_gap":{"unit":"px","size":0},"row_gap":{"unit":"px","size":0},"label_color":"#ffffff","label_typography_typography":"custom","label_typography_font_size":{"unit":"px","size":12},"field_text_color":"#000000","field_typography_typography":"custom","field_typography_font_size":{"unit":"px","size":14},"field_typography_font_weight":"300","field_border_width":{"unit":"px","top":"0","right":"0","bottom":"0","left":"0","isLinked":false},"field_border_radius":{"unit":"px","top":"0","right":"0","bottom":"0","left":"0","isLinked":true},"button_background_color":"#01bf5a","button_text_color":"#ffffff","button_typography_typography":"custom","button_typography_font_size":{"unit":"px","size":14},"button_typography_font_weight":"600","button_typography_text_transform":"uppercase","button_border_radius":{"unit":"px","top":"0","right":"0","bottom":"0","left":"0","isLinked":true},"button_hover_color":"#ffffff","_padding_tablet":{"unit":"px","top":"0","right":"0","bottom":"0","left":"0","isLinked":false},"_padding_mobile":{"unit":"px","top":"0","right":"0","bottom":"0","left":"0","isLinked":true},"input_size":"lg","button_size":"lg","_margin":{"unit":"px","top":"50","right":"0","bottom":"0","left":"0","isLinked":false},"_box_shadow_box_shadow_type":"yes","_box_shadow_box_shadow":{"horizontal":0,"vertical":0,"blur":48,"spread":0,"color":"rgba(0,0,0,0.11)"},"button_width_tablet":"33"},"elements":[],"widgetType":"form"}],"isInner":true}],"isInner":true},{"id":"19aed351","elType":"section","settings":{"gap":"no","content_position":"top","structure":"40","padding":{"unit":"px","top":"90","right":"0","bottom":"90","left":"0","isLinked":false},"layout":"full_width","padding_tablet":{"unit":"px","top":"70","right":"20","bottom":"20","left":"20","isLinked":false},"margin_mobile":{"unit":"px","top":"10","right":0,"bottom":"0","left":0,"isLinked":false}},"elements":[{"id":"f32a8bb","elType":"column","settings":{"_column_size":25,"_inline_size":null,"_inline_size_tablet":25,"_inline_size_mobile":50},"elements":[{"id":"61224741","elType":"widget","settings":{"title":"Features","title_color":"#000000","typography_typography":"custom","typography_font_size":{"unit":"px","size":18},"typography_font_weight":"500","align":"center","header_size":"h4","typography_text_transform":"uppercase"},"elements":[],"widgetType":"heading"},{"id":"61e61886","elType":"widget","settings":{"icon_list":[{"text":"Overview","icon":"","_id":"6b44671","link":{"url":"","is_external":"","nofollow":""}},{"text":"Design","icon":"","_id":"6442eb7","link":{"url":"","is_external":"","nofollow":""}},{"text":"Programing","icon":"","_id":"fc019a2","link":{"url":"","is_external":"","nofollow":""}},{"text":"Collaborate","icon":"","_id":"1fd4f18","link":{"url":"","is_external":"","nofollow":""}},{"text":"Soon to Come","icon":"","_id":"17a281d","link":{"url":"","is_external":"","nofollow":""}}],"space_between":{"unit":"px","size":5},"icon_align":"center","icon_size":{"unit":"px","size":0},"text_color":"rgba(0,0,0,0.79)","text_indent":{"unit":"px","size":0},"icon_typography_typography":"custom","icon_typography_font_size":{"unit":"px","size":14},"icon_typography_font_weight":"300","icon_typography_font_size_mobile":{"unit":"px","size":13}},"elements":[],"widgetType":"icon-list"}],"isInner":true},{"id":"36519e8f","elType":"column","settings":{"_column_size":25,"_inline_size":null,"_inline_size_tablet":25,"_inline_size_mobile":50,"padding_mobile":{"unit":"px","top":"0","right":"0","bottom":"0","left":"0","isLinked":false}},"elements":[{"id":"35a2871b","elType":"widget","settings":{"title":"Get Started","title_color":"#000000","typography_typography":"custom","typography_font_size":{"unit":"px","size":18},"typography_font_weight":"500","align":"center","header_size":"h4","typography_text_transform":"uppercase"},"elements":[],"widgetType":"heading"},{"id":"ae8128b","elType":"widget","settings":{"icon_list":[{"text":"Tutorials","icon":"","_id":"6b44671","link":{"url":"","is_external":"","nofollow":""}},{"text":"Resources","icon":"","_id":"6442eb7","link":{"url":"","is_external":"","nofollow":""}},{"text":"Guides","icon":"","_id":"fc019a2","link":{"url":"","is_external":"","nofollow":""}},{"text":"Examples","icon":"","_id":"1fd4f18","link":{"url":"","is_external":"","nofollow":""}},{"text":"Docs","icon":"","_id":"17a281d","link":{"url":"","is_external":"","nofollow":""}}],"space_between":{"unit":"px","size":5},"icon_align":"center","icon_size":{"unit":"px","size":0},"text_color":"rgba(0,0,0,0.79)","text_indent":{"unit":"px","size":0},"icon_typography_typography":"custom","icon_typography_font_size":{"unit":"px","size":14},"icon_typography_font_weight":"300","icon_typography_font_size_mobile":{"unit":"px","size":13}},"elements":[],"widgetType":"icon-list"}],"isInner":true},{"id":"2b9fd407","elType":"column","settings":{"_column_size":25,"_inline_size":null,"_inline_size_tablet":25,"_inline_size_mobile":50,"padding_mobile":{"unit":"px","top":"50","right":"0","bottom":"0","left":"0","isLinked":false}},"elements":[{"id":"5e10a072","elType":"widget","settings":{"title":"About","title_color":"#000000","typography_typography":"custom","typography_font_size":{"unit":"px","size":18},"typography_font_weight":"500","align":"center","header_size":"h4","typography_text_transform":"uppercase"},"elements":[],"widgetType":"heading"},{"id":"661cf0a2","elType":"widget","settings":{"icon_list":[{"text":"Stories","icon":"","_id":"6b44671","link":{"url":"","is_external":"","nofollow":""}},{"text":"Community","icon":"","_id":"6442eb7","link":{"url":"","is_external":"","nofollow":""}},{"text":"Blog","icon":"","_id":"fc019a2","link":{"url":"","is_external":"","nofollow":""}},{"text":"Careers","icon":"","_id":"1fd4f18","link":{"url":"","is_external":"","nofollow":""}},{"text":"Brand Assets","icon":"","_id":"17a281d","link":{"url":"","is_external":"","nofollow":""}}],"space_between":{"unit":"px","size":5},"icon_align":"center","icon_size":{"unit":"px","size":0},"text_color":"rgba(0,0,0,0.79)","text_indent":{"unit":"px","size":0},"icon_typography_typography":"custom","icon_typography_font_size":{"unit":"px","size":14},"icon_typography_font_weight":"300","icon_typography_font_size_mobile":{"unit":"px","size":13}},"elements":[],"widgetType":"icon-list"}],"isInner":true},{"id":"5aa99ca6","elType":"column","settings":{"_column_size":25,"_inline_size":null,"_inline_size_tablet":25,"_inline_size_mobile":50,"padding_mobile":{"unit":"px","top":"50","right":"0","bottom":"0","left":"0","isLinked":false}},"elements":[{"id":"36367878","elType":"widget","settings":{"title":"Downloads","title_color":"#000000","typography_typography":"custom","typography_font_size":{"unit":"px","size":18},"typography_font_weight":"500","align":"center","header_size":"h4","typography_text_transform":"uppercase"},"elements":[],"widgetType":"heading"},{"id":"8b368b2","elType":"widget","settings":{"icon_list":[{"text":"Mobile UI Kit","icon":"","_id":"6b44671","link":{"url":"","is_external":"","nofollow":""}},{"text":"Web UI Kit","icon":"","_id":"6442eb7","link":{"url":"","is_external":"","nofollow":""}},{"text":"Psd files","icon":"","_id":"fc019a2","link":{"url":"","is_external":"","nofollow":""}},{"text":"Icons","icon":"","_id":"1fd4f18","link":{"url":"","is_external":"","nofollow":""}},{"text":"Mockups","icon":"","_id":"17a281d","link":{"url":"","is_external":"","nofollow":""}}],"space_between":{"unit":"px","size":5},"icon_align":"center","icon_size":{"unit":"px","size":0},"text_color":"rgba(0,0,0,0.79)","text_indent":{"unit":"px","size":0},"icon_typography_typography":"custom","icon_typography_font_size":{"unit":"px","size":14},"icon_typography_font_weight":"300","icon_typography_font_size_mobile":{"unit":"px","size":13}},"elements":[],"widgetType":"icon-list"}],"isInner":true}],"isInner":true},{"id":"3d016114","elType":"widget","settings":{"social_icon_list":[{"social":"fa fa-twitter","_id":"dc10550","link":{"url":"","is_external":"true","nofollow":""}},{"social":"fa fa-facebook","_id":"0267196","link":{"url":"","is_external":"true","nofollow":""}},{"social":"fa fa-dribbble","link":{"url":"","is_external":"true","nofollow":""},"_id":"0e260c9"},{"social":"fa fa-youtube","_id":"dbaeb71","link":{"url":"","is_external":"true","nofollow":""}},{"social":"fa fa-pinterest","link":{"url":"","is_external":"true","nofollow":""},"_id":"d2d5c50"},{"social":"fa fa-medium","link":{"url":"","is_external":"true","nofollow":""},"_id":"92c0998"}],"icon_color":"custom","icon_primary_color":"rgba(0,0,0,0)","icon_secondary_color":"rgba(0,0,0,0.45)","icon_size":{"unit":"px","size":18},"icon_padding":{"unit":"em","size":0},"icon_spacing":{"unit":"px","size":24},"hover_secondary_color":"#00ce1b","_padding_tablet":{"unit":"px","top":"40","right":"0","bottom":"0","left":"0","isLinked":false},"align_mobile":"center"},"elements":[],"widgetType":"social-icons"},{"id":"65284aab","elType":"widget","settings":{"title":"\u00a9 2018 All rights reserved","header_size":"p","title_color":"rgba(0,0,0,0.38)","typography_typography":"custom","typography_font_size":{"unit":"px","size":12},"typography_font_weight":"300","align":"center","typography_line_height_mobile":{"unit":"px","size":15}},"elements":[],"widgetType":"heading"}],"isInner":false}],"isInner":false}],"page_settings":[]}