{"content":[{"id":"2bb775f","elType":"section","settings":{"gap":"wider","height":"min-height","custom_height":{"unit":"vh","size":90},"content_position":"middle","background_background":"classic","background_image":{"id":8501,"url":"https:\/\/library.elementor.com\/wp-content\/uploads\/2018\/05\/andrea-bertozzini-633979-unsplash.jpg"},"background_size":"cover","background_overlay_background":"classic","background_overlay_color":"#000000","custom_height_mobile":{"unit":"vh","size":90}},"elements":[{"id":"592e1947","elType":"column","settings":{"_column_size":100,"_inline_size":null,"padding_mobile":{"unit":"px","top":"15","right":"15","bottom":"15","left":"15","isLinked":true}},"elements":[{"id":"41f1e780","elType":"widget","settings":{"title":"404","header_size":"p","title_color":"#ffffff","typography_typography":"custom","typography_font_size":{"unit":"px","size":249},"typography_line_height":{"unit":"px","size":180},"align_mobile":"center","typography_font_size_mobile":{"unit":"px","size":150}},"elements":[],"widgetType":"heading"},{"id":"6853ce91","elType":"widget","settings":{"title":"Oops! Page not found","header_size":"h3","title_color":"#ffffff","typography_typography":"custom","typography_font_size":{"unit":"px","size":37},"typography_text_transform":"uppercase","typography_font_weight":"500","align_mobile":"center","typography_font_size_mobile":{"unit":"px","size":22}},"elements":[],"widgetType":"heading"},{"id":"2b49a412","elType":"widget","settings":{"text":"Go back to Homepage","size":"lg","typography_typography":"custom","typography_text_transform":"uppercase","border_radius":{"unit":"px","top":"0","right":"0","bottom":"0","left":"0","isLinked":true},"_margin":{"unit":"px","top":"70","right":"0","bottom":"0","left":"0","isLinked":false},"typography_letter_spacing":{"unit":"px","size":2.1},"icon_indent":{"unit":"px","size":16},"align_mobile":"center","typography_font_size_mobile":{"unit":"px","size":14}},"elements":[],"widgetType":"button"}],"isInner":false}],"isInner":false}],"page_settings":[]}