{"content":[{"id":"1776e648","elType":"section","settings":{"layout":"full_width","content_width":{"unit":"px","size":1059},"height":"min-height","custom_height":{"unit":"px","size":500},"background_background":"classic","background_color":"#1b1464","border_radius":{"unit":"%","top":"100","right":"100","bottom":"100","left":"100","isLinked":true},"z_index":0,"custom_height_mobile":{"unit":"px","size":300},"border_radius_mobile":{"unit":"px","top":"300","right":"300","bottom":"300","left":"300","isLinked":true},"margin_mobile":{"unit":"px","top":"160","right":0,"bottom":"0","left":0,"isLinked":false},"padding_mobile":{"unit":"px","top":"22","right":"22","bottom":"22","left":"22","isLinked":false}},"elements":[{"id":"2a63aed","elType":"column","settings":{"_column_size":100,"_inline_size":null,"margin":{"unit":"px","top":"-153","right":"-153","bottom":"-153","left":"-153","isLinked":true},"margin_mobile":{"unit":"px","top":"-53","right":"0","bottom":"0","left":"-77","isLinked":false}},"elements":[{"id":"34709979","elType":"widget","settings":{"image":{"id":9624,"url":"https:\/\/library.elementor.com\/wp-content\/uploads\/2019\/01\/space_ship.png"},"image_size":"full","width":{"unit":"%","size":60},"_margin":{"unit":"px","top":"-156","right":"0","bottom":"0","left":"-43","isLinked":false},"width_mobile":{"unit":"%","size":50},"space_mobile":{"unit":"%","size":100},"_padding_mobile":{"unit":"px","top":"0","right":"0","bottom":"0","left":"0","isLinked":false}},"elements":[],"widgetType":"image"}],"isInner":false}],"isInner":false},{"id":"146d29cc","elType":"section","settings":{"background_background":"classic","margin":{"unit":"px","top":"-400","right":0,"bottom":"0","left":0,"isLinked":false},"padding":{"unit":"px","top":"0","right":"0","bottom":"0","left":"139","isLinked":false},"z_index":2,"_title":"price+headline","margin_mobile":{"unit":"px","top":"-300","right":0,"bottom":"0","left":0,"isLinked":false},"padding_tablet":{"unit":"px","top":"0","right":"0","bottom":"0","left":"85","isLinked":false},"padding_mobile":{"unit":"px","top":"0","right":"0","bottom":"0","left":"85","isLinked":false}},"elements":[{"id":"1dfadc7a","elType":"column","settings":{"_column_size":100},"elements":[{"id":"510ad135","elType":"widget","settings":{"title":"$39.99","align":"center","title_color":"#ffffff","typography_typography":"custom","typography_font_family":"Open Sans","typography_font_size":{"unit":"px","size":40},"_padding":{"unit":"px","top":"0","right":"0","bottom":"0","left":"0","isLinked":false},"typography_font_size_mobile":{"unit":"px","size":25}},"elements":[],"widgetType":"heading"},{"id":"6c5405fa","elType":"widget","settings":{"title":"space ship","align":"center","title_color":"#fff604","typography_typography":"custom","typography_font_family":"Open Sans","typography_font_size":{"unit":"px","size":50},"typography_font_weight":"900","typography_text_transform":"capitalize","typography_font_style":"italic","text_shadow_text_shadow_type":"yes","text_shadow_text_shadow":{"horizontal":-3,"vertical":1,"blur":0,"color":"#ff6503"},"_margin":{"unit":"px","top":"-11","right":"0","bottom":"0","left":"0","isLinked":false},"typography_font_size_mobile":{"unit":"px","size":38}},"elements":[],"widgetType":"heading"}],"isInner":false}],"isInner":false},{"id":"4b97e9f9","elType":"section","settings":{"margin":{"unit":"px","top":"0","right":0,"bottom":"0","left":0,"isLinked":false},"margin_mobile":{"unit":"px","top":"-15","right":0,"bottom":"-15","left":0,"isLinked":true},"padding":{"unit":"px","top":"0","right":"50","bottom":"0","left":"50","isLinked":false},"padding_mobile":{"unit":"px","top":"0","right":"25","bottom":"0","left":"25","isLinked":false},"_title":"text+button"},"elements":[{"id":"7c47f0ef","elType":"column","settings":{"_column_size":100,"_inline_size":null},"elements":[{"id":"6c7466ed","elType":"widget","settings":{"editor":"<p>Lorem ipsum dolor sit amet, consectetuer adipiscing elit, sed diam nonummy nibh euismod tincidunt ut laoreet.<\/p>","text_color":"#ffffff","typography_typography":"custom","typography_font_family":"Open Sans","typography_font_size":{"unit":"px","size":18},"typography_font_size_mobile":{"unit":"px","size":15},"typography_font_weight":"normal"},"elements":[],"widgetType":"text-editor"},{"id":"4e5a397c","elType":"widget","settings":{"text":"shop now!","align":"center","size":"md","typography_typography":"custom","typography_font_family":"Open Sans","typography_font_size":{"unit":"px","size":30},"typography_font_size_mobile":{"unit":"px","size":20},"typography_font_weight":"900","typography_text_transform":"capitalize","typography_font_style":"italic","button_text_color":"#ff6201","background_color":"#fff604","hover_color":"#fff604","button_background_hover_color":"#ff6201","border_radius":{"unit":"px","top":"50","right":"50","bottom":"50","left":"50","isLinked":true}},"elements":[],"widgetType":"button"}],"isInner":false}],"isInner":false}],"page_settings":{"width":{"unit":"px","size":1000},"width_mobile":{"unit":"vw","size":95},"height_type":"custom","height":{"unit":"px","size":1000},"height_mobile":{"unit":"vh","size":95},"background_background":"classic","background_color":"rgba(27,20,100,0)","border_radius":{"unit":"px","size":500},"box_shadow_box_shadow":{"horizontal":2,"vertical":8,"blur":23,"spread":3,"color":""},"overlay_background_color":"rgba(255,255,255,0.32)","close_button_position":"outside","close_button_vertical":{"unit":"%","size":25.4},"close_button_vertical_tablet":{"unit":"%","size":14.4},"close_button_horizontal":{"unit":"%","size":32.8},"close_button_color":"#1b1464","icon_size":{"unit":"px","size":21},"padding":{"unit":"px","top":"240","right":"240","bottom":"240","left":"240","isLinked":true},"padding_tablet":{"unit":"px","top":"140","right":"140","bottom":"140","left":"140","isLinked":true},"padding_mobile":{"unit":"px","top":"0","right":"0","bottom":"0","left":"0","isLinked":false}}}