{
  "counters": {
    "u_row": 1,
    "u_column": 1,
    "u_content_heading": 1,
    "u_content_button": 2,
    "u_content_text": 4,
    "u_content_divider": 1
  },
  "body": {
    "rows": [
      {
        "cells": [
          1
        ],
        "columns": [
          {
            "contents": [
              {
                "type": "text",
                "values": {
                  "containerPadding": "10px",
                  "_meta": {
                    "htmlID": "u_content_text_1",
                    "htmlClassNames": "u_content_text"
                  },
                  "selectable": true,
                  "draggable": true,
                  "duplicatable": true,
                  "deletable": true,
                  "color": "#000000",
                  "textAlign": "left",
                  "lineHeight": "140%",
                  "linkStyle": {
                    "inherit": true,
                    "linkColor": "#0000ee",
                    "linkHoverColor": "#0000ee",
                    "linkUnderline": true,
                    "linkHoverUnderline": true
                  },
                  "hideDesktop": false,
                  "hideMobile": false,
                  "text": "<p style=\"font-size: 14px; line-height: 140%;\">Hi {{contact_first_name}},</p>"
                }
              },
              {
                "type": "text",
                "values": {
                  "containerPadding": "10px",
                  "_meta": {
                    "htmlID": "u_content_text_2",
                    "htmlClassNames": "u_content_text"
                  },
                  "selectable": true,
                  "draggable": true,
                  "duplicatable": true,
                  "deletable": true,
                  "color": "#000000",
                  "textAlign": "left",
                  "lineHeight": "140%",
                  "linkStyle": {
                    "inherit": true,
                    "linkColor": "#0000ee",
                    "linkHoverColor": "#0000ee",
                    "linkUnderline": true,
                    "linkHoverUnderline": true
                  },
                  "hideDesktop": false,
                  "hideMobile": false,
                  "text": "<p style=\"font-size: 14px; line-height: 140%;\">Thanks for signing up. Click the link below to confirm your subscription and you'll be on your way.</p>"
                }
              },
              {
                "type": "button",
                "values": {
                  "containerPadding": "10px",
                  "_meta": {
                    "htmlID": "u_content_button_2",
                    "htmlClassNames": "u_content_button"
                  },
                  "selectable": true,
                  "draggable": true,
                  "duplicatable": true,
                  "deletable": true,
                  "href": {
                    "name": "web",
                    "attrs": {
                      "href": "{{href}}",
                      "target": "{{target}}"
                    },
                    "values": {
                      "href": "{{contact_confirmation_link}}",
                      "target": "_self"
                    }
                  },
                  "buttonColors": {
                    "color": "#FFFFFF",
                    "backgroundColor": "#3AAEE0",
                    "hoverColor": "#FFFFFF",
                    "hoverBackgroundColor": "#3AAEE0"
                  },
                  "size": {
                    "autoWidth": true,
                    "width": "100%"
                  },
                  "textAlign": "left",
                  "lineHeight": "120%",
                  "padding": "10px 20px",
                  "border": {},
                  "borderRadius": "4px",
                  "hideDesktop": false,
                  "hideMobile": false,
                  "text": "Confirm your subscription",
                  "calculatedWidth": 199,
                  "calculatedHeight": 36
                }
              },
              {
                "type": "text",
                "values": {
                  "containerPadding": "10px",
                  "_meta": {
                    "htmlID": "u_content_text_3",
                    "htmlClassNames": "u_content_text"
                  },
                  "selectable": true,
                  "draggable": true,
                  "duplicatable": true,
                  "deletable": true,
                  "color": "#000000",
                  "textAlign": "left",
                  "lineHeight": "140%",
                  "linkStyle": {
                    "inherit": true,
                    "linkColor": "#0000ee",
                    "linkHoverColor": "#0000ee",
                    "linkUnderline": true,
                    "linkHoverUnderline": true
                  },
                  "hideDesktop": false,
                  "hideMobile": false,
                  "text": "<p style=\"font-size: 14px; line-height: 140%;\">It's good to have you!</p>"
                }
              },
              {
                "type": "divider",
                "values": {
                  "containerPadding": "10px",
                  "_meta": {
                    "htmlID": "u_content_divider_1",
                    "htmlClassNames": "u_content_divider"
                  },
                  "selectable": true,
                  "draggable": true,
                  "duplicatable": true,
                  "deletable": true,
                  "width": "100%",
                  "border": {
                    "borderTopWidth": "1px",
                    "borderTopStyle": "solid",
                    "borderTopColor": "#BBBBBB"
                  },
                  "textAlign": "center",
                  "hideDesktop": false,
                  "hideMobile": false
                }
              },
              {
                "type": "text",
                "values": {
                  "containerPadding": "10px",
                  "_meta": {
                    "htmlID": "u_content_text_4",
                    "htmlClassNames": "u_content_text"
                  },
                  "selectable": true,
                  "draggable": true,
                  "duplicatable": true,
                  "deletable": true,
                  "color": "#000000",
                  "textAlign": "left",
                  "lineHeight": "140%",
                  "linkStyle": {
                    "inherit": true,
                    "linkColor": "#0000ee",
                    "linkHoverColor": "#0000ee",
                    "linkUnderline": true,
                    "linkHoverUnderline": true
                  },
                  "hideDesktop": false,
                  "hideMobile": false,
                  "text": "<p style=\"font-size: 14px; line-height: 140%;\"><a href=\"{{unsubscribe_link}}\" target=\"_blank\" rel=\"noopener\" data-u-link-value=\"eyJuYW1lIjoid2ViIiwiYXR0cnMiOnsiaHJlZiI6Int7aHJlZn19IiwidGFyZ2V0Ijoie3t0YXJnZXR9fSJ9LCJ2YWx1ZXMiOnsiaHJlZiI6Int7dW5zdWJzY3JpYmVfbGlua319IiwidGFyZ2V0IjoiX2JsYW5rIn19\">Unsubscribe</a> | {{business_name}}, {{business_address}}</p>"
                }
              }
            ],
            "values": {
              "_meta": {
                "htmlID": "u_column_1",
                "htmlClassNames": "u_column"
              },
              "border": {},
              "padding": "25px",
              "backgroundColor": "#ffffff"
            }
          }
        ],
        "values": {
          "displayCondition": null,
          "columns": false,
          "backgroundColor": "",
          "columnsBackgroundColor": "",
          "backgroundImage": {
            "url": "",
            "fullWidth": true,
            "repeat": false,
            "center": true,
            "cover": false
          },
          "padding": "0px",
          "hideDesktop": false,
          "hideMobile": false,
          "noStackMobile": false,
          "_meta": {
            "htmlID": "u_row_1",
            "htmlClassNames": "u_row"
          },
          "selectable": true,
          "draggable": true,
          "duplicatable": true,
          "deletable": true
        }
      }
    ],
    "values": {
      "backgroundColor": "#e7e7e7",
      "backgroundImage": {
        "url": "",
        "fullWidth": true,
        "repeat": false,
        "center": true,
        "cover": false
      },
      "contentWidth": "500px",
      "contentAlign": "center",
      "fontFamily": {
        "label": "Arial",
        "value": "arial,helvetica,sans-serif"
      },
      "preheaderText": "",
      "linkStyle": {
        "body": true,
        "linkColor": "#0000ee",
        "linkHoverColor": "#0000ee",
        "linkUnderline": true,
        "linkHoverUnderline": true
      },
      "_meta": {
        "htmlID": "u_body",
        "htmlClassNames": "u_body"
      }
    }
  },
  "schemaVersion": 5
}