{"content":[{"id":"c38765b","elType":"section","settings":{"layout":"full_width","height":"min-height","custom_height":{"unit":"vh","size":"100","sizes":[]},"column_position":"stretch","z_index":"2","_element_id":"uppage","custom_height_tablet":{"unit":"vh","size":"100","sizes":[]},"custom_height_mobile":{"unit":"vh","size":"100","sizes":[]},"_timestamp_":"v1WjRwWEVHZkY3VVJWVEwzdFhhT0JXdz09"},"elements":[{"id":"78efea0a","elType":"column","settings":{"_column_size":"100","content_position":"bottom","background_background":"classic","background_image":{"id":12951,"url":"https:\/\/library.elementor.com\/wp-content\/uploads\/2020\/02\/Home-Page-Hero-Pic.png"},"padding":{"unit":"px","top":"0","right":"0","bottom":"0","left":"0","isLinked":"1"},"background_position":"center left","background_repeat":"no-repeat","background_size":"cover","background_attachment":"fixed","background_position_tablet":"center center","background_position_mobile":"initial","background_xpos_mobile":{"unit":"px","size":"-375","sizes":[]}},"elements":[{"id":"63427a5","elType":"section","settings":{"content_width":{"unit":"px","size":"1350","sizes":[]},"custom_height_inner":{"unit":"px","size":"140","sizes":[]},"structure":"20","margin":{"unit":"px","top":"0","right":"0","bottom":"150","left":"0","isLinked":""},"z_index":"3","margin_tablet":{"unit":"px","top":"0","right":"0","bottom":"150","left":"0","isLinked":""},"padding_tablet":{"unit":"px","top":"0","right":"50","bottom":"0","left":"50","isLinked":""},"margin_mobile":{"unit":"px","top":"0","right":"0","bottom":"120","left":"0","isLinked":""}},"elements":[{"id":"43cab5be","elType":"column","settings":{"_column_size":"50","content_position":"bottom","space_between_widgets":"5","padding":{"unit":"px","top":"0","right":"0","bottom":"0","left":"0","isLinked":"1"}},"elements":[{"id":"2c081cab","elType":"widget","settings":{"title":"Robert Ortega","title_color":"#FFFFFF","typography_typography":"custom","typography_font_family":"Montserrat","typography_font_size":{"unit":"px","size":"24","sizes":[]},"typography_font_weight":"300","typography_text_transform":"uppercase","align_mobile":"center"},"elements":[],"widgetType":"heading"},{"id":"20acb7fc","elType":"widget","settings":{"title":"photography.","title_color":"#FFFFFF","typography_typography":"custom","typography_font_family":"Montserrat","typography_font_size":{"unit":"px","size":"35","sizes":[]},"typography_font_weight":"300","typography_text_transform":"uppercase","typography_line_height":{"unit":"em","size":"0.8","sizes":[]},"align_mobile":"center","typography_font_size_mobile":{"unit":"px","size":"30","sizes":[]},"header_size":"h1"},"elements":[],"widgetType":"heading"}],"isInner":"1"},{"id":"6e02bc6e","elType":"column","settings":{"_column_size":"50","padding":{"unit":"px","top":"0","right":"0","bottom":"0","left":"0","isLinked":"1"}},"elements":[{"id":"68839d6","elType":"widget","settings":{"width":{"unit":"%","size":"18","sizes":[]},"align":"right","look":"line_text","text":"Portfolio","color":"#FFFFFF","text_color":"#FFFFFF","typography_typography":"custom","typography_font_family":"Montserrat","typography_font_size":{"unit":"px","size":"16","sizes":[]},"typography_font_weight":"200","text_align":"right","width_tablet":{"unit":"%","size":"30","sizes":[]},"width_mobile":{"unit":"%","size":"45","sizes":[]},"typography_text_transform":"capitalize","align_mobile":"right"},"elements":[],"widgetType":"divider"},{"id":"70001422","elType":"widget","settings":{"layout":"vertical","align_items":"right","pointer":"none","menu_typography_typography":"custom","menu_typography_font_family":"Montserrat","menu_typography_font_size":{"unit":"px","size":"30","sizes":[]},"menu_typography_font_weight":"200","color_menu_item":"#FFFFFF","color_menu_item_hover":"#FC3B29","color_menu_item_active":"#FFFFFF","padding_horizontal_menu_item":{"unit":"px","size":"0","sizes":[]},"padding_vertical_menu_item":{"unit":"px","size":"0","sizes":[]},"menu_space_between":{"unit":"px","size":"35","sizes":[]},"dropdown":"none","menu_typography_font_size_mobile":{"unit":"px","size":"24","sizes":[]},"menu_space_between_mobile":{"unit":"px","size":"25","sizes":[]},"menu_typography_text_transform":"capitalize"},"elements":[],"widgetType":"nav-menu"}],"isInner":"1"}],"isInner":"1"},{"id":"65f2cc65","elType":"widget","settings":{"selected_icon":{"value":{"id":"12808","url":"https:\/\/library.elementor.com\/wp-content\/uploads\/2020\/02\/Arrow-home.svg"},"library":"svg"},"align":"left","primary_color":"#FFFFFF","size":{"unit":"px","size":"50","sizes":[]},"_padding":{"unit":"px","top":"30","right":"30","bottom":"30","left":"30","isLinked":"1"},"_background_background":"classic","_background_color":"#FC3B29","_element_width":"auto","_element_vertical_align":"center","link":{"url":"#down","is_external":"","nofollow":""},"_position":"absolute","_offset_orientation_v":"end","_offset_x_mobile":{"size":"0","unit":"px"},"_offset_y_end_mobile":{"size":"0","unit":"px"},"size_mobile":{"unit":"px","size":"35","sizes":[]},"_padding_mobile":{"unit":"px","top":"25","right":"25","bottom":"25","left":"25","isLinked":"1"}},"elements":[],"widgetType":"icon"}],"isInner":""}],"isInner":""},{"id":"49fdc7df","elType":"section","settings":{"layout":"full_width","height":"min-height","custom_height":{"unit":"vh","size":"100","sizes":[]},"column_position":"stretch","z_index":"2","custom_height_tablet":{"unit":"vh","size":"50","sizes":[]},"_timestamp_":"v1WjRwWEVHZkY3VVJWVEwzdFhhT0JXdz09"},"elements":[{"id":"7ed681a2","elType":"column","settings":{"_column_size":"100","content_position":"bottom","background_background":"classic","background_image":{"id":12952,"url":"https:\/\/library.elementor.com\/wp-content\/uploads\/2020\/02\/Wild-Animals.png"},"padding":{"unit":"px","top":"0","right":"0","bottom":"0","left":"0","isLinked":"1"},"background_position":"center center","background_repeat":"no-repeat","background_size":"cover","background_attachment":"fixed","background_position_tablet":"center center","background_repeat_tablet":"no-repeat","background_size_tablet":"cover","background_position_mobile":"initial","background_xpos_mobile":{"unit":"px","size":"-150","sizes":[]}},"elements":[{"id":"4d4c9fc4","elType":"widget","settings":{"anchor":"down","_position":"absolute","_offset_y":{"unit":"px","size":"116","sizes":[]},"_offset_y_tablet":{"unit":"px","size":"250","sizes":[]},"_offset_y_mobile":{"unit":"px","size":"200","sizes":[]}},"elements":[],"widgetType":"menu-anchor"},{"id":"1a95463d","elType":"widget","settings":{"skin":"cover","bg_image":{"url":"","id":""},"bg_image_size":"full","title":"","description":"","button":"Wildlife.","min-height":{"unit":"vh","size":"100","sizes":[]},"vertical_position":"middle","title_typography_typography":"custom","title_typography_font_family":"Montserrat","title_typography_font_size":{"unit":"px","size":"60","sizes":[]},"title_typography_font_weight":"200","title_typography_letter_spacing":{"unit":"px","size":"10","sizes":[]},"button_typography_typography":"custom","button_typography_font_family":"Montserrat","button_typography_font_size":{"unit":"px","size":"60","sizes":[]},"button_typography_font_weight":"100","button_typography_letter_spacing":{"unit":"px","size":"10","sizes":[]},"button_border_width":{"unit":"px","size":"0","sizes":[]},"transformation":"","overlay_color_hover":"rgba(0, 0, 0, 0.5)","link_click":"box","min-height_tablet":{"unit":"vh","size":"50","sizes":[]},"min-height_mobile":{"unit":"vh","size":"100","sizes":[]},"button_typography_font_size_mobile":{"unit":"px","size":"40","sizes":[]},"button_typography_text_transform":"capitalize","graphic_image":{"id":"12826","url":"https:\/\/library.elementor.com\/wp-content\/uploads\/2020\/02\/placeholder.png"}},"elements":[],"widgetType":"call-to-action"}],"isInner":""}],"isInner":""},{"id":"3bb9cdf4","elType":"section","settings":{"layout":"full_width","height":"min-height","custom_height":{"unit":"vh","size":"100","sizes":[]},"column_position":"stretch","z_index":"2","custom_height_tablet":{"unit":"vh","size":"50","sizes":[]},"_timestamp_":"v1WjRwWEVHZkY3VVJWVEwzdFhhT0JXdz09"},"elements":[{"id":"45497a1e","elType":"column","settings":{"_column_size":"100","content_position":"center","background_image":{"id":12953,"url":"https:\/\/library.elementor.com\/wp-content\/uploads\/2020\/02\/Nature.png"},"padding":{"unit":"px","top":"0","right":"0","bottom":"0","left":"0","isLinked":"1"},"background_position":"center center","background_repeat":"no-repeat","background_size":"cover","background_background":"classic","background_attachment":"fixed"},"elements":[{"id":"3f32b888","elType":"widget","settings":{"skin":"cover","bg_image":{"url":"","id":""},"bg_image_size":"full","title":"","description":"","button":"Nature.","min-height":{"unit":"vh","size":"100","sizes":[]},"vertical_position":"middle","title_typography_typography":"custom","title_typography_font_family":"Montserrat","title_typography_font_size":{"unit":"px","size":"60","sizes":[]},"title_typography_font_weight":"200","title_typography_letter_spacing":{"unit":"px","size":"10","sizes":[]},"button_typography_typography":"custom","button_typography_font_family":"Montserrat","button_typography_font_size":{"unit":"px","size":"60","sizes":[]},"button_typography_font_weight":"100","button_typography_letter_spacing":{"unit":"px","size":"10","sizes":[]},"button_border_width":{"unit":"px","size":"0","sizes":[]},"transformation":"","overlay_color_hover":"rgba(0, 0, 0, 0.6)","min-height_tablet":{"unit":"vh","size":"49","sizes":[]},"min-height_mobile":{"unit":"vh","size":"100","sizes":[]},"button_typography_font_size_mobile":{"unit":"px","size":"40","sizes":[]},"button_typography_text_transform":"capitalize","graphic_image":{"id":"12826","url":"https:\/\/library.elementor.com\/wp-content\/uploads\/2020\/02\/placeholder.png"}},"elements":[],"widgetType":"call-to-action"}],"isInner":""}],"isInner":""},{"id":"327ce455","elType":"section","settings":{"layout":"full_width","height":"min-height","custom_height":{"unit":"vh","size":"100","sizes":[]},"column_position":"stretch","z_index":"2","custom_height_tablet":{"unit":"vh","size":"50","sizes":[]},"_timestamp_":"v1WjRwWEVHZkY3VVJWVEwzdFhhT0JXdz09"},"elements":[{"id":"5f0271f6","elType":"column","settings":{"_column_size":"100","content_position":"bottom","background_background":"classic","background_image":{"id":12954,"url":"https:\/\/library.elementor.com\/wp-content\/uploads\/2020\/02\/Pets-BG.png"},"padding":{"unit":"px","top":"0","right":"0","bottom":"0","left":"0","isLinked":"1"},"background_position":"center center","background_repeat":"no-repeat","background_size":"cover","background_attachment":"fixed","background_position_mobile":"center center","background_xpos_mobile":{"unit":"px","size":"-436","sizes":[]}},"elements":[{"id":"245cc2f","elType":"widget","settings":{"skin":"cover","bg_image":{"url":"","id":""},"bg_image_size":"full","title":"","description":"","button":"Pets.","min-height":{"unit":"vh","size":"100","sizes":[]},"vertical_position":"middle","title_typography_typography":"custom","title_typography_font_family":"Montserrat","title_typography_font_size":{"unit":"px","size":"60","sizes":[]},"title_typography_font_weight":"200","title_typography_letter_spacing":{"unit":"px","size":"10","sizes":[]},"button_typography_typography":"custom","button_typography_font_family":"Montserrat","button_typography_font_size":{"unit":"px","size":"60","sizes":[]},"button_typography_font_weight":"100","button_typography_letter_spacing":{"unit":"px","size":"10","sizes":[]},"button_border_width":{"unit":"px","size":"0","sizes":[]},"transformation":"","overlay_color_hover":"rgba(0, 0, 0, 0.6)","min-height_tablet":{"unit":"vh","size":"50","sizes":[]},"min-height_mobile":{"unit":"vh","size":"100","sizes":[]},"button_typography_font_size_mobile":{"unit":"px","size":"40","sizes":[]},"button_typography_text_transform":"capitalize","graphic_image":{"id":"12826","url":"https:\/\/library.elementor.com\/wp-content\/uploads\/2020\/02\/placeholder.png"}},"elements":[],"widgetType":"call-to-action"}],"isInner":""}],"isInner":""}],"page_settings":[]}