{"content":[{"id":"eadc75a","elType":"section","settings":{"height":"min-height","custom_height":{"unit":"vh","size":"100","sizes":[]},"column_position":"stretch","z_index":"2","content_width":{"unit":"px","size":"1300","sizes":[]},"background_background":"classic","background_image":{"id":12997,"url":"https:\/\/library.elementor.com\/wp-content\/uploads\/2020\/02\/pets-1.png"},"background_position":"center center","background_attachment":"fixed","background_repeat":"no-repeat","background_size":"cover","_element_id":"uppage","layout":"full_width","_timestamp_":"v1WjRwWEVHZkY3VVJWVEwzdFhhT0JXdz09"},"elements":[{"id":"6dc1435e","elType":"column","settings":{"_column_size":"100","padding":{"unit":"%","top":"0","right":"10","bottom":"0","left":"0","isLinked":""},"content_position":"center","background_image":{"id":12997,"url":"https:\/\/library.elementor.com\/wp-content\/uploads\/2020\/02\/pets-1.png"},"background_position":"center center","background_repeat":"no-repeat","background_size":"cover","content_position_tablet":"top","padding_tablet":{"unit":"px","top":"120","right":"50","bottom":"0","left":"0","isLinked":""},"content_position_mobile":"bottom"},"elements":[{"id":"28d6c38f","elType":"widget","settings":{"title":"Pets.","align":"right","title_color":"#FFFFFF","typography_typography":"custom","typography_font_family":"Montserrat","typography_font_size":{"unit":"px","size":"45","sizes":[]},"typography_font_weight":"200","_padding_mobile":{"unit":"px","top":"0","right":"0","bottom":"20","left":"0","isLinked":""},"typography_text_transform":"capitalize","header_size":"h1"},"elements":[],"widgetType":"heading"},{"id":"2f6079b4","elType":"widget","settings":{"selected_icon":{"value":{"id":"12808","url":"https:\/\/library.elementor.com\/wp-content\/uploads\/2020\/02\/Arrow-home.svg"},"library":"svg"},"align":"left","primary_color":"#FFFFFF","size":{"unit":"px","size":"50","sizes":[]},"_padding":{"unit":"px","top":"30","right":"30","bottom":"30","left":"30","isLinked":"1"},"_background_background":"classic","_background_color":"#FC3B29","_element_width":"auto","_element_vertical_align":"center","link":{"url":"#down","is_external":"","nofollow":""},"_position":"absolute","_offset_orientation_v":"end","_offset_x_mobile":{"size":"0","unit":"px"},"_offset_y_end_mobile":{"size":"0","unit":"px"},"size_mobile":{"unit":"px","size":"35","sizes":[]},"_padding_mobile":{"unit":"px","top":"25","right":"25","bottom":"25","left":"25","isLinked":"1"}},"elements":[],"widgetType":"icon"}],"isInner":""}],"isInner":""},{"id":"2a61b65","elType":"section","settings":{"layout":"full_width","height":"min-height","custom_height":{"unit":"vh","size":"100","sizes":[]},"column_position":"stretch","structure":"22","z_index":"2","_timestamp_":"v1WjRwWEVHZkY3VVJWVEwzdFhhT0JXdz09"},"elements":[{"id":"78949d1","elType":"column","settings":{"_column_size":"66","background_background":"classic","background_image":{"id":12998,"url":"https:\/\/library.elementor.com\/wp-content\/uploads\/2020\/02\/pets-3.png"},"background_position":"center left","background_repeat":"no-repeat","background_size":"cover","padding":{"unit":"px","top":"0","right":"0","bottom":"0","left":"0","isLinked":"1"},"background_motion_fx_motion_fx_scrolling":"yes","background_motion_fx_translateY_effect":"yes","background_motion_fx_translateY_speed":{"unit":"px","size":"2.5","sizes":[]},"_inline_size_tablet":"100","background_position_mobile":"initial","background_xpos_mobile":{"unit":"px","size":"-230","sizes":[]}},"elements":[{"id":"5b381d11","elType":"widget","settings":{"space_tablet":{"unit":"px","size":"500","sizes":[]}},"elements":[],"widgetType":"spacer"},{"id":"4edc909","elType":"widget","settings":{"anchor":"down","_position":"absolute","_offset_y":{"unit":"px","size":"116","sizes":[]},"_offset_x_mobile":{"size":"-1","unit":"px"},"_offset_y_tablet":{"unit":"px","size":"250","sizes":[]},"_offset_y_mobile":{"size":"175","unit":"px"}},"elements":[],"widgetType":"menu-anchor"}],"isInner":""},{"id":"24bf24ba","elType":"column","settings":{"_column_size":"33","padding":{"unit":"px","top":"0","right":"0","bottom":"0","left":"0","isLinked":"1"},"_inline_size_tablet":"100"},"elements":[{"id":"1a48fb44","elType":"widget","settings":{"skin":"cover","bg_image":{"id":12999,"url":"https:\/\/library.elementor.com\/wp-content\/uploads\/2020\/02\/pets-2.png"},"bg_image_size":"full","title":" ","description":"","button":"","min-height":{"unit":"vh","size":"100","sizes":[]},"transformation":"","content_animation":"","overlay_color":"rgba(0, 0, 0, 0)","overlay_color_hover":"rgba(0, 0, 0, 0)","min-height_tablet":{"unit":"vh","size":"70","sizes":[]},"graphic_image":{"id":"12826","url":"https:\/\/library.elementor.com\/wp-content\/uploads\/2020\/02\/placeholder.png"}},"elements":[],"widgetType":"call-to-action"}],"isInner":""}],"isInner":""},{"id":"6a2910da","elType":"section","settings":{"layout":"full_width","height":"min-height","custom_height":{"unit":"vh","size":"100","sizes":[]},"column_position":"stretch","structure":"20","z_index":"2","_timestamp_":"v1WjRwWEVHZkY3VVJWVEwzdFhhT0JXdz09"},"elements":[{"id":"365ee446","elType":"column","settings":{"_column_size":"50","space_between_widgets":"0","padding":{"unit":"px","top":"0","right":"0","bottom":"0","left":"0","isLinked":"1"},"_inline_size_tablet":"100"},"elements":[{"id":"5ff5379f","elType":"widget","settings":{"skin":"cover","bg_image":{"id":13000,"url":"https:\/\/library.elementor.com\/wp-content\/uploads\/2020\/02\/pets-5.png"},"bg_image_size":"full","title":" ","description":"","button":"","min-height":{"unit":"vh","size":"50","sizes":[]},"transformation":"zoom-out","content_animation":"","overlay_color":"rgba(0, 0, 0, 0)","overlay_color_hover":"rgba(0, 0, 0, 0)","graphic_image":{"id":"12826","url":"https:\/\/library.elementor.com\/wp-content\/uploads\/2020\/02\/placeholder.png"}},"elements":[],"widgetType":"call-to-action"},{"id":"3706676b","elType":"widget","settings":{"skin":"cover","bg_image":{"id":13001,"url":"https:\/\/library.elementor.com\/wp-content\/uploads\/2020\/02\/pets-6.png"},"bg_image_size":"full","title":" ","description":"","button":"","min-height":{"unit":"vh","size":"50","sizes":[]},"transformation":"zoom-out","content_animation":"","overlay_color":"rgba(0, 0, 0, 0)","overlay_color_hover":"rgba(0, 0, 0, 0)","graphic_image":{"id":"12826","url":"https:\/\/library.elementor.com\/wp-content\/uploads\/2020\/02\/placeholder.png"}},"elements":[],"widgetType":"call-to-action"}],"isInner":""},{"id":"4b751c07","elType":"column","settings":{"_column_size":"50","background_background":"classic","background_image":{"id":13002,"url":"https:\/\/library.elementor.com\/wp-content\/uploads\/2020\/02\/pets-4-3.png"},"background_position":"center center","background_attachment":"fixed","background_repeat":"no-repeat","background_size":"cover","_inline_size_tablet":"100","background_position_tablet":"center right"},"elements":[{"id":"43147c28","elType":"widget","settings":{"space_tablet":{"unit":"px","size":"420","sizes":[]}},"elements":[],"widgetType":"spacer"}],"isInner":""}],"isInner":""},{"id":"2a4c2f8b","elType":"section","settings":{"layout":"full_width","height":"min-height","custom_height":{"unit":"vh","size":"100","sizes":[]},"column_position":"stretch","padding":{"unit":"px","top":"0","right":"0","bottom":"0","left":"0","isLinked":"1"},"z_index":"2","_timestamp_":"v1WjRwWEVHZkY3VVJWVEwzdFhhT0JXdz09"},"elements":[{"id":"7e269983","elType":"column","settings":{"_column_size":"100","padding":{"unit":"px","top":"0","right":"0","bottom":"0","left":"0","isLinked":"1"}},"elements":[{"id":"366e9a38","elType":"widget","settings":{"slides":[{"heading":"","description":"","button_text":"","background_color":"","_id":"8ee286a","background_image":{"id":13003,"url":"https:\/\/library.elementor.com\/wp-content\/uploads\/2020\/02\/pets-7.png"},"background_size":"cover","background_ken_burns":"","zoom_direction":"in","background_overlay":"","background_overlay_color":"rgba(0,0,0,0.5)","background_overlay_blend_mode":"","link":{"url":"","is_external":"","nofollow":"","custom_attributes":""},"link_click":"slide","custom_style":"","horizontal_position":"","vertical_position":"","text_align":"","content_color":"","repeater_text_shadow_text_shadow_type":"","repeater_text_shadow_text_shadow":{"horizontal":"0","vertical":"0","blur":"10","color":"rgba(0,0,0,0.3)"}},{"heading":"","description":"","button_text":"","background_color":"","background_image":{"id":13004,"url":"https:\/\/library.elementor.com\/wp-content\/uploads\/2020\/02\/pets-18.png"},"background_size":"cover","background_ken_burns":"","zoom_direction":"in","background_overlay":"","background_overlay_color":"rgba(0,0,0,0.5)","background_overlay_blend_mode":"","link":{"url":"","is_external":"","nofollow":"","custom_attributes":""},"link_click":"slide","custom_style":"","horizontal_position":"","vertical_position":"","text_align":"","content_color":"","repeater_text_shadow_text_shadow_type":"","repeater_text_shadow_text_shadow":{"horizontal":"0","vertical":"0","blur":"10","color":"rgba(0,0,0,0.3)"},"_id":"7f5dd75"},{"heading":"","description":"","button_text":"","background_color":"","background_image":{"id":13005,"url":"https:\/\/library.elementor.com\/wp-content\/uploads\/2020\/02\/pets-19.png"},"background_size":"cover","background_ken_burns":"","zoom_direction":"in","background_overlay":"","background_overlay_color":"rgba(0,0,0,0.5)","background_overlay_blend_mode":"","link":{"url":"","is_external":"","nofollow":"","custom_attributes":""},"link_click":"slide","custom_style":"","horizontal_position":"","vertical_position":"","text_align":"","content_color":"","repeater_text_shadow_text_shadow_type":"","repeater_text_shadow_text_shadow":{"horizontal":"0","vertical":"0","blur":"10","color":"rgba(0,0,0,0.3)"},"_id":"a352167"}],"slides_height":{"unit":"vh","size":"100","sizes":[]},"navigation":"none","pause_on_hover":"","pause_on_interaction":"","autoplay_speed":"3000","content_animation":"","transition_speed":1000},"elements":[],"widgetType":"slides"}],"isInner":""}],"isInner":""},{"id":"4b01d486","elType":"section","settings":{"layout":"full_width","height":"min-height","custom_height":{"unit":"vh","size":"100","sizes":[]},"column_position":"stretch","structure":"20","z_index":"2","_timestamp_":"v1WjRwWEVHZkY3VVJWVEwzdFhhT0JXdz09"},"elements":[{"id":"380898bf","elType":"column","settings":{"_column_size":"50","background_background":"classic","background_image":{"id":13006,"url":"https:\/\/library.elementor.com\/wp-content\/uploads\/2020\/02\/pets-19-1.png"},"background_position":"center center","background_repeat":"no-repeat","background_size":"cover","_inline_size_tablet":"100"},"elements":[{"id":"334eef","elType":"widget","settings":{"space_tablet":{"unit":"px","size":"600","sizes":[]}},"elements":[],"widgetType":"spacer"}],"isInner":""},{"id":"4f54d04","elType":"column","settings":{"_column_size":"50","background_image":{"id":13008,"url":"https:\/\/library.elementor.com\/wp-content\/uploads\/2020\/02\/pets-18-1.png"},"background_position":"center center","background_repeat":"no-repeat","background_size":"cover","padding":{"unit":"px","top":"0","right":"0","bottom":"0","left":"0","isLinked":"1"},"_inline_size_tablet":"100"},"elements":[{"id":"304de3bf","elType":"widget","settings":{"selected_icon":{"value":"","library":""},"title_text_a":"Black &amp; White Portraits","description_text_a":" Monochrome images of household animals","background_a_background":"classic","background_a_image":{"id":13007,"url":"https:\/\/library.elementor.com\/wp-content\/uploads\/2020\/02\/pets-19-1-1.png"},"background_a_position":"center center","title_text_b":"","description_text_b":"","button_text":"Explore The Project","link_click":"box","background_b_background":"classic","background_b_color":"rgba(0, 0, 0, 0.35)","background_b_position":"center center","background_b_repeat":"no-repeat","height":{"unit":"vh","size":"100","sizes":[]},"flip_effect":"fade","padding_a":{"unit":"px","top":"50","right":"50","bottom":"0","left":"0","isLinked":""},"alignment_a":"right","vertical_position_a":"top","icon_spacing":{"unit":"px","size":"0","sizes":[]},"title_typography_a_typography":"custom","title_typography_a_font_family":"Montserrat","title_typography_a_font_size":{"unit":"px","size":"30","sizes":[]},"title_typography_a_font_weight":"300","description_typography_a_typography":"custom","description_typography_a_font_family":"Montserrat","description_typography_a_font_size":{"unit":"px","size":"16","sizes":[]},"description_typography_a_font_weight":"300","padding_b":{"unit":"px","top":"150","right":"30","bottom":"0","left":"0","isLinked":""},"alignment_b":"right","vertical_position_b":"top","title_spacing_b":{"unit":"px","size":"0","sizes":[]},"title_typography_b_typography":"custom","title_typography_b_font_family":"Montserrat","title_typography_b_font_size":{"unit":"px","size":"30","sizes":[]},"title_typography_b_font_weight":"300","description_typography_b_typography":"custom","description_typography_b_font_family":"Montserrat","description_typography_b_font_size":{"unit":"px","size":"16","sizes":[]},"description_typography_b_font_weight":"300","button_typography_typography":"custom","button_typography_font_family":"Montserrat","button_typography_font_size":{"unit":"px","size":"16","sizes":[]},"button_typography_font_weight":"300","button_typography_text_decoration":"underline","button_text_color":"#FFFFFF","button_border_width":{"unit":"px","size":"0","sizes":[]},"button_border_radius":{"unit":"px","size":"0","sizes":[]},"__dynamic__":{"link":"[elementor-tag id=\"b008bda\" name=\"site-url\" settings=\"%7B%7D\"]"},"background_a_repeat":"no-repeat","background_a_size":"cover","title_spacing_a":{"unit":"px","size":"10","sizes":[]},"padding_a_mobile":{"unit":"px","top":"50","right":"30","bottom":"0","left":"30","isLinked":""},"padding_b_mobile":{"unit":"px","top":"170","right":"10","bottom":"0","left":"0","isLinked":""},"title_typography_a_text_transform":"capitalize","button_typography_text_transform":"capitalize","image":{"id":"12826","url":"https:\/\/library.elementor.com\/wp-content\/uploads\/2020\/02\/placeholder.png"}},"elements":[],"widgetType":"flip-box"}],"isInner":""}],"isInner":""},{"id":"3c509922","elType":"section","settings":{"layout":"full_width","z_index":"2","_timestamp_":"v1WjRwWEVHZkY3VVJWVEwzdFhhT0JXdz09"},"elements":[{"id":"7fe89921","elType":"column","settings":{"_column_size":"100","padding":{"unit":"px","top":"0","right":"0","bottom":"0","left":"0","isLinked":"1"}},"elements":[{"id":"9137c97","elType":"widget","settings":{"carousel":[{"id":13009,"url":"https:\/\/library.elementor.com\/wp-content\/uploads\/2020\/02\/pets-20.png"},{"id":13010,"url":"https:\/\/library.elementor.com\/wp-content\/uploads\/2020\/02\/pets-22.png"},{"id":13011,"url":"https:\/\/library.elementor.com\/wp-content\/uploads\/2020\/02\/pets-23.png"},{"id":13012,"url":"https:\/\/library.elementor.com\/wp-content\/uploads\/2020\/02\/pets-24.png"},{"id":13013,"url":"https:\/\/library.elementor.com\/wp-content\/uploads\/2020\/02\/pets-21.png"}],"thumbnail_size":"full","navigation":"none","_margin":{"unit":"px","top":"0","right":"0","bottom":"-7","left":"0","isLinked":""},"pause_on_hover":"no","pause_on_interaction":"no","autoplay_speed":"1500","image_stretch":"yes","image_spacing_custom":{"unit":"px","size":"11","sizes":[]},"slides_to_show":"3","slides_to_scroll":"1","speed":1000},"elements":[],"widgetType":"image-carousel"}],"isInner":""}],"isInner":""},{"id":"718813b2","elType":"section","settings":{"layout":"full_width","custom_height":{"unit":"px","size":"","sizes":[]},"column_position":"stretch","structure":"20","z_index":"2","_timestamp_":"v1WjRwWEVHZkY3VVJWVEwzdFhhT0JXdz09"},"elements":[{"id":"48b15023","elType":"column","settings":{"_column_size":"50","padding":{"unit":"px","top":"0","right":"0","bottom":"0","left":"0","isLinked":"1"}},"elements":[{"id":"48877445","elType":"widget","settings":{"skin":"cover","bg_image":{"id":13014,"url":"https:\/\/library.elementor.com\/wp-content\/uploads\/2020\/02\/pets-9.png"},"bg_image_size":"full","title":" ","description":"","button":"","min-height":{"unit":"vh","size":"100","sizes":[]},"transformation":"move-down","min-height_tablet":{"unit":"vh","size":"50","sizes":[]},"graphic_image":{"id":"12826","url":"https:\/\/library.elementor.com\/wp-content\/uploads\/2020\/02\/placeholder.png"}},"elements":[],"widgetType":"call-to-action"}],"isInner":""},{"id":"a6768f","elType":"column","settings":{"_column_size":"50","padding":{"unit":"px","top":"0","right":"0","bottom":"0","left":"0","isLinked":"1"}},"elements":[{"id":"252cff58","elType":"widget","settings":{"skin":"cover","bg_image":{"id":13015,"url":"https:\/\/library.elementor.com\/wp-content\/uploads\/2020\/02\/pets-8.png"},"bg_image_size":"full","title":" ","description":"","button":"","min-height":{"unit":"vh","size":"100","sizes":[]},"transformation":"move-down","min-height_tablet":{"unit":"vh","size":"50","sizes":[]},"graphic_image":{"id":"12826","url":"https:\/\/library.elementor.com\/wp-content\/uploads\/2020\/02\/placeholder.png"}},"elements":[],"widgetType":"call-to-action"}],"isInner":""}],"isInner":""},{"id":"35db0c","elType":"section","settings":{"layout":"full_width","height":"min-height","custom_height":{"unit":"vh","size":"100","sizes":[]},"column_position":"stretch","z_index":"2","custom_height_tablet":{"unit":"vh","size":"50","sizes":[]},"_timestamp_":"v1WjRwWEVHZkY3VVJWVEwzdFhhT0JXdz09"},"elements":[{"id":"6e67b9ee","elType":"column","settings":{"_column_size":"100","background_background":"classic","background_image":{"id":13016,"url":"https:\/\/library.elementor.com\/wp-content\/uploads\/2020\/02\/pets-25.png"},"background_position":"center right","background_attachment":"fixed","background_repeat":"no-repeat","background_size":"cover","padding":{"unit":"px","top":"0","right":"0","bottom":"0","left":"0","isLinked":"1"}},"elements":[{"id":"548d790c","elType":"widget","settings":[],"elements":[],"widgetType":"spacer"}],"isInner":""}],"isInner":""},{"id":"7bf24de","elType":"section","settings":{"layout":"full_width","z_index":"2","_timestamp_":"v1WjRwWEVHZkY3VVJWVEwzdFhhT0JXdz09"},"elements":[{"id":"735582f7","elType":"column","settings":{"_column_size":"100","padding":{"unit":"px","top":"0","right":"0","bottom":"0","left":"0","isLinked":"1"}},"elements":[{"id":"2fc5961d","elType":"widget","settings":{"gallery":[{"id":13017,"url":"https:\/\/library.elementor.com\/wp-content\/uploads\/2020\/02\/pets-13.png"},{"id":13018,"url":"https:\/\/library.elementor.com\/wp-content\/uploads\/2020\/02\/pets-12.png"},{"id":13019,"url":"https:\/\/library.elementor.com\/wp-content\/uploads\/2020\/02\/pets-11.png"},{"id":13020,"url":"https:\/\/library.elementor.com\/wp-content\/uploads\/2020\/02\/pets-10.png"},{"id":13021,"url":"https:\/\/library.elementor.com\/wp-content\/uploads\/2020\/02\/pets-14.png"},{"id":13022,"url":"https:\/\/library.elementor.com\/wp-content\/uploads\/2020\/02\/pets-15.png"},{"id":13023,"url":"https:\/\/library.elementor.com\/wp-content\/uploads\/2020\/02\/pets-16.png"},{"id":13024,"url":"https:\/\/library.elementor.com\/wp-content\/uploads\/2020\/02\/pets-17-1.png"}],"galleries":[{"gallery_title":"New Gallery","_id":"fe65ca4","multiple_gallery":[]}],"lazyload":"","ideal_row_height":{"unit":"px","size":"500","sizes":[]},"gap":{"unit":"px","size":"0","sizes":[]},"thumbnail_image_size":"full","show_all_galleries_label":"All","aspect_ratio":"9:16","gap_tablet":{"unit":"px","size":"0","sizes":[]},"columns_mobile":"2","gap_mobile":{"unit":"px","size":"0","sizes":[]}},"elements":[],"widgetType":"gallery"}],"isInner":""}],"isInner":""},{"id":"4f1b0f1d","elType":"section","settings":{"layout":"full_width","height":"min-height","custom_height":{"unit":"vh","size":"100","sizes":[]},"column_position":"stretch","structure":"20","z_index":"2","_timestamp_":"v1WjRwWEVHZkY3VVJWVEwzdFhhT0JXdz09"},"elements":[{"id":"1814a7b2","elType":"column","settings":{"_column_size":"50","background_background":"classic","background_image":{"id":13025,"url":"https:\/\/library.elementor.com\/wp-content\/uploads\/2020\/02\/pets-31.png"},"background_position":"center center","background_repeat":"no-repeat","background_size":"cover","_inline_size_tablet":"100"},"elements":[{"id":"4a0e9161","elType":"widget","settings":{"space_tablet":{"unit":"px","size":"600","sizes":[]}},"elements":[],"widgetType":"spacer"}],"isInner":""},{"id":"2a03c900","elType":"column","settings":{"_column_size":"50","background_image":{"id":13008,"url":"https:\/\/library.elementor.com\/wp-content\/uploads\/2020\/02\/pets-18-1.png"},"background_position":"center center","background_repeat":"no-repeat","background_size":"cover","padding":{"unit":"px","top":"0","right":"0","bottom":"0","left":"0","isLinked":"1"},"_inline_size_tablet":"100"},"elements":[{"id":"a654043","elType":"widget","settings":{"selected_icon":{"value":"","library":""},"title_text_a":"Vivid Parrots","description_text_a":"Uniquely colorful birds on a black background whose contrast accentuates the color shades","background_a_background":"classic","background_a_image":{"id":13026,"url":"https:\/\/library.elementor.com\/wp-content\/uploads\/2020\/02\/pets-30-1.png"},"background_a_position":"center center","title_text_b":"","description_text_b":"","button_text":"Explore The Project","link_click":"box","background_b_background":"classic","background_b_color":"rgba(0, 0, 0, 0.35)","background_b_position":"center center","background_b_repeat":"no-repeat","height":{"unit":"vh","size":"100","sizes":[]},"flip_effect":"fade","padding_a":{"unit":"px","top":"50","right":"50","bottom":"0","left":"300","isLinked":""},"alignment_a":"right","vertical_position_a":"top","icon_spacing":{"unit":"px","size":"0","sizes":[]},"title_typography_a_typography":"custom","title_typography_a_font_family":"Montserrat","title_typography_a_font_size":{"unit":"px","size":"30","sizes":[]},"title_typography_a_font_weight":"300","description_typography_a_typography":"custom","description_typography_a_font_family":"Montserrat","description_typography_a_font_size":{"unit":"px","size":"16","sizes":[]},"description_typography_a_font_weight":"300","padding_b":{"unit":"px","top":"200","right":"30","bottom":"0","left":"0","isLinked":""},"alignment_b":"right","vertical_position_b":"top","title_spacing_b":{"unit":"px","size":"0","sizes":[]},"title_typography_b_typography":"custom","title_typography_b_font_family":"Montserrat","title_typography_b_font_size":{"unit":"px","size":"30","sizes":[]},"title_typography_b_font_weight":"300","description_typography_b_typography":"custom","description_typography_b_font_family":"Montserrat","description_typography_b_font_size":{"unit":"px","size":"16","sizes":[]},"description_typography_b_font_weight":"300","button_typography_typography":"custom","button_typography_font_family":"Montserrat","button_typography_font_size":{"unit":"px","size":"16","sizes":[]},"button_typography_font_weight":"300","button_typography_text_decoration":"underline","button_text_color":"#FFFFFF","button_border_width":{"unit":"px","size":"0","sizes":[]},"button_border_radius":{"unit":"px","size":"0","sizes":[]},"__dynamic__":{"link":"[elementor-tag id=\"b008bda\" name=\"site-url\" settings=\"%7B%7D\"]"},"background_a_repeat":"no-repeat","background_a_size":"cover","title_spacing_a":{"unit":"px","size":"10","sizes":[]},"padding_a_mobile":{"unit":"px","top":"50","right":"30","bottom":"0","left":"30","isLinked":""},"padding_b_mobile":{"unit":"px","top":"170","right":"10","bottom":"0","left":"0","isLinked":""},"title_typography_a_text_transform":"capitalize","button_typography_text_transform":"capitalize","image":{"id":"12826","url":"https:\/\/library.elementor.com\/wp-content\/uploads\/2020\/02\/placeholder.png"}},"elements":[],"widgetType":"flip-box"}],"isInner":""}],"isInner":""},{"id":"6d184528","elType":"section","settings":{"layout":"full_width","height":"min-height","custom_height":{"unit":"vh","size":"100","sizes":[]},"column_position":"stretch","background_background":"classic","background_image":{"id":13027,"url":"https:\/\/library.elementor.com\/wp-content\/uploads\/2020\/02\/pets-30.png"},"background_position":"center center","background_attachment":"fixed","background_repeat":"no-repeat","background_size":"cover","z_index":"2","_timestamp_":"v1WjRwWEVHZkY3VVJWVEwzdFhhT0JXdz09"},"elements":[{"id":"40c42489","elType":"column","settings":{"_column_size":"100"},"elements":[],"isInner":""}],"isInner":""}],"page_settings":[]}