{"content":[{"id":"2bf612be","elType":"section","settings":{"layout":"full_width","height":"min-height","custom_height":{"unit":"vh","size":"100","sizes":[]},"column_position":"stretch","structure":"20","background_background":"classic","background_image":{"id":13034,"url":"https:\/\/library.elementor.com\/wp-content\/uploads\/2020\/02\/Parrot-1.png"},"background_position":"center center","background_attachment":"fixed","background_repeat":"no-repeat","background_size":"cover","z_index":"2","_element_id":"uppage","custom_height_mobile":{"unit":"vh","size":"100","sizes":[]},"_timestamp_":"v1WjRwWEVHZkY3VVJWVEwzdFhhT0JXdz09"},"elements":[{"id":"33fb4a49","elType":"column","settings":{"_column_size":"50","_inline_size":"60","_inline_size_tablet":"100"},"elements":[{"id":"31bf6428","elType":"widget","settings":{"space":{"unit":"px","size":"300","sizes":[]},"space_tablet":{"unit":"px","size":"250","sizes":[]},"space_mobile":{"unit":"px","size":"0","sizes":[]}},"elements":[],"widgetType":"spacer"}],"isInner":""},{"id":"110372b6","elType":"column","settings":{"_column_size":"50","_inline_size":"40","content_position":"center","background_background":"classic","background_color":"rgba(0, 0, 0, 0.75)","padding":{"unit":"px","top":"0","right":"80","bottom":"0","left":"80","isLinked":""},"_inline_size_tablet":"100","padding_tablet":{"unit":"px","top":"0","right":"80","bottom":"0","left":"80","isLinked":""},"margin_tablet":{"unit":"px","top":"0","right":"0","bottom":"0","left":"0","isLinked":"1"},"padding_mobile":{"unit":"px","top":"160","right":"30","bottom":"90","left":"30","isLinked":""}},"elements":[{"id":"37569da8","elType":"widget","settings":{"title":"Vivid Parrots.","title_color":"#FFFFFF","typography_typography":"custom","typography_font_family":"Montserrat","typography_font_size":{"unit":"px","size":"35","sizes":[]},"typography_font_weight":"300","typography_font_size_mobile":{"unit":"px","size":"30","sizes":[]},"typography_text_transform":"capitalize","header_size":"h1"},"elements":[],"widgetType":"heading"},{"id":"1dbdc5ce","elType":"widget","settings":{"editor":"These amazing birds are spectacular and have an amazing range of colors. The black contrast background highlights the beauty of the parrots.","align":"left","text_color":"#FFFFFF","typography_typography":"custom","typography_font_family":"Montserrat","typography_font_size":{"unit":"px","size":"16","sizes":[]},"typography_font_weight":"200","typography_line_height":{"unit":"em","size":"1.6","sizes":[]},"typography_font_size_mobile":{"unit":"px","size":"15","sizes":[]}},"elements":[],"widgetType":"text-editor"},{"id":"30f42cd5","elType":"widget","settings":{"text":"Divider","color":"rgba(255, 255, 255, 0.33)","gap_mobile":{"unit":"px","size":"5","sizes":[]},"text_align":"","border_radius":{"unit":"px","top":"","right":"","bottom":"","left":"","isLinked":"1"}},"elements":[],"widgetType":"divider"},{"id":"76f56b54","elType":"widget","settings":{"icon_list":[{"text":"Location: Worldwide","selected_icon":{"value":"","library":""},"_id":"af8b320","link":{"url":"","is_external":"","nofollow":"","custom_attributes":""}},{"text":"Camera: Nikon D500","selected_icon":{"value":"","library":""},"link":{"url":"","is_external":"","nofollow":"","custom_attributes":""},"_id":"7658ac9"},{"text":"Lens: DSLR","selected_icon":{"value":"","library":""},"link":{"url":"","is_external":"","nofollow":"","custom_attributes":""},"_id":"38a10b5"}],"space_between":{"unit":"px","size":"15","sizes":[]},"icon_align":"left","text_color":"#FFFFFF","icon_typography_typography":"custom","icon_typography_font_family":"Montserrat","icon_typography_font_size":{"unit":"px","size":"15","sizes":[]},"icon_typography_font_weight":"300","icon_typography_font_size_mobile":{"unit":"px","size":"15","sizes":[]},"icon_typography_text_transform":"capitalize"},"elements":[],"widgetType":"icon-list"},{"id":"3f29109e","elType":"widget","settings":{"selected_icon":{"value":{"id":"12808","url":"https:\/\/library.elementor.com\/wp-content\/uploads\/2020\/02\/Arrow-home.svg"},"library":"svg"},"align":"left","primary_color":"#FFFFFF","size":{"unit":"px","size":"50","sizes":[]},"_padding":{"unit":"px","top":"30","right":"30","bottom":"30","left":"30","isLinked":"1"},"_background_background":"classic","_background_color":"#FC3B29","_element_width":"auto","_element_vertical_align":"center","link":{"url":"#down","is_external":"","nofollow":""},"_position":"absolute","_offset_orientation_v":"end","_offset_x_mobile":{"size":"0","unit":"px"},"_offset_y_end_mobile":{"size":"-90","unit":"px"},"size_mobile":{"unit":"px","size":"35","sizes":[]},"_padding_mobile":{"unit":"px","top":"25","right":"25","bottom":"25","left":"25","isLinked":"1"},"_offset_orientation_h":"end","_offset_x_end":{"unit":"px","size":"-80","sizes":[]},"_offset_x_end_mobile":{"size":"-30","unit":"px"}},"elements":[],"widgetType":"icon"}],"isInner":""}],"isInner":""},{"id":"235876e9","elType":"section","settings":{"layout":"full_width","custom_height":{"unit":"px","size":"850","sizes":[]},"column_position":"stretch","z_index":"2","background_background":"classic","background_color":"#000000","_timestamp_":"v1WjRwWEVHZkY3VVJWVEwzdFhhT0JXdz09"},"elements":[{"id":"2cfebe5e","elType":"column","settings":{"_column_size":"100","padding":{"unit":"px","top":"0","right":"0","bottom":"0","left":"0","isLinked":"1"},"space_between_widgets":"0"},"elements":[{"id":"76ce731e","elType":"widget","settings":{"gallery":[{"id":13035,"url":"https:\/\/library.elementor.com\/wp-content\/uploads\/2020\/02\/Parrot-2.png"},{"id":13036,"url":"https:\/\/library.elementor.com\/wp-content\/uploads\/2020\/02\/Parrot-3.png"},{"id":13037,"url":"https:\/\/library.elementor.com\/wp-content\/uploads\/2020\/02\/Parrot-4.png"},{"id":13038,"url":"https:\/\/library.elementor.com\/wp-content\/uploads\/2020\/02\/Parrot-5.png"}],"galleries":[{"gallery_title":"New Gallery","_id":"6c94463","multiple_gallery":[]}],"lazyload":"","ideal_row_height":{"unit":"px","size":"800","sizes":[]},"gap":{"unit":"px","size":"0","sizes":[]},"aspect_ratio":"1:1","thumbnail_image_size":"full","show_all_galleries_label":"All","overlay_title":"title","image_animation_duration":{"unit":"px","size":"1400","sizes":[]},"background_overlay_animation_duration":{"unit":"px","size":"1400","sizes":[]},"content_alignment":"left","content_vertical_position":"top","content_padding":{"unit":"px","size":"60","sizes":[]},"title_color":"#FFFFFF","title_typography_typography":"custom","title_typography_font_family":"Montserrat","title_typography_font_size":{"unit":"px","size":"18","sizes":[]},"title_typography_font_weight":"200","content_animation_duration":{"unit":"px","size":"1000","sizes":[]},"columns":"2","gap_tablet":{"unit":"px","size":"0","sizes":[]},"gap_mobile":{"unit":"px","size":"0","sizes":[]}},"elements":[],"widgetType":"gallery"},{"id":"5757fd13","elType":"widget","settings":{"anchor":"down","_position":"absolute","_offset_y":{"unit":"px","size":"116","sizes":[]},"_offset_y_tablet":{"unit":"px","size":"250","sizes":[]},"_offset_y_mobile":{"unit":"px","size":"200","sizes":[]}},"elements":[],"widgetType":"menu-anchor"}],"isInner":""}],"isInner":""},{"id":"f73c030","elType":"section","settings":{"layout":"full_width","custom_height":{"unit":"vh","size":"100","sizes":[]},"column_position":"stretch","z_index":"2","_timestamp_":"v1WjRwWEVHZkY3VVJWVEwzdFhhT0JXdz09"},"elements":[{"id":"2f8d27b4","elType":"column","settings":{"_column_size":"100","padding":{"unit":"px","top":"0","right":"0","bottom":"0","left":"0","isLinked":"1"}},"elements":[{"id":"68b4597e","elType":"widget","settings":{"slides":[{"heading":"","description":"","button_text":"","background_color":"","_id":"8ee286a","background_image":{"id":13039,"url":"https:\/\/library.elementor.com\/wp-content\/uploads\/2020\/02\/Parrot-6.png"},"background_size":"cover","background_ken_burns":"","zoom_direction":"in","background_overlay":"","background_overlay_color":"rgba(0,0,0,0.5)","background_overlay_blend_mode":"","link":{"url":"","is_external":"","nofollow":"","custom_attributes":""},"link_click":"slide","custom_style":"","horizontal_position":"","vertical_position":"","text_align":"","content_color":"","repeater_text_shadow_text_shadow_type":"","repeater_text_shadow_text_shadow":{"horizontal":"0","vertical":"0","blur":"10","color":"rgba(0,0,0,0.3)"}},{"heading":"","description":"","button_text":"","background_color":"","background_image":{"id":13040,"url":"https:\/\/library.elementor.com\/wp-content\/uploads\/2020\/02\/Parrot-7.png"},"background_size":"cover","background_ken_burns":"","zoom_direction":"in","background_overlay":"","background_overlay_color":"rgba(0,0,0,0.5)","background_overlay_blend_mode":"","link":{"url":"","is_external":"","nofollow":"","custom_attributes":""},"link_click":"slide","custom_style":"","horizontal_position":"","vertical_position":"","text_align":"","content_color":"","repeater_text_shadow_text_shadow_type":"","repeater_text_shadow_text_shadow":{"horizontal":"0","vertical":"0","blur":"10","color":"rgba(0,0,0,0.3)"},"_id":"7f5dd75"}],"slides_height":{"unit":"vh","size":"100","sizes":[]},"navigation":"none","pause_on_hover":"","pause_on_interaction":"","autoplay_speed":"3000","content_animation":"","transition_speed":1000,"slides_height_tablet":{"unit":"vh","size":"50","sizes":[]}},"elements":[],"widgetType":"slides"}],"isInner":""}],"isInner":""},{"id":"2cf71d15","elType":"section","settings":{"layout":"full_width","z_index":"12","structure":"30","_timestamp_":"v1WjRwWEVHZkY3VVJWVEwzdFhhT0JXdz09"},"elements":[{"id":"1049531a","elType":"column","settings":{"_column_size":"33","padding":{"unit":"px","top":"0","right":"0","bottom":"0","left":"0","isLinked":"1"},"_inline_size_tablet":"33"},"elements":[{"id":"2af98025","elType":"widget","settings":{"skin":"cover","bg_image":{"id":13041,"url":"https:\/\/library.elementor.com\/wp-content\/uploads\/2020\/02\/Parrot-8.png"},"bg_image_size":"full","title":" ","description":"","button":"","min-height":{"unit":"vh","size":"85","sizes":[]},"content_animation":"","overlay_color_hover":"rgba(0, 0, 0, 0)","min-height_tablet":{"unit":"vh","size":"50","sizes":[]},"min-height_mobile":{"unit":"vh","size":"100","sizes":[]},"graphic_image":{"id":"12826","url":"https:\/\/library.elementor.com\/wp-content\/uploads\/2020\/02\/placeholder.png"}},"elements":[],"widgetType":"call-to-action"}],"isInner":""},{"id":"2f623d84","elType":"column","settings":{"_column_size":"33","padding":{"unit":"px","top":"0","right":"0","bottom":"0","left":"0","isLinked":"1"},"_inline_size_tablet":"33"},"elements":[{"id":"64e9676f","elType":"widget","settings":{"skin":"cover","bg_image":{"id":13042,"url":"https:\/\/library.elementor.com\/wp-content\/uploads\/2020\/02\/Parrot-9.png"},"bg_image_size":"full","title":" ","description":"","button":"","min-height":{"unit":"vh","size":"85","sizes":[]},"content_animation":"","overlay_color_hover":"rgba(0, 0, 0, 0)","min-height_tablet":{"unit":"vh","size":"50","sizes":[]},"graphic_image":{"id":"12826","url":"https:\/\/library.elementor.com\/wp-content\/uploads\/2020\/02\/placeholder.png"}},"elements":[],"widgetType":"call-to-action"}],"isInner":""},{"id":"2a1397cd","elType":"column","settings":{"_column_size":"33","padding":{"unit":"px","top":"0","right":"0","bottom":"0","left":"0","isLinked":"1"},"_inline_size_tablet":"34"},"elements":[{"id":"61fcab00","elType":"widget","settings":{"skin":"cover","bg_image":{"id":13043,"url":"https:\/\/library.elementor.com\/wp-content\/uploads\/2020\/02\/Parrot-10.png"},"bg_image_size":"full","title":" ","description":"","button":"","min-height":{"unit":"vh","size":"85","sizes":[]},"min-height_tablet":{"unit":"vh","size":"50","sizes":[]},"graphic_image":{"id":"12826","url":"https:\/\/library.elementor.com\/wp-content\/uploads\/2020\/02\/placeholder.png"}},"elements":[],"widgetType":"call-to-action"}],"isInner":""}],"isInner":""},{"id":"573889b8","elType":"section","settings":{"layout":"full_width","structure":"20","z_index":"2","_timestamp_":"v1WjRwWEVHZkY3VVJWVEwzdFhhT0JXdz09"},"elements":[{"id":"29ee34b2","elType":"column","settings":{"_column_size":"50","padding":{"unit":"px","top":"0","right":"0","bottom":"0","left":"0","isLinked":"1"}},"elements":[{"id":"3215d317","elType":"widget","settings":{"skin":"cover","bg_image":{"id":13044,"url":"https:\/\/library.elementor.com\/wp-content\/uploads\/2020\/02\/Parrot-11.png"},"bg_image_size":"full","title":" ","description":"","button":"","min-height":{"unit":"vh","size":"100","sizes":[]},"transformation":"move-down","min-height_tablet":{"unit":"vh","size":"50","sizes":[]},"graphic_image":{"id":"12826","url":"https:\/\/library.elementor.com\/wp-content\/uploads\/2020\/02\/placeholder.png"}},"elements":[],"widgetType":"call-to-action"}],"isInner":""},{"id":"544110d2","elType":"column","settings":{"_column_size":"50","padding":{"unit":"px","top":"0","right":"0","bottom":"0","left":"0","isLinked":"1"}},"elements":[{"id":"7eec888c","elType":"widget","settings":{"skin":"cover","bg_image":{"id":13045,"url":"https:\/\/library.elementor.com\/wp-content\/uploads\/2020\/02\/Pets-Black-12-2.png"},"bg_image_size":"full","title":" ","description":"","button":"","min-height":{"unit":"vh","size":"100","sizes":[]},"transformation":"move-down","min-height_tablet":{"unit":"vh","size":"50","sizes":[]},"graphic_image":{"id":"12826","url":"https:\/\/library.elementor.com\/wp-content\/uploads\/2020\/02\/placeholder.png"}},"elements":[],"widgetType":"call-to-action"}],"isInner":""}],"isInner":""},{"id":"2d554a08","elType":"section","settings":{"layout":"full_width","custom_height":{"unit":"px","size":"850","sizes":[]},"column_position":"stretch","z_index":"2","background_background":"classic","background_color":"#000000","_timestamp_":"v1WjRwWEVHZkY3VVJWVEwzdFhhT0JXdz09"},"elements":[{"id":"938dd2a","elType":"column","settings":{"_column_size":"100","padding":{"unit":"px","top":"0","right":"0","bottom":"0","left":"0","isLinked":"1"}},"elements":[{"id":"175c9375","elType":"widget","settings":{"gallery":[{"id":13046,"url":"https:\/\/library.elementor.com\/wp-content\/uploads\/2020\/02\/Parrot-13-1.png"},{"id":13047,"url":"https:\/\/library.elementor.com\/wp-content\/uploads\/2020\/02\/Parrot-14-1.png"},{"id":13048,"url":"https:\/\/library.elementor.com\/wp-content\/uploads\/2020\/02\/Parrot-15-1.png"}],"galleries":[{"gallery_title":"New Gallery","_id":"6c94463","multiple_gallery":[]}],"lazyload":"","ideal_row_height":{"unit":"px","size":"800","sizes":[]},"gap":{"unit":"px","size":"0","sizes":[]},"aspect_ratio":"9:16","thumbnail_image_size":"full","show_all_galleries_label":"All","overlay_title":"title","image_animation_duration":{"unit":"px","size":"1400","sizes":[]},"background_overlay_animation_duration":{"unit":"px","size":"1400","sizes":[]},"content_alignment":"left","content_vertical_position":"top","content_padding":{"unit":"px","size":"60","sizes":[]},"title_color":"#FFFFFF","title_typography_typography":"custom","title_typography_font_family":"Montserrat","title_typography_font_size":{"unit":"px","size":"18","sizes":[]},"title_typography_font_weight":"200","content_animation_duration":{"unit":"px","size":"1000","sizes":[]},"columns":"3","columns_tablet":"3","gap_tablet":{"unit":"px","size":"0","sizes":[]},"gap_mobile":{"unit":"px","size":"0","sizes":[]}},"elements":[],"widgetType":"gallery"}],"isInner":""}],"isInner":""},{"id":"64abe7b0","elType":"section","settings":{"layout":"full_width","custom_height":{"unit":"vh","size":"100","sizes":[]},"column_position":"stretch","z_index":"2","_timestamp_":"v1WjRwWEVHZkY3VVJWVEwzdFhhT0JXdz09"},"elements":[{"id":"3d342773","elType":"column","settings":{"_column_size":"100","padding":{"unit":"px","top":"0","right":"0","bottom":"0","left":"0","isLinked":"1"}},"elements":[{"id":"491bf79e","elType":"widget","settings":{"carousel":[{"id":13049,"url":"https:\/\/library.elementor.com\/wp-content\/uploads\/2020\/02\/Parrot-16.png"},{"id":13050,"url":"https:\/\/library.elementor.com\/wp-content\/uploads\/2020\/02\/Parrot-17.png"},{"id":13051,"url":"https:\/\/library.elementor.com\/wp-content\/uploads\/2020\/02\/Parrot-18.png"}],"thumbnail_size":"full","slides_to_show":"2","slides_to_scroll":"1","image_stretch":"yes","navigation":"none","_margin":{"unit":"px","top":"0","right":"0","bottom":"-8","left":"0","isLinked":""},"pause_on_hover":"no","pause_on_interaction":"no","autoplay_speed":"3500"},"elements":[],"widgetType":"image-carousel"}],"isInner":""}],"isInner":""},{"id":"6e285448","elType":"section","settings":{"layout":"full_width","height":"min-height","custom_height":{"unit":"vh","size":"100","sizes":[]},"column_position":"stretch","background_background":"classic","background_image":{"id":13052,"url":"https:\/\/library.elementor.com\/wp-content\/uploads\/2020\/02\/Parrot-21.png"},"background_position":"center center","background_attachment":"fixed","background_repeat":"no-repeat","background_size":"cover","z_index":"2","_timestamp_":"v1WjRwWEVHZkY3VVJWVEwzdFhhT0JXdz09"},"elements":[{"id":"66d9bd6c","elType":"column","settings":{"_column_size":"100"},"elements":[],"isInner":""}],"isInner":""}],"page_settings":[]}