{"content":[{"id":"117c9b28","elType":"section","settings":{"layout":"full_width","height":"min-height","custom_height":{"unit":"vh","size":"100","sizes":[]},"column_position":"stretch","z_index":"2","_element_id":"uppage","_timestamp_":"v1WjRwWEVHZkY3VVJWVEwzdFhhT0JXdz09"},"elements":[{"id":"4e1e4bfc","elType":"column","settings":{"_column_size":"100","padding":{"unit":"px","top":"0","right":"0","bottom":"0","left":"0","isLinked":"1"},"content_position":"top","background_background":"classic","background_image":{"id":13059,"url":"https:\/\/library.elementor.com\/wp-content\/uploads\/2020\/02\/Wild-animal-pic-1.png"},"background_position":"center center","background_repeat":"no-repeat","background_size":"cover","background_position_mobile":"initial","background_xpos_mobile":{"unit":"px","size":"-285","sizes":[]}},"elements":[{"id":"386d1f5a","elType":"widget","settings":{"title":"Wildlife.","align":"center","title_color":"#FFFFFF","typography_typography":"custom","typography_font_family":"Montserrat","typography_font_size":{"unit":"px","size":"45","sizes":[]},"typography_font_weight":"200","_margin":{"unit":"px","top":"165","right":"0","bottom":"0","left":"0","isLinked":""},"typography_font_size_mobile":{"unit":"px","size":"35","sizes":[]},"_margin_mobile":{"unit":"px","top":"175","right":"0","bottom":"0","left":"0","isLinked":""},"typography_text_transform":"capitalize","header_size":"h1"},"elements":[],"widgetType":"heading"},{"id":"63c6eb1b","elType":"widget","settings":{"selected_icon":{"value":{"id":"12808","url":"https:\/\/library.elementor.com\/wp-content\/uploads\/2020\/02\/Arrow-home.svg"},"library":"svg"},"align":"left","primary_color":"#FFFFFF","size":{"unit":"px","size":"50","sizes":[]},"_padding":{"unit":"px","top":"30","right":"30","bottom":"30","left":"30","isLinked":"1"},"_background_background":"classic","_background_color":"#FC3B29","_element_width":"auto","_element_vertical_align":"center","link":{"url":"#down","is_external":"","nofollow":""},"_position":"absolute","_offset_orientation_v":"end","_offset_x_tablet":{"size":"-1","unit":"px"},"_offset_x_mobile":{"size":"-1","unit":"px"},"_offset_y_end_tablet":{"size":"0","unit":"px"},"_offset_y_end_mobile":{"size":"-1","unit":"px"}},"elements":[],"widgetType":"icon"}],"isInner":""}],"isInner":""},{"id":"4de00abf","elType":"section","settings":{"layout":"full_width","height":"min-height","custom_height":{"unit":"vh","size":"100","sizes":[]},"column_position":"stretch","structure":"22","z_index":"2","_timestamp_":"v1WjRwWEVHZkY3VVJWVEwzdFhhT0JXdz09"},"elements":[{"id":"426e992c","elType":"column","settings":{"_column_size":"66","background_background":"classic","background_image":{"id":13060,"url":"https:\/\/library.elementor.com\/wp-content\/uploads\/2020\/02\/Wild-animal-pic-3-2.png"},"background_position":"center left","background_attachment":"fixed","background_repeat":"no-repeat","background_size":"cover","padding":{"unit":"px","top":"0","right":"0","bottom":"0","left":"0","isLinked":"1"},"_inline_size_tablet":"100","background_position_tablet":"center center","background_repeat_tablet":"no-repeat","background_size_tablet":"cover","background_position_mobile":"center center","background_repeat_mobile":"no-repeat","background_size_mobile":"cover"},"elements":[{"id":"65b210e0","elType":"widget","settings":{"space_tablet":{"unit":"px","size":"380","sizes":[]},"space_mobile":{"unit":"px","size":"205","sizes":[]}},"elements":[],"widgetType":"spacer"},{"id":"45289034","elType":"widget","settings":{"anchor":"down","_position":"absolute","_offset_y":{"unit":"px","size":"116","sizes":[]},"_offset_x_mobile":{"size":"-1","unit":"px"},"_offset_y_tablet":{"unit":"px","size":"250","sizes":[]},"_offset_y_mobile":{"size":"175","unit":"px"}},"elements":[],"widgetType":"menu-anchor"}],"isInner":""},{"id":"6926334a","elType":"column","settings":{"_column_size":"33","padding":{"unit":"px","top":"0","right":"0","bottom":"0","left":"0","isLinked":"1"},"_inline_size_tablet":"100"},"elements":[{"id":"3cee9131","elType":"widget","settings":{"slides":[{"heading":"","description":"","button_text":"","background_color":"","_id":"957acc7","background_image":{"id":13061,"url":"https:\/\/library.elementor.com\/wp-content\/uploads\/2020\/02\/Wild-animal-pic-4-1.png"},"background_size":"cover","background_ken_burns":"","zoom_direction":"in","background_overlay":"","background_overlay_color":"rgba(0,0,0,0.5)","background_overlay_blend_mode":"","link":{"url":"","is_external":"","nofollow":"","custom_attributes":""},"link_click":"slide","custom_style":"","horizontal_position":"","vertical_position":"","text_align":"","content_color":"","repeater_text_shadow_text_shadow_type":"","repeater_text_shadow_text_shadow":{"horizontal":"0","vertical":"0","blur":"10","color":"rgba(0,0,0,0.3)"}},{"heading":"","description":"","button_text":"","background_color":"","background_image":{"id":13062,"url":"https:\/\/library.elementor.com\/wp-content\/uploads\/2020\/02\/Wild-animal-pic-4.png"},"background_size":"cover","background_ken_burns":"","zoom_direction":"in","background_overlay":"","background_overlay_color":"rgba(0,0,0,0.5)","background_overlay_blend_mode":"","link":{"url":"","is_external":"","nofollow":"","custom_attributes":""},"link_click":"slide","custom_style":"","horizontal_position":"","vertical_position":"","text_align":"","content_color":"","repeater_text_shadow_text_shadow_type":"","repeater_text_shadow_text_shadow":{"horizontal":"0","vertical":"0","blur":"10","color":"rgba(0,0,0,0.3)"},"_id":"4982f72"},{"heading":"","description":"","button_text":"","background_color":"","background_image":{"id":13063,"url":"https:\/\/library.elementor.com\/wp-content\/uploads\/2020\/02\/Wild-animal-pic-new.png"},"background_size":"cover","background_ken_burns":"","zoom_direction":"in","background_overlay":"","background_overlay_color":"rgba(0,0,0,0.5)","background_overlay_blend_mode":"","link":{"url":"","is_external":"","nofollow":"","custom_attributes":""},"link_click":"slide","custom_style":"","horizontal_position":"","vertical_position":"","text_align":"","content_color":"","repeater_text_shadow_text_shadow_type":"","repeater_text_shadow_text_shadow":{"horizontal":"0","vertical":"0","blur":"10","color":"rgba(0,0,0,0.3)"},"_id":"d33d740"}],"slides_height":{"unit":"vh","size":"100","sizes":[]},"navigation":"none","slides_height_tablet":{"unit":"vh","size":"100","sizes":[]},"pause_on_hover":"","pause_on_interaction":"","autoplay_speed":"4000","transition_speed":1000,"content_animation":""},"elements":[],"widgetType":"slides"}],"isInner":""}],"isInner":""},{"id":"6ed6ea59","elType":"section","settings":{"layout":"full_width","z_index":"2","background_background":"classic","background_color":"#000000","_timestamp_":"v1WjRwWEVHZkY3VVJWVEwzdFhhT0JXdz09"},"elements":[{"id":"4bd2ed0c","elType":"column","settings":{"_column_size":"100","padding":{"unit":"px","top":"0","right":"0","bottom":"0","left":"0","isLinked":"1"}},"elements":[{"id":"66ce5bda","elType":"widget","settings":{"gallery":[{"id":13064,"url":"https:\/\/library.elementor.com\/wp-content\/uploads\/2020\/02\/Wild-animal-pic-5.png"},{"id":13065,"url":"https:\/\/library.elementor.com\/wp-content\/uploads\/2020\/02\/Wild-animal-pic-6.png"},{"id":13066,"url":"https:\/\/library.elementor.com\/wp-content\/uploads\/2020\/02\/Wild-animal-pic-7-1.png"},{"id":13067,"url":"https:\/\/library.elementor.com\/wp-content\/uploads\/2020\/02\/Wild-animal-pic-8.png"}],"galleries":[{"gallery_title":"New Gallery","_id":"6c94463","multiple_gallery":[]}],"lazyload":"","ideal_row_height":{"unit":"px","size":"450","sizes":[]},"gap":{"unit":"px","size":"0","sizes":[]},"aspect_ratio":"9:16","thumbnail_image_size":"full","show_all_galleries_label":"All","overlay_title":"title","image_hover_animation":"shrink-contained","image_animation_duration":{"unit":"px","size":"1400","sizes":[]},"background_overlay_animation_duration":{"unit":"px","size":"1400","sizes":[]},"content_alignment":"left","content_vertical_position":"top","content_padding":{"unit":"px","size":"60","sizes":[]},"title_color":"#FFFFFF","title_typography_typography":"custom","title_typography_font_family":"Montserrat","title_typography_font_size":{"unit":"px","size":"18","sizes":[]},"title_typography_font_weight":"200","content_animation_duration":{"unit":"px","size":"1000","sizes":[]},"gap_tablet":{"unit":"px","size":"0","sizes":[]},"columns_mobile":"2","gap_mobile":{"unit":"px","size":"0","sizes":[]}},"elements":[],"widgetType":"gallery"}],"isInner":""}],"isInner":""},{"id":"555fb888","elType":"section","settings":{"layout":"full_width","custom_height":{"unit":"px","size":"","sizes":[]},"column_position":"stretch","structure":"20","z_index":"2","_timestamp_":"v1WjRwWEVHZkY3VVJWVEwzdFhhT0JXdz09"},"elements":[{"id":"558615c2","elType":"column","settings":{"_column_size":"50","padding":{"unit":"px","top":"0","right":"0","bottom":"0","left":"0","isLinked":"1"}},"elements":[{"id":"29ebfda5","elType":"widget","settings":{"skin":"cover","bg_image":{"id":13068,"url":"https:\/\/library.elementor.com\/wp-content\/uploads\/2020\/02\/Wild-animal-pic-10-1.png"},"bg_image_size":"full","title":" ","description":"","button":"","min-height":{"unit":"vh","size":"100","sizes":[]},"transformation":"move-down","min-height_tablet":{"unit":"vh","size":"50","sizes":[]},"graphic_image":{"id":"12826","url":"https:\/\/library.elementor.com\/wp-content\/uploads\/2020\/02\/placeholder.png"}},"elements":[],"widgetType":"call-to-action"}],"isInner":""},{"id":"42165709","elType":"column","settings":{"_column_size":"50","padding":{"unit":"px","top":"0","right":"0","bottom":"0","left":"0","isLinked":"1"}},"elements":[{"id":"67ec5d7a","elType":"widget","settings":{"skin":"cover","bg_image":{"id":13069,"url":"https:\/\/library.elementor.com\/wp-content\/uploads\/2020\/02\/Wild-animal-pic-9.png"},"bg_image_size":"full","title":" ","description":"","button":"","min-height":{"unit":"vh","size":"100","sizes":[]},"transformation":"move-down","min-height_tablet":{"unit":"vh","size":"50","sizes":[]},"graphic_image":{"id":"12826","url":"https:\/\/library.elementor.com\/wp-content\/uploads\/2020\/02\/placeholder.png"}},"elements":[],"widgetType":"call-to-action"}],"isInner":""}],"isInner":""},{"id":"16f6b14d","elType":"section","settings":{"layout":"full_width","height":"min-height","custom_height":{"unit":"vh","size":"100","sizes":[]},"column_position":"stretch","z_index":"2","_timestamp_":"v1WjRwWEVHZkY3VVJWVEwzdFhhT0JXdz09"},"elements":[{"id":"ea90e7b","elType":"column","settings":{"_column_size":"100","padding":{"unit":"px","top":"0","right":"0","bottom":"0","left":"0","isLinked":"1"}},"elements":[{"id":"6e088b40","elType":"widget","settings":{"selected_icon":{"value":"","library":""},"title_text_a":"Glowing Jellyfish","description_text_a":"The glowing lights of underwater creatures","background_a_background":"classic","background_a_image":{"id":13070,"url":"https:\/\/library.elementor.com\/wp-content\/uploads\/2020\/02\/Wild-animal-pic-11.png"},"background_a_position":"center center","title_text_b":"","description_text_b":"","button_text":"Explore The Project","link_click":"box","background_b_background":"classic","background_b_color":"rgba(0, 0, 0, 0.54)","background_b_position":"center center","background_b_repeat":"no-repeat","height":{"unit":"vh","size":"100","sizes":[]},"flip_effect":"fade","padding_a":{"unit":"px","top":"50","right":"50","bottom":"0","left":"0","isLinked":""},"alignment_a":"right","vertical_position_a":"top","icon_spacing":{"unit":"px","size":"0","sizes":[]},"title_typography_a_typography":"custom","title_typography_a_font_family":"Montserrat","title_typography_a_font_size":{"unit":"px","size":"30","sizes":[]},"title_typography_a_font_weight":"300","description_typography_a_typography":"custom","description_typography_a_font_family":"Montserrat","description_typography_a_font_size":{"unit":"px","size":"16","sizes":[]},"description_typography_a_font_weight":"300","padding_b":{"unit":"px","top":"150","right":"30","bottom":"0","left":"0","isLinked":""},"alignment_b":"right","vertical_position_b":"top","title_spacing_b":{"unit":"px","size":"0","sizes":[]},"title_typography_b_typography":"custom","title_typography_b_font_family":"Montserrat","title_typography_b_font_size":{"unit":"px","size":"30","sizes":[]},"title_typography_b_font_weight":"300","description_typography_b_typography":"custom","description_typography_b_font_family":"Montserrat","description_typography_b_font_size":{"unit":"px","size":"16","sizes":[]},"description_typography_b_font_weight":"300","button_typography_typography":"custom","button_typography_font_family":"Montserrat","button_typography_font_size":{"unit":"px","size":"16","sizes":[]},"button_typography_font_weight":"300","button_typography_text_decoration":"underline","button_text_color":"#FFFFFF","button_border_width":{"unit":"px","size":"0","sizes":[]},"button_border_radius":{"unit":"px","size":"0","sizes":[]},"__dynamic__":{"link":"[elementor-tag id=\"b008bda\" name=\"site-url\" settings=\"%7B%7D\"]"},"background_a_repeat":"no-repeat","background_a_size":"cover","padding_a_mobile":{"unit":"px","top":"20","right":"50","bottom":"0","left":"0","isLinked":""},"padding_b_mobile":{"unit":"px","top":"150","right":"30","bottom":"0","left":"0","isLinked":""},"title_typography_a_text_transform":"capitalize","button_typography_text_transform":"capitalize","image":{"id":"12826","url":"https:\/\/library.elementor.com\/wp-content\/uploads\/2020\/02\/placeholder.png"}},"elements":[],"widgetType":"flip-box"}],"isInner":""}],"isInner":""},{"id":"436e688d","elType":"section","settings":{"layout":"full_width","custom_height":{"unit":"vh","size":"100","sizes":[]},"column_position":"stretch","z_index":"2","_timestamp_":"v1WjRwWEVHZkY3VVJWVEwzdFhhT0JXdz09"},"elements":[{"id":"5129bd8b","elType":"column","settings":{"_column_size":"100","padding":{"unit":"px","top":"0","right":"0","bottom":"0","left":"0","isLinked":"1"}},"elements":[{"id":"5e18c6a4","elType":"widget","settings":{"carousel":[{"id":13071,"url":"https:\/\/library.elementor.com\/wp-content\/uploads\/2020\/02\/Wild-animal-pic-26.png"},{"id":13072,"url":"https:\/\/library.elementor.com\/wp-content\/uploads\/2020\/02\/Wild-animal-pic-13.png"},{"id":13073,"url":"https:\/\/library.elementor.com\/wp-content\/uploads\/2020\/02\/Wild-animal-pic-12.png"},{"id":13074,"url":"https:\/\/library.elementor.com\/wp-content\/uploads\/2020\/02\/Wild-animal-pic-25.png"}],"thumbnail_size":"full","slides_to_show":"2","slides_to_scroll":"1","navigation":"none","gallery_vertical_align":"center","image_border_radius":{"unit":"px","top":"0","right":"0","bottom":"0","left":"0","isLinked":"1"},"_margin":{"unit":"px","top":"0","right":"0","bottom":"-7","left":"0","isLinked":""},"autoplay_speed":"800","pause_on_hover":"no","image_stretch":"yes","pause_on_interaction":"no","speed":1000},"elements":[],"widgetType":"image-carousel"}],"isInner":""}],"isInner":""},{"id":"778a988c","elType":"section","settings":{"layout":"full_width","height":"min-height","custom_height":{"unit":"vh","size":"100","sizes":[]},"column_position":"stretch","structure":"21","z_index":"2","_timestamp_":"v1WjRwWEVHZkY3VVJWVEwzdFhhT0JXdz09"},"elements":[{"id":"2613a2f7","elType":"column","settings":{"_column_size":"33","background_background":"classic","background_image":{"id":13075,"url":"https:\/\/library.elementor.com\/wp-content\/uploads\/2020\/02\/Wild-animal-pic-14.png"},"background_position":"center center","background_repeat":"no-repeat","background_size":"cover","padding":{"unit":"px","top":"0","right":"0","bottom":"0","left":"0","isLinked":"1"},"_inline_size_tablet":"100"},"elements":[{"id":"cb786b1","elType":"widget","settings":{"space_tablet":{"unit":"px","size":"600","sizes":[]}},"elements":[],"widgetType":"spacer"}],"isInner":""},{"id":"6fcf4f40","elType":"column","settings":{"_column_size":"66","padding":{"unit":"px","top":"0","right":"0","bottom":"0","left":"0","isLinked":"1"},"_inline_size_tablet":"100"},"elements":[{"id":"541fad7b","elType":"widget","settings":{"selected_icon":{"value":"","library":""},"title_text_a":"Fluttering Birds","description_text_a":"The fascinating life, colors, and behaviors of winged creatures","background_a_background":"classic","background_a_color":"rgba(0, 0, 0, 0)","background_a_image":{"id":13076,"url":"https:\/\/library.elementor.com\/wp-content\/uploads\/2020\/02\/Wild-animal-pic-13-1.png"},"background_a_position":"center center","title_text_b":"","description_text_b":"","button_text":"Explore The Project","link_click":"box","background_b_background":"classic","background_b_color":"rgba(0, 0, 0, 0.35)","background_b_position":"center center","background_b_repeat":"no-repeat","height":{"unit":"vh","size":"100","sizes":[]},"flip_effect":"fade","padding_a":{"unit":"px","top":"0","right":"0","bottom":"100","left":"50","isLinked":""},"alignment_a":"left","vertical_position_a":"bottom","icon_spacing":{"unit":"px","size":"0","sizes":[]},"title_typography_a_typography":"custom","title_typography_a_font_family":"Montserrat","title_typography_a_font_size":{"unit":"px","size":"30","sizes":[]},"title_typography_a_font_weight":"300","description_typography_a_typography":"custom","description_typography_a_font_family":"Montserrat","description_typography_a_font_size":{"unit":"px","size":"16","sizes":[]},"description_typography_a_font_weight":"300","padding_b":{"unit":"px","top":"0","right":"0","bottom":"50","left":"30","isLinked":""},"alignment_b":"left","vertical_position_b":"bottom","title_spacing_b":{"unit":"px","size":"0","sizes":[]},"title_typography_b_typography":"custom","title_typography_b_font_family":"Montserrat","title_typography_b_font_size":{"unit":"px","size":"30","sizes":[]},"title_typography_b_font_weight":"300","description_typography_b_typography":"custom","description_typography_b_font_family":"Montserrat","description_typography_b_font_size":{"unit":"px","size":"16","sizes":[]},"description_typography_b_font_weight":"300","button_typography_typography":"custom","button_typography_font_family":"Montserrat","button_typography_font_size":{"unit":"px","size":"16","sizes":[]},"button_typography_font_weight":"300","button_typography_text_decoration":"underline","button_text_color":"#FFFFFF","button_border_width":{"unit":"px","size":"0","sizes":[]},"button_border_radius":{"unit":"px","size":"0","sizes":[]},"__dynamic__":{"link":"[elementor-tag id=\"b008bda\" name=\"site-url\" settings=\"%7B%7D\"]"},"background_a_repeat":"no-repeat","background_a_size":"cover","height_tablet":{"unit":"vh","size":"50","sizes":[]},"height_mobile":{"unit":"vh","size":"100","sizes":[]},"title_typography_a_text_transform":"capitalize","description_typography_a_text_transform":"capitalize","button_typography_text_transform":"capitalize","image":{"id":"12826","url":"https:\/\/library.elementor.com\/wp-content\/uploads\/2020\/02\/placeholder.png"}},"elements":[],"widgetType":"flip-box"}],"isInner":""}],"isInner":""},{"id":"5a62ac1f","elType":"section","settings":{"layout":"full_width","structure":"21","z_index":"2","_timestamp_":"v1WjRwWEVHZkY3VVJWVEwzdFhhT0JXdz09"},"elements":[{"id":"c446023","elType":"column","settings":{"_column_size":"33","background_background":"classic","background_image":{"id":13077,"url":"https:\/\/library.elementor.com\/wp-content\/uploads\/2020\/02\/Wild-animal-pic-15.png"},"background_position":"center center","background_repeat":"no-repeat","background_size":"cover","padding":{"unit":"px","top":"0","right":"0","bottom":"0","left":"0","isLinked":"1"},"_inline_size_tablet":"100"},"elements":[{"id":"7cc8f782","elType":"widget","settings":{"space_tablet":{"unit":"px","size":"600","sizes":[]}},"elements":[],"widgetType":"spacer"}],"isInner":""},{"id":"608fe29e","elType":"column","settings":{"_column_size":"66","padding":{"unit":"px","top":"0","right":"0","bottom":"0","left":"0","isLinked":"1"},"_inline_size_tablet":"100"},"elements":[{"id":"2ff7b7e6","elType":"widget","settings":{"gallery":[{"id":13078,"url":"https:\/\/library.elementor.com\/wp-content\/uploads\/2020\/02\/Wild-animal-pic-16-4.png"},{"id":13079,"url":"https:\/\/library.elementor.com\/wp-content\/uploads\/2020\/02\/Wild-animal-pic-16-Copy.png"},{"id":13080,"url":"https:\/\/library.elementor.com\/wp-content\/uploads\/2020\/02\/Wild-animal-pic-17-Copy.png"},{"id":13081,"url":"https:\/\/library.elementor.com\/wp-content\/uploads\/2020\/02\/Wild-animal-pic-17-4.png"},{"id":13082,"url":"https:\/\/library.elementor.com\/wp-content\/uploads\/2020\/02\/Wild-animal-pic-16-Copy-2.png"},{"id":13083,"url":"https:\/\/library.elementor.com\/wp-content\/uploads\/2020\/02\/Wild-animal-pic-16-Copy-3.png"}],"galleries":[{"gallery_title":"New Gallery","_id":"fe65ca4","multiple_gallery":[]}],"lazyload":"","columns":"2","ideal_row_height":{"unit":"px","size":"500","sizes":[]},"gap":{"unit":"px","size":"0","sizes":[]},"thumbnail_image_size":"full","show_all_galleries_label":"All","gap_tablet":{"unit":"px","size":"0","sizes":[]},"gap_mobile":{"unit":"px","size":"0","sizes":[]}},"elements":[],"widgetType":"gallery"}],"isInner":""}],"isInner":""},{"id":"4641f37e","elType":"section","settings":{"layout":"full_width","height":"min-height","custom_height":{"unit":"vh","size":"100","sizes":[]},"column_position":"stretch","z_index":"2","background_background":"classic","background_image":{"id":13084,"url":"https:\/\/library.elementor.com\/wp-content\/uploads\/2020\/02\/Wild-animal-pic-18.png"},"background_position":"center center","background_attachment":"fixed","background_repeat":"no-repeat","background_size":"cover","_timestamp_":"v1WjRwWEVHZkY3VVJWVEwzdFhhT0JXdz09"},"elements":[{"id":"4174530e","elType":"column","settings":{"_column_size":"100","background_position":"center center","background_attachment":"fixed","background_repeat":"no-repeat","background_size":"cover","padding":{"unit":"px","top":"0","right":"0","bottom":"0","left":"0","isLinked":"1"}},"elements":[],"isInner":""}],"isInner":""}],"page_settings":[]}