{"content":[{"id":"1c215a75","elType":"section","settings":{"content_width":{"unit":"px","size":"1400","sizes":[]},"custom_height":{"unit":"vh","size":"100","sizes":[]},"column_position":"stretch","background_background":"classic","background_color":"#000000","z_index":"2","_element_id":"uppage","_timestamp_":"v1WjRwWEVHZkY3VVJWVEwzdFhhT0JXdz09"},"elements":[{"id":"5ce31334","elType":"column","settings":{"_column_size":"100","margin":{"unit":"px","top":"220","right":"0","bottom":"0","left":"0","isLinked":""},"margin_tablet":{"unit":"px","top":"150","right":"0","bottom":"0","left":"0","isLinked":""},"padding_tablet":{"unit":"px","top":"0","right":"50","bottom":"150","left":"50","isLinked":""},"padding_mobile":{"unit":"px","top":"0","right":"50","bottom":"50","left":"50","isLinked":""},"margin_mobile":{"unit":"px","top":"180","right":"0","bottom":"0","left":"0","isLinked":""}},"elements":[{"id":"4c685da6","elType":"widget","settings":{"__dynamic__":{"title":"[elementor-tag id=\"\" name=\"archive-title\" settings=\"%7B%22include_context%22%3A%22%22%2C%22before%22%3A%22In%20The%20%22%7D\"]"},"title":"Add Your Heading Text Here","align_mobile":"center","title_color":"#FFFFFF","typography_typography":"custom","typography_font_family":"Montserrat","typography_font_size":{"unit":"px","size":"145","sizes":[]},"typography_font_size_tablet":{"unit":"px","size":"90","sizes":[]},"typography_font_size_mobile":{"unit":"px","size":"40","sizes":[]},"typography_font_weight":"300","typography_text_transform":"capitalize","_padding_tablet":{"unit":"px","top":"0","right":"0","bottom":"0","left":"0","isLinked":""}},"elements":[],"widgetType":"theme-archive-title"},{"id":"29df7850","elType":"widget","settings":{"classic_thumbnail_size_size":"full","classic_item_ratio":{"unit":"px","size":"0.7","sizes":[]},"classic_show_excerpt":"","classic_meta_data":["date"],"classic_meta_separator":"\/\/\/","classic_show_read_more":"","classic_read_more_text":"Read More \u00bb","cards_meta_separator":"\u2022","cards_read_more_text":"Read More \u00bb","full_content_meta_separator":"\/\/\/","classic_column_gap":{"unit":"px","size":"35","sizes":[]},"classic_alignment":"center","classic_content_padding":{"unit":"px","top":"0","right":"40","bottom":"0","left":"40","isLinked":""},"classic_title_color":"#FFFFFF","classic_title_typography_typography":"custom","classic_title_typography_font_family":"Montserrat","classic_title_typography_font_size":{"unit":"px","size":"18","sizes":[]},"classic_title_spacing":{"unit":"px","size":"15","sizes":[]},"classic_meta_color":"rgba(255, 255, 255, 0.53)","classic_meta_typography_typography":"custom","classic_meta_typography_font_family":"Montserrat","classic_meta_typography_font_size":{"unit":"px","size":"14","sizes":[]},"classic_meta_typography_font_weight":"300","pagination_page_limit":"5","pagination_prev_label":"&laquo; Previous","pagination_next_label":"Next &raquo;","_margin":{"unit":"px","top":"100","right":"0","bottom":"150","left":"0","isLinked":""},"classic_title_typography_font_weight":"300","_margin_tablet":{"unit":"px","top":"0","right":"0","bottom":"0","left":"0","isLinked":""},"_padding_tablet":{"unit":"px","top":"0","right":"0","bottom":"0","left":"0","isLinked":""},"_margin_mobile":{"unit":"px","top":"50","right":"0","bottom":"0","left":"0","isLinked":""},"classic_title_typography_text_transform":"capitalize","classic_meta_typography_text_transform":"capitalize"},"elements":[],"widgetType":"posts"}],"isInner":""}],"isInner":""}],"page_settings":[]}