{"content":[{"id":"57a74118","elType":"section","settings":{"layout":"full_width","height":"min-height","custom_height":{"unit":"px","size":"","sizes":[]},"box_shadow_box_shadow":{"horizontal":"0","vertical":"0","blur":"23","spread":"-100","color":"#00A1FF"},"margin_mobile":{"unit":"px","top":"","right":"0","bottom":"","left":"0","isLinked":"1"},"background_background":"classic","background_color":"#000000","_timestamp_":"v1WjRwWEVHZkY3VVJWVEwzdFhhT0JXdz09"},"elements":[{"id":"6443eb22","elType":"column","settings":{"_column_size":"100","padding":{"unit":"px","top":"80","right":"80","bottom":"80","left":"80","isLinked":""},"margin_tablet":{"unit":"px","top":"0","right":"0","bottom":"0","left":"0","isLinked":"1"},"padding_tablet":{"unit":"px","top":"50","right":"50","bottom":"50","left":"50","isLinked":"1"},"padding_mobile":{"unit":"px","top":"30","right":"30","bottom":"30","left":"30","isLinked":"1"}},"elements":[{"id":"5b53ee3e","elType":"widget","settings":{"image":{"id":"13131","url":"https:\/\/library.elementor.com\/wp-content\/uploads\/2020\/02\/Logo-popup-.png"},"image_size":"full","align":"left","link_to":"custom","__dynamic__":{"link":"[elementor-tag id=\"f913f69\" name=\"site-url\" settings=\"%7B%7D\"]"}},"elements":[],"widgetType":"image"},{"id":"65cebaf3","elType":"section","settings":{"layout":"full_width","height_inner":"min-height","custom_height_inner":{"unit":"px","size":"430","sizes":[]},"structure":"20","padding_mobile":{"unit":"px","top":"30","right":"0","bottom":"0","left":"0","isLinked":""},"reverse_order_mobile":"reverse-mobile"},"elements":[{"id":"5d946790","elType":"column","settings":{"_column_size":"50","padding":{"unit":"px","top":"0","right":"0","bottom":"0","left":"0","isLinked":"1"},"content_position_tablet":"center"},"elements":[{"id":"69c7dd21","elType":"widget","settings":{"image":{"id":"13132","url":"https:\/\/library.elementor.com\/wp-content\/uploads\/2020\/02\/steele-grasza-CQKqcMHkiuM-unsplash.png"},"image_size":"full","width_mobile":{"unit":"px","size":"229","sizes":[]},"align_mobile":"center"},"elements":[],"widgetType":"image"}],"isInner":"1"},{"id":"47ef57a9","elType":"column","settings":{"_column_size":"50","content_position":"center","padding":{"unit":"px","top":"0","right":"80","bottom":"0","left":"80","isLinked":""},"padding_mobile":{"unit":"px","top":"0","right":"0","bottom":"0","left":"0","isLinked":"1"},"padding_tablet":{"unit":"px","top":"0","right":"0","bottom":"0","left":"30","isLinked":""}},"elements":[{"id":"46dde649","elType":"widget","settings":{"layout":"vertical","align_items":"left","pointer":"none","menu_typography_typography":"custom","menu_typography_font_family":"Montserrat","menu_typography_font_size":{"unit":"px","size":"22","sizes":[]},"menu_typography_font_weight":"300","color_menu_item":"#FFFFFF","color_menu_item_hover":"#FC3B29","color_menu_item_active":"#FC3B29","padding_horizontal_menu_item":{"unit":"px","size":"0","sizes":[]},"padding_vertical_menu_item":{"unit":"px","size":"0","sizes":[]},"menu_space_between":{"unit":"px","size":"30","sizes":[]},"dropdown":"none","menu_typography_font_size_tablet":{"unit":"px","size":"20","sizes":[]},"menu_space_between_tablet":{"unit":"px","size":"20","sizes":[]},"menu_typography_text_transform":"capitalize"},"elements":[],"widgetType":"nav-menu"}],"isInner":"1"}],"isInner":"1"},{"id":"700d82c0","elType":"section","settings":{"layout":"full_width","structure":"20","margin":{"unit":"px","top":"50","right":"0","bottom":"0","left":"0","isLinked":""},"margin_mobile":{"unit":"px","top":"0","right":"0","bottom":"30","left":"0","isLinked":""}},"elements":[{"id":"11b2b831","elType":"column","settings":{"_column_size":"50","content_position":"center","padding":{"unit":"px","top":"0","right":"0","bottom":"0","left":"0","isLinked":"1"},"padding_mobile":{"unit":"px","top":"15","right":"0","bottom":"15","left":"40","isLinked":""}},"elements":[{"id":"47cc8a3f","elType":"widget","settings":{"align_items":"left","pointer":"none","menu_typography_typography":"custom","menu_typography_font_family":"Montserrat","menu_typography_font_size":{"unit":"px","size":"15","sizes":[]},"menu_typography_font_weight":"300","color_menu_item":"#FFFFFF","color_menu_item_hover":"#FC3B29","color_menu_item_active":"#FC3B29","padding_horizontal_menu_item":{"unit":"px","size":"0","sizes":[]},"padding_vertical_menu_item":{"unit":"px","size":"0","sizes":[]},"menu_space_between":{"unit":"px","size":"30","sizes":[]},"menu_typography_text_transform":"uppercase","dropdown":"none","menu_typography_font_size_mobile":{"unit":"px","size":"16","sizes":[]},"menu_space_between_mobile":{"unit":"px","size":"15","sizes":[]}},"elements":[],"widgetType":"nav-menu"}],"isInner":"1"},{"id":"70b7699f","elType":"column","settings":{"_column_size":"50","content_position":"center","padding":{"unit":"px","top":"0","right":"0","bottom":"0","left":"0","isLinked":"1"},"padding_mobile":{"unit":"px","top":"15","right":"0","bottom":"15","left":"0","isLinked":""}},"elements":[{"id":"7eced2dc","elType":"widget","settings":{"view":"inline","icon_list":[{"text":"FACEBOOK","selected_icon":{"value":"","library":""},"_id":"7b6e0de","link":{"url":"#","is_external":"","nofollow":"","custom_attributes":""}},{"text":"INSTAGRAM","selected_icon":{"value":"","library":""},"link":{"url":"#","is_external":"","nofollow":"","custom_attributes":""},"_id":"29f29c2"}],"space_between":{"unit":"px","size":"30","sizes":[]},"icon_align":"right","icon_color":"#FFFFFF","icon_size":{"unit":"px","size":"18","sizes":[]},"icon_self_align":"center","text_color":"#FFFFFF","text_color_hover":"#FC3B29","icon_typography_typography":"custom","icon_typography_font_family":"Montserrat","icon_typography_font_size":{"unit":"px","size":"15","sizes":[]},"icon_typography_font_weight":"300","icon_align_mobile":"center","icon_typography_text_transform":"uppercase","icon_typography_font_size_mobile":{"unit":"px","size":"14","sizes":[]}},"elements":[],"widgetType":"icon-list"}],"isInner":"1"}],"isInner":"1"}],"isInner":""}],"isInner":""}],"page_settings":{"background_background":"classic","background_color":"#000000","width":{"unit":"px","size":"1200","sizes":[]},"height":{"unit":"px","size":"","sizes":[]},"content_position":"center","close_button_vertical":{"unit":"px","size":"80","sizes":[]},"close_button_horizontal":{"unit":"px","size":"80","sizes":[]},"close_button_color":"#FFFFFF","entrance_animation":"fadeIn","exit_animation":"fadeIn","entrance_animation_duration":{"unit":"px","size":"1.5","sizes":[]},"box_shadow_box_shadow":{"horizontal":"0","vertical":"0","blur":"50","spread":"15","color":"rgba(255, 255, 255, 0.15)"},"overlay_background_color":"rgba(0, 0, 0, 0.75)","width_tablet":{"unit":"px","size":"715","sizes":[]},"height_tablet":{"unit":"px","size":"750","sizes":[]},"close_button_vertical_tablet":{"unit":"%","size":"13.5","sizes":[]},"vertical_position_mobile":"center","close_button_vertical_mobile":{"unit":"%","size":"6.5","sizes":[]},"close_button_horizontal_mobile":{"unit":"%","size":"10","sizes":[]}}}