{"content":[{"id":"4dda5af2","elType":"section","settings":{"content_width":{"unit":"px","size":"1400","sizes":[]},"height":"min-height","custom_height":{"unit":"vh","size":"85","sizes":[]},"structure":"20","background_background":"classic","background_color":"#000000","z_index":"2","_element_id":"uppage","reverse_order_tablet":"reverse-tablet","reverse_order_mobile":"reverse-mobile","_timestamp_":"v1WjRwWEVHZkY3VVJWVEwzdFhhT0JXdz09"},"elements":[{"id":"5eeb988d","elType":"column","settings":{"_column_size":"50","content_position":"center","_inline_size_tablet":"100"},"elements":[{"id":"4d56cecc","elType":"widget","settings":{"__dynamic__":{"image":"[elementor-tag id=\"\" name=\"post-featured-image\" settings=\"%7B%22fallback%22%3A%7B%22url%22%3A%22%22%2C%22id%22%3A%22%22%7D%7D\"]"},"image_size":"full","image":{"id":"12826","url":"https:\/\/library.elementor.com\/wp-content\/uploads\/2020\/02\/placeholder.png"}},"elements":[],"widgetType":"theme-post-featured-image"}],"isInner":""},{"id":"5dfdd8e5","elType":"column","settings":{"_column_size":"50","space_between_widgets":"25","padding":{"unit":"px","top":"0","right":"85","bottom":"0","left":"85","isLinked":""},"_inline_size_tablet":"100","padding_tablet":{"unit":"px","top":"150","right":"50","bottom":"0","left":"50","isLinked":""}},"elements":[{"id":"ac0d13f","elType":"widget","settings":{"__dynamic__":{"title":"[elementor-tag id=\"\" name=\"post-title\" settings=\"%7B%22before%22%3A%22%22%2C%22after%22%3A%22%22%2C%22fallback%22%3A%22%22%7D\"]"},"title":"Add Your Heading Text Here","align":"left","title_color":"#FFFFFF","typography_typography":"custom","typography_font_family":"Montserrat","typography_font_size":{"unit":"px","size":"45","sizes":[]},"typography_font_weight":"200","typography_font_size_tablet":{"unit":"px","size":"35","sizes":[]},"typography_text_transform":"capitalize","typography_line_height":{"unit":"em","size":"1.2","sizes":[]}},"elements":[],"widgetType":"theme-post-title"},{"id":"2ff90e91","elType":"widget","settings":{"__dynamic__":{"excerpt":"[elementor-tag id=\"\" name=\"post-excerpt\" settings=\"%7B%22before%22%3A%22%22%2C%22after%22%3A%22%22%2C%22fallback%22%3A%22%22%7D\"]"},"title_color":"#FFFFFF","typography_typography":"custom","typography_font_family":"Montserrat","typography_font_size":{"unit":"px","size":"20","sizes":[]},"typography_font_weight":"200"},"elements":[],"widgetType":"theme-post-excerpt"},{"id":"16fbecbc","elType":"section","settings":[],"elements":[{"id":"570223ae","elType":"column","settings":{"_column_size":"100","space_between_widgets":"5"},"elements":[{"id":"6de0b99b","elType":"widget","settings":{"title":"Published on","title_color":"rgba(255, 255, 255, 0.46)","typography_typography":"custom","typography_font_family":"Montserrat","typography_font_size":{"unit":"px","size":"16","sizes":[]},"typography_font_weight":"300","typography_letter_spacing":{"unit":"px","size":"1","sizes":[]},"typography_text_transform":"capitalize"},"elements":[],"widgetType":"heading"},{"id":"1da91bed","elType":"widget","settings":{"view":"traditional","icon_list":[{"type":"custom","selected_icon":{"value":"far fa-user-circle","library":"fa-regular"},"_id":"2bd2431","date_format":"default","custom_date_format":"F j, Y","time_format":"default","custom_time_format":"g:i a","taxonomy":"","text_prefix":"","show_avatar":"","avatar_size":{"unit":"px","size":"","sizes":[]},"avatar_size_tablet":{"unit":"px","size":"","sizes":[]},"avatar_size_mobile":{"unit":"px","size":"","sizes":[]},"comments_custom_strings":"","string_no_comments":"","string_one_comment":"","string_comments":"","custom_text":"","link":"yes","custom_url":{"url":"","is_external":"","nofollow":"","custom_attributes":""},"show_icon":"none","__dynamic__":{"custom_text":"[elementor-tag id=\"5179eda\" name=\"post-custom-field\" settings=\"%7B%22key%22%3A%22Where%22%2C%22custom_key%22%3A%22published%22%7D\"]"}}],"icon_align":"left","text_color":"#FFFFFF","icon_typography_typography":"custom","icon_typography_font_family":"Montserrat","icon_typography_font_size":{"unit":"px","size":"18","sizes":[]},"icon_typography_font_weight":"300","icon_typography_text_transform":"capitalize"},"elements":[],"widgetType":"post-info"},{"id":"34258621","elType":"widget","settings":{"title":"Date","title_color":"rgba(255, 255, 255, 0.46)","typography_typography":"custom","typography_font_family":"Montserrat","typography_font_size":{"unit":"px","size":"16","sizes":[]},"typography_font_weight":"300","typography_letter_spacing":{"unit":"px","size":"1","sizes":[]},"_margin":{"unit":"px","top":"25","right":"0","bottom":"0","left":"0","isLinked":""},"typography_text_transform":"capitalize"},"elements":[],"widgetType":"heading"},{"id":"798175b0","elType":"widget","settings":{"view":"traditional","icon_list":[{"type":"custom","selected_icon":{"value":"far fa-user-circle","library":"fa-regular"},"_id":"2bd2431","date_format":"default","custom_date_format":"F j, Y","time_format":"default","custom_time_format":"g:i a","taxonomy":"","text_prefix":"","show_avatar":"","avatar_size":{"unit":"px","size":"","sizes":[]},"avatar_size_tablet":{"unit":"px","size":"","sizes":[]},"avatar_size_mobile":{"unit":"px","size":"","sizes":[]},"comments_custom_strings":"","string_no_comments":"","string_one_comment":"","string_comments":"","custom_text":"","link":"yes","custom_url":{"url":"","is_external":"","nofollow":"","custom_attributes":""},"show_icon":"none","__dynamic__":{"custom_text":"[elementor-tag id=\"0c9da07\" name=\"post-custom-field\" settings=\"%7B%22key%22%3A%22When%22%7D\"]"}}],"icon_align":"left","text_color":"#FFFFFF","icon_typography_typography":"custom","icon_typography_font_family":"Montserrat","icon_typography_font_size":{"unit":"px","size":"18","sizes":[]},"icon_typography_font_weight":"300","icon_typography_text_transform":"capitalize"},"elements":[],"widgetType":"post-info"},{"id":"4000a636","elType":"widget","settings":{"title":"Link","title_color":"rgba(255, 255, 255, 0.46)","typography_typography":"custom","typography_font_family":"Montserrat","typography_font_size":{"unit":"px","size":"16","sizes":[]},"typography_font_weight":"300","typography_letter_spacing":{"unit":"px","size":"1","sizes":[]},"_margin":{"unit":"px","top":"25","right":"0","bottom":"0","left":"0","isLinked":""},"typography_text_transform":"capitalize"},"elements":[],"widgetType":"heading"},{"id":"bd0722a","elType":"widget","settings":{"view":"traditional","icon_list":[{"type":"custom","selected_icon":{"value":"far fa-user-circle","library":"fa-regular"},"_id":"2bd2431","date_format":"default","custom_date_format":"F j, Y","time_format":"default","custom_time_format":"g:i a","taxonomy":"","text_prefix":"","show_avatar":"","avatar_size":{"unit":"px","size":"","sizes":[]},"avatar_size_tablet":{"unit":"px","size":"","sizes":[]},"avatar_size_mobile":{"unit":"px","size":"","sizes":[]},"comments_custom_strings":"","string_no_comments":"","string_one_comment":"","string_comments":"","custom_text":"","link":"yes","custom_url":{"url":"","is_external":"","nofollow":"","custom_attributes":""},"show_icon":"none","__dynamic__":{"custom_text":"[elementor-tag id=\"0c9da07\" name=\"post-custom-field\" settings=\"%7B%22key%22%3A%22Link%22%7D\"]"}}],"icon_align":"left","text_color":"#FFFFFF","icon_typography_typography":"custom","icon_typography_font_family":"Montserrat","icon_typography_font_size":{"unit":"px","size":"18","sizes":[]},"icon_typography_font_weight":"300"},"elements":[],"widgetType":"post-info"}],"isInner":"1"}],"isInner":"1"}],"isInner":""}],"isInner":""},{"id":"4fde540d","elType":"section","settings":{"content_width":{"unit":"px","size":"750","sizes":[]},"background_background":"classic","background_color":"#000000","z_index":"2","_timestamp_":"v1WjRwWEVHZkY3VVJWVEwzdFhhT0JXdz09"},"elements":[{"id":"bec7ebd","elType":"column","settings":{"_column_size":"100","margin":{"unit":"px","top":"0","right":"0","bottom":"100","left":"0","isLinked":""},"padding_tablet":{"unit":"px","top":"100","right":"50","bottom":"0","left":"50","isLinked":""},"padding_mobile":{"unit":"px","top":"50","right":"50","bottom":"50","left":"50","isLinked":"1"}},"elements":[{"id":"7599d4ba","elType":"widget","settings":{"align":"left","text_color":"#FFFFFF","typography_typography":"custom","typography_font_family":"Montserrat","typography_font_size":{"unit":"px","size":"18","sizes":[]},"typography_font_weight":"200","typography_line_height":{"unit":"em","size":"1.8","sizes":[]},"typography_font_size_mobile":{"unit":"px","size":"16","sizes":[]},"typography_letter_spacing":{"unit":"px","size":"0","sizes":[]}},"elements":[],"widgetType":"theme-post-content"},{"id":"3fd49d14","elType":"widget","settings":{"prev_label":"Previous","next_label":"Next","show_title":"","show_borders":"","label_color":"#FFFFFF","label_typography_typography":"custom","label_typography_font_family":"Montserrat","label_typography_font_size":{"unit":"px","size":"16","sizes":[]},"label_typography_font_weight":"300","arrow_size":{"unit":"px","size":"16","sizes":[]},"label_typography_text_transform":"capitalize","_margin":{"unit":"px","top":"100","right":"0","bottom":"0","left":"0","isLinked":""},"_padding":{"unit":"px","top":"30","right":"0","bottom":"30","left":"0","isLinked":""},"_border_border":"solid","_border_width":{"unit":"px","top":"1","right":"0","bottom":"1","left":"0","isLinked":""},"_border_color":"rgba(255, 255, 255, 0.4)"},"elements":[],"widgetType":"post-navigation"}],"isInner":""}],"isInner":""}],"page_settings":[]}