{"content":[{"id":"404faaf0","elType":"section","settings":{"layout":"full_width","padding":{"unit":"%","top":"5","right":"10","bottom":"0","left":"10","isLinked":""},"structure":"20","_title":"Page Title","margin_mobile":{"unit":"px","top":"50","right":"0","bottom":"0","left":"0","isLinked":""},"padding_mobile":{"unit":"%","top":"0","right":"5","bottom":"0","left":"5","isLinked":""},"_timestamp_":"v1WjRwWEVHZkY3VVJWVEwzdFhhT0JXdz09"},"elements":[{"id":"41a0a6cf","elType":"column","settings":{"_column_size":"50","padding":{"unit":"%","top":"0","right":"10","bottom":"0","left":"0","isLinked":""},"_inline_size":"45.004","_inline_size_tablet":"100","padding_tablet":{"unit":"px","top":"0","right":"0","bottom":"0","left":"0","isLinked":"1"}},"elements":[{"id":"750ced5c","elType":"widget","settings":{"title":"your dreams come <b>to life<\/b>","align":"left","title_color":"#000000","typography_typography":"custom","typography_font_family":"Montserrat","typography_font_size":{"unit":"px","size":"55","sizes":[]},"typography_font_weight":"100","typography_text_transform":"uppercase","typography_line_height":{"unit":"em","size":"1","sizes":[]},"header_size":"h1","typography_font_size_tablet":{"unit":"px","size":"50","sizes":[]},"typography_font_size_mobile":{"unit":"px","size":"40","sizes":[]},"animation_duration":"slow"},"elements":[],"widgetType":"heading"}],"isInner":""},{"id":"7d991dc0","elType":"column","settings":{"_column_size":"50","padding":{"unit":"%","top":"0","right":"12","bottom":"0","left":"12","isLinked":""},"_inline_size":"55","_inline_size_tablet":"100","margin_tablet":{"unit":"px","top":"30","right":"0","bottom":"0","left":"0","isLinked":""},"padding_tablet":{"unit":"px","top":"0","right":"0","bottom":"0","left":"0","isLinked":"1"}},"elements":[{"id":"20e3ea99","elType":"widget","settings":{"editor":"<p>Lorem ipsum dolor sit amet, cons ectetur adipis cing elit, sekido alor eiusmod oplot tempor alor incididunt labore et dolore magna epoyt aliqua erolp shulp sed adip lrty opti iscing diam donec facilisi nullam vehicula ipsum atdi arcu cursus off vitae congue amet estyt.<\/p>","align":"left","text_color":"#000000","typography_typography":"custom","typography_font_family":"Montserrat","typography_font_size":{"unit":"px","size":"16","sizes":[]},"typography_font_weight":"200"},"elements":[],"widgetType":"text-editor"}],"isInner":""}],"isInner":""},{"id":"5dc9559e","elType":"section","settings":{"layout":"full_width","padding":{"unit":"%","top":"0","right":"5","bottom":"0","left":"5","isLinked":""},"margin":{"unit":"px","top":"100","right":"0","bottom":"200","left":"0","isLinked":""},"_title":"Hero Pic","margin_tablet":{"unit":"px","top":"50","right":"0","bottom":"0","left":"0","isLinked":""},"_timestamp_":"v1WjRwWEVHZkY3VVJWVEwzdFhhT0JXdz09"},"elements":[{"id":"6d342428","elType":"column","settings":{"_column_size":"100","padding":{"unit":"px","top":"0","right":"0","bottom":"0","left":"0","isLinked":"1"}},"elements":[{"id":"45814db4","elType":"widget","settings":{"image":{"id":13202,"url":"https:\/\/library.elementor.com\/wp-content\/uploads\/2020\/04\/Pic-About.png"},"image_size":"full","width":{"unit":"%","size":"100","sizes":[]},"motion_fx_motion_fx_scrolling":"yes","motion_fx_translateY_speed":{"unit":"px","size":"1","sizes":[]},"motion_fx_scale_direction":"in-out","motion_fx_scale_speed":{"unit":"px","size":"10","sizes":[]}},"elements":[],"widgetType":"image"}],"isInner":""}],"isInner":""},{"id":"37946441","elType":"section","settings":{"content_width":{"unit":"px","size":"1200","sizes":[]},"structure":"30","layout":"full_width","custom_height":{"unit":"px","size":"300","sizes":[]},"column_position":"stretch","margin":{"unit":"px","top":"200","right":"0","bottom":"200","left":"0","isLinked":"1"},"padding":{"unit":"%","top":"0","right":"16","bottom":"0","left":"16","isLinked":""},"_title":"Intro","margin_tablet":{"unit":"px","top":"100","right":"0","bottom":"100","left":"0","isLinked":"1"},"padding_mobile":{"unit":"%","top":"0","right":"5","bottom":"0","left":"5","isLinked":""},"_timestamp_":"v1WjRwWEVHZkY3VVJWVEwzdFhhT0JXdz09"},"elements":[{"id":"704f2023","elType":"column","settings":{"_column_size":"33","_inline_size":"60","content_position":"center","border_width":{"unit":"px","top":"0","right":"0","bottom":"0","left":"1","isLinked":""},"border_color":"#000000","border_radius":{"unit":"px","top":"0","right":"0","bottom":"0","left":"0","isLinked":"1"},"padding":{"unit":"px","top":"0","right":"0","bottom":"0","left":"0","isLinked":"1"},"_inline_size_tablet":"100","margin_tablet":{"unit":"px","top":"0","right":"0","bottom":"50","left":"0","isLinked":""}},"elements":[{"id":"602d0fde","elType":"section","settings":{"height_inner":"min-height","custom_height_inner":{"unit":"px","size":"300","sizes":[]},"margin":{"unit":"px","top":"0","right":"0","bottom":"0","left":"0","isLinked":"1"},"custom_height_inner_tablet":{"unit":"px","size":"250","sizes":[]},"motion_fx_motion_fx_scrolling":"yes","motion_fx_translateY_effect":"yes","motion_fx_translateY_direction":"negative","motion_fx_translateY_speed":{"unit":"px","size":"1","sizes":[]},"motion_fx_devices":["desktop"]},"elements":[{"id":"37ae9941","elType":"column","settings":{"_column_size":"100","content_position":"bottom","border_border":"solid","border_width":{"unit":"px","top":"0","right":"0","bottom":"0","left":"1","isLinked":""},"border_color":"#000000","padding":{"unit":"%","top":"0","right":"30","bottom":"0","left":"6","isLinked":""},"_inline_size_tablet":"100","padding_tablet":{"unit":"px","top":"0","right":"0","bottom":"0","left":"50","isLinked":""}},"elements":[{"id":"18f38797","elType":"widget","settings":{"title":"About\n<br>DESIGN<b>FORM<\/b>","title_color":"#000000","typography_typography":"custom","typography_font_family":"Montserrat","typography_font_size":{"unit":"px","size":"35","sizes":[]},"typography_font_weight":"200","typography_text_transform":"uppercase","typography_font_size_mobile":{"unit":"px","size":"30","sizes":[]}},"elements":[],"widgetType":"heading"},{"id":"6297e553","elType":"widget","settings":{"editor":"Lorem ipsum dolor sit amet, conse ctetur adipcing elit off sedllo eiusmod rfty tempore incid dunt ulat labore elret herrty dolore malgna aliqua Uiot enim aled minim sit amet","align":"left","text_color":"#000000","typography_typography":"custom","typography_font_family":"Montserrat","typography_font_size":{"unit":"px","size":"15","sizes":[]},"typography_font_weight":"200"},"elements":[],"widgetType":"text-editor"}],"isInner":"1"}],"isInner":"1"}],"isInner":""},{"id":"e750dad","elType":"column","settings":{"_column_size":"33","_inline_size":"19.83","content_position":"center","margin":{"unit":"px","top":"0","right":"10","bottom":"0","left":"0","isLinked":""},"padding":{"unit":"px","top":"0","right":"0","bottom":"0","left":"0","isLinked":"1"},"_inline_size_tablet":"50","margin_mobile":{"unit":"px","top":"0","right":"0","bottom":"0","left":"0","isLinked":"1"}},"elements":[{"id":"7a2b78e9","elType":"widget","settings":{"image":{"id":13203,"url":"https:\/\/library.elementor.com\/wp-content\/uploads\/2020\/04\/1.png"},"image_size":"full","align":"right","width":{"unit":"%","size":"100","sizes":[]}},"elements":[],"widgetType":"image"},{"id":"5389bee8","elType":"widget","settings":{"image":{"id":13204,"url":"https:\/\/library.elementor.com\/wp-content\/uploads\/2020\/04\/4.png"},"image_size":"full","align":"right","width":{"unit":"%","size":"100","sizes":[]}},"elements":[],"widgetType":"image"}],"isInner":""},{"id":"20042bf2","elType":"column","settings":{"_column_size":"33","_inline_size":"19.83","content_position":"center","margin":{"unit":"px","top":"0","right":"0","bottom":"0","left":"10","isLinked":""},"padding":{"unit":"px","top":"0","right":"0","bottom":"0","left":"0","isLinked":"1"},"_inline_size_tablet":"50","margin_mobile":{"unit":"px","top":"20","right":"0","bottom":"0","left":"0","isLinked":""}},"elements":[{"id":"25f7ab5f","elType":"widget","settings":{"image":{"id":13205,"url":"https:\/\/library.elementor.com\/wp-content\/uploads\/2020\/04\/2.png"},"image_size":"full","align":"right","width":{"unit":"%","size":"100","sizes":[]}},"elements":[],"widgetType":"image"},{"id":"d8ba70c","elType":"widget","settings":{"image":{"id":13206,"url":"https:\/\/library.elementor.com\/wp-content\/uploads\/2020\/04\/3.png"},"image_size":"full","align":"right","width":{"unit":"%","size":"100","sizes":[]}},"elements":[],"widgetType":"image"}],"isInner":""}],"isInner":""},{"id":"24f1c27d","elType":"section","settings":{"layout":"full_width","structure":"20","padding":{"unit":"%","top":"0","right":"5","bottom":"0","left":"5","isLinked":""},"_title":"More Info","overflow":"hidden","_timestamp_":"v1WjRwWEVHZkY3VVJWVEwzdFhhT0JXdz09"},"elements":[{"id":"4b5a2411","elType":"column","settings":{"_column_size":"50","_inline_size":"25.004","padding":{"unit":"px","top":"0","right":"0","bottom":"0","left":"0","isLinked":"1"},"_inline_size_tablet":"30"},"elements":[{"id":"696d2fd0","elType":"widget","settings":{"text":"Divider","gap":{"unit":"px","size":"10","sizes":[]},"motion_fx_motion_fx_scrolling":"yes","motion_fx_translateX_effect":"yes","motion_fx_translateX_direction":"negative","motion_fx_translateX_speed":{"unit":"px","size":"0.5","sizes":[]},"motion_fx_devices":["desktop","tablet"]},"elements":[],"widgetType":"divider"}],"isInner":""},{"id":"5ae25e3b","elType":"column","settings":{"_column_size":"50","_inline_size":"75","padding":{"unit":"px","top":"0","right":"0","bottom":"0","left":"50","isLinked":""},"_inline_size_tablet":"70","margin_mobile":{"unit":"px","top":"30","right":"0","bottom":"0","left":"0","isLinked":""},"padding_mobile":{"unit":"px","top":"0","right":"0","bottom":"0","left":"0","isLinked":"1"}},"elements":[{"id":"534ccc7c","elType":"widget","settings":{"editor":"Lorem ipsum dolor sit amet, consectetur adipng elit sed dllpora eiusmod tempor incididunt ut labore et dolore magna aliqua at renean sed alorty off adipiscing diam donec lory dacilisi nullam vehicula ipsum a arcu cursus vitae congue sit amet est placerat in egestas pharetra sit amet aliqua.\n\nAmet massa vitae tortor condimentum lacinia quis. Est placerat in egestas alot erat imperdiet sed euismod. maecenas ultricies mi eget mauris. faucibus purus in massa tempor nec feugiat nisl pretium fusce. ","align":"left","text_color":"#000000","typography_typography":"custom","typography_font_family":"Montserrat","typography_font_size":{"unit":"px","size":"15","sizes":[]},"typography_font_weight":"200","text_columns":"2","column_gap":{"unit":"px","size":"50","sizes":[]},"text_columns_tablet":"1"},"elements":[],"widgetType":"text-editor"}],"isInner":""}],"isInner":""},{"id":"5ac19ecd","elType":"section","settings":{"layout":"full_width","structure":"20","margin":{"unit":"px","top":"200","right":"0","bottom":"200","left":"0","isLinked":"1"},"padding":{"unit":"%","top":"0","right":"10","bottom":"0","left":"5","isLinked":""},"_title":"The Owner","margin_tablet":{"unit":"px","top":"100","right":"0","bottom":"100","left":"0","isLinked":"1"},"padding_tablet":{"unit":"%","top":"0","right":"5","bottom":"0","left":"5","isLinked":""},"margin_mobile":{"unit":"px","top":"100","right":"0","bottom":"0","left":"0","isLinked":""},"overflow":"hidden","_timestamp_":"v1WjRwWEVHZkY3VVJWVEwzdFhhT0JXdz09"},"elements":[{"id":"d40ed34","elType":"column","settings":{"_column_size":"50","padding":{"unit":"px","top":"0","right":"0","bottom":"0","left":"0","isLinked":"1"},"_inline_size_tablet":"50","content_position_tablet":"bottom","align":"flex-end","align_mobile":"center","space_between_widgets":"0"},"elements":[{"id":"3672a279","elType":"widget","settings":{"image":{"id":13207,"url":"https:\/\/library.elementor.com\/wp-content\/uploads\/2020\/04\/Jackson-Miller.png"},"image_size":"full","align":"left","width":{"unit":"%","size":"100","sizes":[]}},"elements":[],"widgetType":"image"},{"id":"4cd2b427","elType":"widget","settings":{"title":"Jackson Miller","align":"center","align_mobile":"center","title_color":"#000000","typography_typography":"custom","typography_font_family":"Parisienne","typography_font_size":{"unit":"px","size":"30","sizes":[]},"typography_font_size_tablet":{"unit":"px","size":"25","sizes":[]},"typography_font_size_mobile":{"unit":"px","size":"25","sizes":[]},"typography_font_weight":"100","_margin":{"unit":"px","top":"-70","right":"0","bottom":"0","left":"0","isLinked":""},"_margin_tablet":{"unit":"px","top":"-65","right":"0","bottom":"0","left":"0","isLinked":""},"_margin_mobile":{"unit":"px","top":"00","right":"00","bottom":"00","left":"00","isLinked":"1"},"_padding":{"unit":"px","top":"20","right":"60","bottom":"20","left":"60","isLinked":""},"_padding_tablet":{"unit":"px","top":"20","right":"20","bottom":"20","left":"20","isLinked":"1"},"_padding_mobile":{"unit":"px","top":"20","right":"50","bottom":"20","left":"50","isLinked":""},"_background_background":"classic","_background_color":"#FFFFFF","_element_width":"auto"},"elements":[],"widgetType":"heading"}],"isInner":""},{"id":"63119c11","elType":"column","settings":{"_column_size":"50","content_position":"bottom","border_width":{"unit":"px","top":"0","right":"0","bottom":"0","left":"1","isLinked":""},"border_color":"#000000","border_radius":{"unit":"px","top":"0","right":"0","bottom":"0","left":"0","isLinked":"1"},"padding":{"unit":"%","top":"0","right":"0","bottom":"0","left":"20","isLinked":""},"_inline_size_tablet":"50","padding_tablet":{"unit":"%","top":"0","right":"0","bottom":"0","left":"5","isLinked":""},"margin_mobile":{"unit":"px","top":"0","right":"0","bottom":"0","left":"0","isLinked":"1"},"padding_mobile":{"unit":"px","top":"0","right":"0","bottom":"0","left":"0","isLinked":"1"}},"elements":[{"id":"6868caad","elType":"section","settings":{"height_inner":"min-height","custom_height_inner":{"unit":"px","size":"350","sizes":[]},"margin_mobile":{"unit":"px","top":"0","right":0,"bottom":"35","left":0,"isLinked":false},"padding_mobile":{"unit":"px","top":"0","right":"0","bottom":"0","left":"0","isLinked":"1"},"custom_height_inner_mobile":{"unit":"px","size":270,"sizes":[]}},"elements":[{"id":"1a71f3dc","elType":"column","settings":{"_column_size":"100","content_position":"bottom","border_border":"solid","border_width":{"unit":"px","top":"0","right":"0","bottom":"0","left":"1","isLinked":""},"border_radius":{"unit":"px","top":"0","right":"0","bottom":"0","left":"0","isLinked":"1"},"padding":{"unit":"px","top":"0","right":"0","bottom":"0","left":"50","isLinked":""},"border_width_tablet":{"unit":"px","top":"0","right":"0","bottom":"0","left":"0","isLinked":"1"},"padding_tablet":{"unit":"px","top":"0","right":"0","bottom":"0","left":"30","isLinked":""},"margin_mobile":{"unit":"px","top":"0","right":"0","bottom":"0","left":"0","isLinked":"1"},"padding_mobile":{"unit":"px","top":"0","right":"0","bottom":"0","left":"0","isLinked":"1"},"motion_fx_motion_fx_scrolling":"yes","motion_fx_translateY_speed":{"unit":"px","size":"1","sizes":[]},"motion_fx_translateX_effect":"yes","motion_fx_translateX_speed":{"unit":"px","size":"1","sizes":[]},"motion_fx_translateX_affectedRange":{"unit":"%","size":"","sizes":{"start":"0","end":"50"}},"motion_fx_devices":["desktop"]},"elements":[{"id":"706b90f5","elType":"widget","settings":{"title":"\"","title_color":"#000000","typography_typography":"custom","typography_font_family":"Alef","typography_font_size":{"unit":"px","size":"85","sizes":[]},"typography_font_weight":"300","typography_text_transform":"uppercase","typography_line_height":{"unit":"em","size":"1","sizes":[]},"_margin":{"unit":"px","top":"0","right":"0","bottom":"-20","left":"0","isLinked":""},"header_size":"p","typography_font_size_tablet":{"unit":"px","size":"50","sizes":[]}},"elements":[],"widgetType":"heading"},{"id":"58d14d0d","elType":"widget","settings":{"title":"interior designer \/\/ owner","title_color":"#000000","typography_typography":"custom","typography_font_family":"Montserrat","typography_font_size":{"unit":"px","size":"15","sizes":[]},"typography_font_weight":"200","typography_text_transform":"uppercase","_margin":{"unit":"px","top":"0","right":"0","bottom":"-15","left":"0","isLinked":""},"header_size":"h3"},"elements":[],"widgetType":"heading"},{"id":"4784e014","elType":"widget","settings":{"editor":"<p class=\"p1\"><span class=\"s1\">Jackson<\/span><strong><span class=\"s2\"> Miller<\/span><\/strong><\/p>","align":"left","text_color":"#000000","typography_typography":"custom","typography_font_family":"Montserrat","typography_font_size":{"unit":"px","size":"35","sizes":[]},"typography_font_weight":"100","typography_text_transform":"uppercase","typography_line_height":{"unit":"em","size":"1","sizes":[]},"typography_font_size_tablet":{"unit":"px","size":"30","sizes":[]}},"elements":[],"widgetType":"text-editor"},{"id":"65787e51","elType":"widget","settings":{"editor":"I believe that every design is personal. The connection we have with clients determines how the projects will look at the end of the design process. We must understand the clients and bond with them, be a part of their dream. Their dream is our dream.","align":"left","text_color":"#000000","typography_typography":"custom","typography_font_family":"Montserrat","typography_font_size":{"unit":"px","size":"15","sizes":[]},"typography_font_weight":"200"},"elements":[],"widgetType":"text-editor"}],"isInner":"1"}],"isInner":"1"}],"isInner":""}],"isInner":""},{"id":"270aafd7","elType":"section","settings":{"layout":"full_width","structure":"30","padding":{"unit":"%","top":"0","right":"10","bottom":"0","left":"10","isLinked":""},"_title":"Employees","margin_tablet":{"unit":"px","top":"","right":"0","bottom":"","left":"0","isLinked":"1"},"padding_tablet":{"unit":"%","top":"0","right":"5","bottom":"0","left":"5","isLinked":""},"margin_mobile":{"unit":"px","top":"50","right":"0","bottom":"0","left":"0","isLinked":""},"padding_mobile":{"unit":"%","top":"0","right":"5","bottom":"0","left":"5","isLinked":""},"_timestamp_":"v1WjRwWEVHZkY3VVJWVEwzdFhhT0JXdz09"},"elements":[{"id":"5045c039","elType":"column","settings":{"_column_size":"33","padding":{"unit":"px","top":"0","right":"0","bottom":"0","left":"0","isLinked":"1"},"margin":{"unit":"px","top":"0","right":"30","bottom":"0","left":"0","isLinked":""},"margin_tablet":{"unit":"px","top":"0","right":"20","bottom":"0","left":"0","isLinked":""},"margin_mobile":{"unit":"px","top":"0","right":"0","bottom":"0","left":"0","isLinked":"1"}},"elements":[{"id":"2dea1861","elType":"widget","settings":{"bg_image":{"id":13208,"url":"https:\/\/library.elementor.com\/wp-content\/uploads\/2020\/04\/Rene-Walker.png"},"bg_image_size":"full","title":"Rene Walker","description":"Designer","button":"","min-height":{"unit":"px","size":"50","sizes":[]},"vertical_position":"middle","padding":{"unit":"px","top":"20","right":"0","bottom":"0","left":"0","isLinked":""},"image_min_height":{"unit":"px","size":"400","sizes":[]},"title_typography_typography":"custom","title_typography_font_family":"Montserrat","title_typography_font_size":{"unit":"px","size":"20","sizes":[]},"title_typography_font_weight":"500","title_spacing":{"unit":"px","size":"0","sizes":[]},"description_typography_typography":"custom","description_typography_font_family":"Montserrat","description_typography_font_size":{"unit":"px","size":"16","sizes":[]},"description_typography_font_weight":"200","content_bg_color":"#FFFFFF","title_color":"#000000","description_color":"#000000","title_tag":"h3","image_min_height_tablet":{"unit":"px","size":"250","sizes":[]},"graphic_image":{"id":"12826","url":"https:\/\/library.elementor.com\/wp-content\/uploads\/2020\/02\/placeholder.png"}},"elements":[],"widgetType":"call-to-action"}],"isInner":""},{"id":"46dd9ff8","elType":"column","settings":{"_column_size":"33","padding":{"unit":"px","top":"0","right":"0","bottom":"0","left":"0","isLinked":"1"},"margin":{"unit":"px","top":"0","right":"30","bottom":"0","left":"0","isLinked":""},"margin_tablet":{"unit":"px","top":"0","right":"20","bottom":"0","left":"0","isLinked":""},"margin_mobile":{"unit":"px","top":"50","right":"0","bottom":"0","left":"0","isLinked":""}},"elements":[{"id":"388af46b","elType":"widget","settings":{"bg_image":{"id":13209,"url":"https:\/\/library.elementor.com\/wp-content\/uploads\/2020\/04\/James-Dixon.png"},"bg_image_size":"full","title":"Molly Dunn","description":"Designer","button":"","min-height":{"unit":"px","size":"50","sizes":[]},"vertical_position":"middle","padding":{"unit":"px","top":"20","right":"0","bottom":"0","left":"0","isLinked":""},"image_min_height":{"unit":"px","size":"400","sizes":[]},"title_typography_typography":"custom","title_typography_font_family":"Montserrat","title_typography_font_size":{"unit":"px","size":"20","sizes":[]},"title_typography_font_weight":"500","title_spacing":{"unit":"px","size":"0","sizes":[]},"description_typography_typography":"custom","description_typography_font_family":"Montserrat","description_typography_font_size":{"unit":"px","size":"16","sizes":[]},"description_typography_font_weight":"200","content_bg_color":"#FFFFFF","title_color":"#000000","description_color":"#000000","title_tag":"h3","image_min_height_tablet":{"unit":"px","size":"250","sizes":[]},"graphic_image":{"id":"12826","url":"https:\/\/library.elementor.com\/wp-content\/uploads\/2020\/02\/placeholder.png"}},"elements":[],"widgetType":"call-to-action"}],"isInner":""},{"id":"70398dac","elType":"column","settings":{"_column_size":"33","padding":{"unit":"px","top":"0","right":"0","bottom":"0","left":"0","isLinked":"1"},"margin_mobile":{"unit":"px","top":"50","right":"0","bottom":"0","left":"0","isLinked":""}},"elements":[{"id":"32dda58c","elType":"widget","settings":{"bg_image":{"id":13210,"url":"https:\/\/library.elementor.com\/wp-content\/uploads\/2020\/04\/Molly-Dunn.png"},"bg_image_size":"full","title":"James Dixon","description":"Designer","button":"","min-height":{"unit":"px","size":"50","sizes":[]},"vertical_position":"middle","padding":{"unit":"px","top":"20","right":"0","bottom":"0","left":"0","isLinked":""},"image_min_height":{"unit":"px","size":"400","sizes":[]},"title_typography_typography":"custom","title_typography_font_family":"Montserrat","title_typography_font_size":{"unit":"px","size":"20","sizes":[]},"title_typography_font_weight":"500","title_spacing":{"unit":"px","size":"0","sizes":[]},"description_typography_typography":"custom","description_typography_font_family":"Montserrat","description_typography_font_size":{"unit":"px","size":"16","sizes":[]},"description_typography_font_weight":"200","content_bg_color":"#FFFFFF","title_color":"#000000","description_color":"#000000","title_tag":"h3","image_min_height_tablet":{"unit":"px","size":"250","sizes":[]},"graphic_image":{"id":"12826","url":"https:\/\/library.elementor.com\/wp-content\/uploads\/2020\/02\/placeholder.png"}},"elements":[],"widgetType":"call-to-action"}],"isInner":""}],"isInner":""}],"page_settings":[]}