{"content":[{"id":"4432bab0","elType":"section","settings":{"layout":"full_width","height":"min-height","custom_height":{"unit":"px","size":"125","sizes":[]},"structure":"30","background_background":"classic","background_color":"#000000","padding_tablet":{"unit":"%","top":"2","right":"5","bottom":"0","left":"5","isLinked":""},"_title":"Popup","custom_height_mobile":{"unit":"px","size":"180","sizes":[]},"_timestamp_":"v1WjRwWEVHZkY3VVJWVEwzdFhhT0JXdz09"},"elements":[{"id":"6faa0432","elType":"column","settings":{"_column_size":"33","_inline_size":"26","content_position":"center","padding":{"unit":"%","top":"0","right":"0","bottom":"0","left":"16","isLinked":""},"_inline_size_tablet":"12","padding_tablet":{"unit":"px","top":"0","right":"0","bottom":"0","left":"0","isLinked":"1"},"padding_mobile":{"unit":"px","top":"0","right":"0","bottom":"0","left":"0","isLinked":"1"}},"elements":[{"id":"2966c77e","elType":"widget","settings":{"align":"left","text":"","look":"line_text","text_color":"#FFFFFF","typography_typography":"custom","typography_font_family":"Montserrat","typography_font_size":{"unit":"px","size":"26","sizes":[]},"typography_font_weight":"200","typography_text_transform":"uppercase","text_align":"right","text_spacing":{"unit":"px","size":"30","sizes":[]},"color":"#FFFFFF","gap":{"unit":"px","size":"12","sizes":[]},"typography_font_size_tablet":{"unit":"px","size":"20","sizes":[]},"text_spacing_tablet":{"unit":"px","size":"15","sizes":[]},"typography_font_size_mobile":{"unit":"px","size":"18","sizes":[]},"text_spacing_mobile":{"unit":"px","size":"10","sizes":[]},"hide_mobile":"hidden-phone"},"elements":[],"widgetType":"divider"}],"isInner":""},{"id":"170f4ce2","elType":"column","settings":{"_column_size":"33","_inline_size":"49","content_position":"center","padding":{"unit":"%","top":"0","right":"5","bottom":"0","left":"5","isLinked":""},"_inline_size_tablet":"70","padding_tablet":{"unit":"px","top":"0","right":"0","bottom":"0","left":"15","isLinked":""},"content_position_tablet":"center","padding_mobile":{"unit":"px","top":"0","right":"0","bottom":"0","left":"0","isLinked":"1"},"margin_mobile":{"unit":"px","top":"20","right":"0","bottom":"0","left":"0","isLinked":""}},"elements":[{"id":"389854cc","elType":"widget","settings":{"editor":"CALL US TO START CREATING <strong>YOUR DREAM HOME<\/strong>","align":"left","align_mobile":"center","text_color":"#FFFFFF","typography_typography":"custom","typography_font_family":"Montserrat","typography_font_size":{"unit":"px","size":"22","sizes":[]},"typography_font_size_tablet":{"unit":"px","size":"18","sizes":[]},"typography_font_weight":"100","typography_text_transform":"uppercase"},"elements":[],"widgetType":"text-editor"}],"isInner":""},{"id":"25353005","elType":"column","settings":{"_column_size":"33","_inline_size":"24.332","content_position":"center","padding":{"unit":"%","top":"0","right":"55","bottom":"0","left":"0","isLinked":""},"_inline_size_tablet":"18","padding_tablet":{"unit":"px","top":"0","right":"0","bottom":"0","left":"0","isLinked":"1"},"padding_mobile":{"unit":"px","top":"15","right":"0","bottom":"15","left":"0","isLinked":""}},"elements":[{"id":"50beecda","elType":"widget","settings":{"title":"408-821-3682","title_color":"#FFFFFF","typography_typography":"custom","typography_font_family":"Montserrat","typography_font_size":{"unit":"px","size":"20","sizes":[]},"typography_font_weight":"200","typography_text_transform":"uppercase","align":"right","typography_font_size_tablet":{"unit":"px","size":"16","sizes":[]},"align_mobile":"center","typography_font_size_mobile":{"unit":"px","size":"18","sizes":[]}},"elements":[],"widgetType":"heading"}],"isInner":""}],"isInner":""}],"page_settings":{"width":{"unit":"px","size":"1500","sizes":[]},"height_type":"custom","height":{"unit":"px","size":"125","sizes":[]},"height_mobile":{"unit":"px","size":"190","sizes":[]},"horizontal_position":"right","vertical_position":"top","entrance_animation":"fadeInRight","exit_animation":"fadeInRight","box_shadow_box_shadow_type":"","overlay_background_color":"","close_button_vertical":{"unit":"px","size":"40","sizes":[]},"close_button_vertical_tablet":{"unit":"%","size":"25","sizes":[]},"close_button_vertical_mobile":{"unit":"%","size":"10","sizes":[]},"close_button_horizontal":{"unit":"%","size":"7","sizes":[]},"close_button_horizontal_tablet":{"unit":"%","size":"3.8","sizes":[]},"close_button_horizontal_mobile":{"unit":"%","size":"5.1","sizes":[]},"close_button_color":"#FFFFFF","icon_size":{"unit":"px","size":"15","sizes":[]},"close_button_delay":"1.5"}}