{"content":[{"id":"24bce99e","elType":"section","settings":{"content_width":{"unit":"px","size":"800","sizes":[]},"height":"min-height","custom_height":{"unit":"vh","size":"90","sizes":[]},"background_background":"classic","background_color":"#F4F4FF","border_radius":{"unit":"px","top":"0","right":"0","bottom":"100","left":"100","isLinked":""},"background_overlay_background":"classic","background_overlay_image":{"id":13355,"url":"https:\/\/library.elementor.com\/wp-content\/uploads\/2020\/04\/Contact-BG.jpg"},"background_overlay_position":"center center","background_overlay_repeat":"no-repeat","background_overlay_size":"cover","background_overlay_opacity":{"unit":"px","size":"0.05","sizes":[]},"margin":{"unit":"%","top":"0","right":"0","bottom":"12","left":"0","isLinked":""},"_title":"Hero + Form","background_overlay_position_tablet":"center right","border_radius_mobile":{"unit":"px","top":"0","right":"0","bottom":"50","left":"50","isLinked":""},"padding_tablet":{"unit":"%","top":"0","right":"5","bottom":"0","left":"5","isLinked":""},"_timestamp_":"v1WjRwWEVHZkY3VVJWVEwzdFhhT0JXdz09"},"elements":[{"id":"33309558","elType":"column","settings":{"_column_size":"100","space_between_widgets":"0","padding_mobile":{"unit":"px","top":"100","right":"0","bottom":"100","left":"0","isLinked":""}},"elements":[{"id":"307be988","elType":"widget","settings":{"title":"Contact Me","align":"center","title_color":"#3D4E60","typography_typography":"custom","typography_font_family":"Montserrat","typography_font_size":{"unit":"px","size":"25","sizes":[]},"typography_font_weight":"200","header_size":"h3","typography_font_size_tablet":{"unit":"px","size":"22","sizes":[]},"typography_font_size_mobile":{"unit":"px","size":"18","sizes":[]}},"elements":[],"widgetType":"heading"},{"id":"5b510491","elType":"widget","settings":{"title":"How can <b>I help?<\/b>","align":"center","title_color":"#000000","typography_typography":"custom","typography_font_family":"Montserrat","typography_font_size":{"unit":"px","size":"60","sizes":[]},"typography_font_weight":"200","typography_text_transform":"uppercase","typography_line_height":{"unit":"em","size":"1.2","sizes":[]},"_margin":{"unit":"px","top":"80","right":"0","bottom":"5","left":"0","isLinked":""},"header_size":"h1","typography_font_size_tablet":{"unit":"px","size":"45","sizes":[]},"typography_font_size_mobile":{"unit":"px","size":"32","sizes":[]},"_margin_mobile":{"unit":"px","top":"30","right":"0","bottom":"30","left":"0","isLinked":""}},"elements":[],"widgetType":"heading"},{"id":"5efb80db","elType":"widget","settings":{"editor":"<p>If you have any questions regarding my courses, please fill out the form below and I'll get back to you as soon as possible.<\/p>","text_color":"#3D4E60","typography_typography":"custom","typography_font_family":"Montserrat","typography_font_size":{"unit":"px","size":"18","sizes":[]},"typography_font_weight":"200","align":"center","_margin":{"unit":"%","top":"0","right":"15","bottom":"0","left":"15","isLinked":""},"_margin_mobile":{"unit":"px","top":"0","right":"0","bottom":"0","left":"0","isLinked":"1"}},"elements":[],"widgetType":"text-editor"},{"id":"67a3b241","elType":"widget","settings":{"form_name":"New Form","form_fields":[{"custom_id":"name","field_type":"text","field_label":"Your Name","placeholder":"","width":"50","_id":"bf2c43b","required":"","field_options":"","allow_multiple":"","select_size":"","inline_list":"","field_html":"","width_tablet":"","width_mobile":"","rows":"4","recaptcha_size":"normal","recaptcha_style":"light","recaptcha_badge":"bottomright","css_classes":"","field_value":"","file_sizes":"","file_types":"","allow_multiple_upload":"","max_files":"","acceptance_text":"","checked_by_default":"","field_min":"","field_max":"","min_date":"","max_date":"","use_native_date":"","use_native_time":""},{"custom_id":"email","field_type":"email","required":"true","field_label":"Your Email","placeholder":"","width":"50","_id":"47fe310","field_options":"","allow_multiple":"","select_size":"","inline_list":"","field_html":"","width_tablet":"","width_mobile":"","rows":"4","recaptcha_size":"normal","recaptcha_style":"light","recaptcha_badge":"bottomright","css_classes":"","field_value":"","file_sizes":"","file_types":"","allow_multiple_upload":"","max_files":"","acceptance_text":"","checked_by_default":"","field_min":"","field_max":"","min_date":"","max_date":"","use_native_date":"","use_native_time":""},{"custom_id":"message","field_type":"textarea","field_label":"I\u2019d Like To Ask About..","placeholder":"","width":"100","_id":"0e69d7e","required":"","field_options":"","allow_multiple":"","select_size":"","inline_list":"","field_html":"","width_tablet":"","width_mobile":"","rows":"3","recaptcha_size":"normal","recaptcha_style":"light","recaptcha_badge":"bottomright","css_classes":"","field_value":"","file_sizes":"","file_types":"","allow_multiple_upload":"","max_files":"","acceptance_text":"","checked_by_default":"","field_min":"","field_max":"","min_date":"","max_date":"","use_native_date":"","use_native_time":""}],"button_text":"Submit","button_align":"end","selected_button_icon":{"value":"fas fa-arrow-right","library":"fa-solid"},"button_icon_align":"right","button_icon_indent":{"unit":"px","size":"10","sizes":[]},"email_content":"[all-fields]","email_content_2":"[all-fields]","success_message":"The form was sent successfully.","error_message":"An error occured.","required_field_message":"This field is required.","invalid_message":"There's something wrong. The form is invalid.","column_gap":{"unit":"px","size":"60","sizes":[]},"row_gap":{"unit":"px","size":"50","sizes":[]},"label_color":"#000000","label_typography_typography":"custom","label_typography_font_family":"Montserrat","label_typography_font_size":{"unit":"px","size":"16","sizes":[]},"label_typography_font_weight":"200","label_typography_text_transform":"capitalize","field_typography_font_family":"Montserrat","field_typography_font_size":{"unit":"px","size":"16","sizes":[]},"field_typography_font_weight":"300","field_background_color":"rgba(255, 255, 255, 0)","field_border_color":"#000000","field_border_width":{"unit":"px","top":"0","right":"0","bottom":"1","left":"0","isLinked":""},"field_border_radius":{"unit":"px","top":"0","right":"0","bottom":"0","left":"0","isLinked":"1"},"button_background_color":"#635DFF","button_text_color":"#FFFFFF","button_typography_typography":"custom","button_typography_font_family":"Montserrat","button_typography_font_size":{"unit":"px","size":"15","sizes":[]},"button_typography_font_weight":"300","button_typography_text_transform":"uppercase","button_border_radius":{"unit":"px","top":"50","right":"0","bottom":"50","left":"50","isLinked":""},"button_text_padding":{"unit":"px","top":"15","right":"50","bottom":"15","left":"50","isLinked":""},"button_background_hover_color":"#FFFFFF","button_hover_color":"#635DFF","button_hover_animation":"float","_margin":{"unit":"px","top":"80","right":"0","bottom":"0","left":"0","isLinked":""}},"elements":[],"widgetType":"form"}],"isInner":""}],"isInner":""}],"page_settings":[]}