{"content":[{"id":"494e239f","elType":"section","settings":{"content_width":{"unit":"px","size":"856","sizes":[]},"height":"min-height","custom_height":{"unit":"vh","size":"90","sizes":[]},"background_background":"classic","background_color":"#F4F4FF","border_radius":{"unit":"px","top":"0","right":"0","bottom":"100","left":"100","isLinked":""},"background_overlay_background":"classic","background_overlay_image":{"id":13364,"url":"https:\/\/library.elementor.com\/wp-content\/uploads\/2020\/04\/404-BG.jpg"},"background_overlay_position":"center center","background_overlay_repeat":"no-repeat","background_overlay_size":"cover","background_overlay_opacity":{"unit":"px","size":"0.05","sizes":[]},"margin":{"unit":"%","top":"0","right":"0","bottom":"12","left":"0","isLinked":""},"_title":"404 Page","border_radius_mobile":{"unit":"px","top":"0","right":"0","bottom":"50","left":"50","isLinked":""},"padding_mobile":{"unit":"%","top":"0","right":"5","bottom":"0","left":"5","isLinked":""},"background_overlay_position_tablet":"center right","_timestamp_":"v1WjRwWEVHZkY3VVJWVEwzdFhhT0JXdz09"},"elements":[{"id":"63cdb9cc","elType":"column","settings":{"_column_size":"100","space_between_widgets":"0"},"elements":[{"id":"1fc18e4e","elType":"widget","settings":{"title":"Error 404","align":"center","title_color":"#3D4E60","typography_typography":"custom","typography_font_family":"Montserrat","typography_font_size":{"unit":"px","size":"25","sizes":[]},"typography_font_weight":"200","typography_font_size_tablet":{"unit":"px","size":"22","sizes":[]},"typography_font_size_mobile":{"unit":"px","size":"18","sizes":[]}},"elements":[],"widgetType":"heading"},{"id":"6c7e105d","elType":"widget","settings":{"title":"Oops This is <b>Awkward... <\/b>","align":"center","title_color":"#000000","typography_typography":"custom","typography_font_family":"Montserrat","typography_font_size":{"unit":"px","size":"60","sizes":[]},"typography_font_weight":"200","typography_text_transform":"uppercase","typography_line_height":{"unit":"em","size":"1.2","sizes":[]},"_margin":{"unit":"px","top":"50","right":"0","bottom":"20","left":"0","isLinked":""},"header_size":"h1","typography_font_size_tablet":{"unit":"px","size":"45","sizes":[]},"typography_font_size_mobile":{"unit":"px","size":"32","sizes":[]},"_margin_tablet":{"unit":"px","top":"30","right":"0","bottom":"30","left":"0","isLinked":""}},"elements":[],"widgetType":"heading"},{"id":"2f3ad0db","elType":"widget","settings":{"editor":"We couldn't find the page you were looking for, or maybe it never existed. Try heading back to the home page.","text_color":"#3D4E60","typography_typography":"custom","typography_font_family":"Montserrat","typography_font_size":{"unit":"px","size":"18","sizes":[]},"typography_font_weight":"200","align":"center","_margin":{"unit":"%","top":"0","right":"15","bottom":"0","left":"15","isLinked":""},"_margin_mobile":{"unit":"px","top":"0","right":"0","bottom":"0","left":"0","isLinked":"1"}},"elements":[],"widgetType":"text-editor"},{"id":"60fa018c","elType":"widget","settings":{"text":"Back Home","align":"center","selected_icon":{"value":{"id":"13312","url":"https:\/\/library.elementor.com\/wp-content\/uploads\/2020\/04\/arrow-icon-size3.svg"},"library":"svg"},"icon_align":"right","icon_indent":{"unit":"px","size":"10","sizes":[]},"typography_typography":"custom","typography_font_family":"Montserrat","typography_font_size":{"unit":"px","size":"15","sizes":[]},"typography_font_weight":"300","typography_text_transform":"uppercase","button_text_color":"#FFFFFF","background_color":"#635DFF","hover_color":"#635DFF","button_background_hover_color":"#FFFFFF","hover_animation":"float","border_radius":{"unit":"px","top":"50","right":"0","bottom":"50","left":"50","isLinked":""},"button_box_shadow_box_shadow_type":"yes","button_box_shadow_box_shadow":{"horizontal":"0","vertical":"15","blur":"30","spread":"0","color":"rgba(0, 0, 0, 0.15)"},"text_padding":{"unit":"px","top":"18","right":"35","bottom":"18","left":"35","isLinked":""},"_margin":{"unit":"px","top":"50","right":"0","bottom":"0","left":"0","isLinked":""},"__dynamic__":{"link":"[elementor-tag id=\"776f513\" name=\"site-url\" settings=\"%7B%7D\"]"}},"elements":[],"widgetType":"button"}],"isInner":""}],"isInner":""}],"page_settings":[]}