{"content":[{"id":"27e46147","elType":"section","settings":{"content_width":{"unit":"px","size":"1400","sizes":[]},"height":"min-height","custom_height":{"unit":"px","size":"700","sizes":[]},"background_background":"classic","background_color":"#F4F4FF","border_radius":{"unit":"px","top":"0","right":"0","bottom":"100","left":"100","isLinked":""},"background_overlay_background":"classic","background_overlay_image":{"id":"13343","url":"https:\/\/library.elementor.com\/wp-content\/uploads\/2020\/04\/Course-BG.png"},"background_overlay_position":"center center","background_overlay_repeat":"no-repeat","background_overlay_size":"cover","background_overlay_opacity":{"unit":"px","size":"0.05","sizes":[]},"_title":"Hero -\u00a0The Name Of The Lesson","custom_height_tablet":{"unit":"px","size":"550","sizes":[]},"background_overlay_position_tablet":"center right","background_overlay_position_mobile":"center right","border_radius_tablet":{"unit":"px","top":"0","right":"0","bottom":"30","left":"30","isLinked":""},"padding_tablet":{"unit":"%","top":"0","right":"5","bottom":"0","left":"5","isLinked":""},"_timestamp_":"v1WjRwWEVHZkY3VVJWVEwzdFhhT0JXdz09"},"elements":[{"id":"7734553e","elType":"column","settings":{"_column_size":"100","space_between_widgets":"50","padding":{"unit":"%","top":"0","right":"30","bottom":"0","left":"0","isLinked":""},"space_between_widgets_tablet":"20","padding_tablet":{"unit":"px","top":"0","right":"0","bottom":"0","left":"0","isLinked":"1"}},"elements":[{"id":"1b3d96a9","elType":"widget","settings":{"text":"Need Help?","typography_typography":"custom","typography_font_family":"Montserrat","typography_font_size":{"unit":"px","size":"16","sizes":[]},"typography_font_weight":"400","typography_text_transform":"uppercase","button_text_color":"#FFFFFF","background_color":"#635DFF","border_radius":{"unit":"px","top":"0","right":"30","bottom":"30","left":"0","isLinked":""},"button_box_shadow_box_shadow_type":"yes","button_box_shadow_box_shadow":{"horizontal":"0","vertical":"15","blur":"20","spread":"0","color":"rgba(0, 0, 0, 0.137)"},"text_padding":{"unit":"px","top":"20","right":"35","bottom":"15","left":"25","isLinked":""},"_element_width":"auto","_element_vertical_align":"center","_position":"fixed","_offset_y":{"unit":"px","size":"850","sizes":[]},"__dynamic__":{"link":"[elementor-tag id=\"c762b59\" name=\"popup\" settings=\"%7B%22popup%22%3A%22373%22%7D\"]"},"_offset_x_mobile":{"unit":"px","size":"0","sizes":[]},"_offset_orientation_v":"end","_offset_y_mobile":{"unit":"px","size":"572","sizes":[]},"_offset_y_end":{"unit":"px","size":"100","sizes":[]},"_offset_y_end_mobile":{"unit":"px","size":0,"sizes":[]}},"elements":[],"widgetType":"button"},{"id":"70feef88","elType":"widget","settings":{"icon_list":[{"type":"terms","selected_icon":{"value":"far fa-comment-dots","library":"fa-regular"},"_id":"e6ea18d","date_format":"default","custom_date_format":"F j, Y","time_format":"default","custom_time_format":"g:i a","taxonomy":"category","text_prefix":"","show_avatar":"","avatar_size":{"unit":"px","size":"","sizes":[]},"avatar_size_tablet":{"unit":"px","size":"","sizes":[]},"avatar_size_mobile":{"unit":"px","size":"","sizes":[]},"comments_custom_strings":"","string_no_comments":"","string_one_comment":"","string_comments":"","custom_text":"","link":"","custom_url":{"url":"","is_external":"","nofollow":"","custom_attributes":""},"show_icon":"none","__dynamic__":[]}],"text_color":"#3D4E60","icon_typography_typography":"custom","icon_typography_font_family":"Montserrat","icon_typography_font_size":{"unit":"px","size":"18","sizes":[]},"icon_typography_font_weight":"300","icon_align_mobile":"center","icon_typography_font_size_mobile":{"unit":"px","size":"16","sizes":[]},"icon_typography_text_transform":"capitalize"},"elements":[],"widgetType":"post-info"},{"id":"4ec3bef3","elType":"widget","settings":{"__dynamic__":{"title":"[elementor-tag id=\"\" name=\"post-title\" settings=\"%7B%22before%22%3A%22%22%2C%22after%22%3A%22%22%2C%22fallback%22%3A%22%22%7D\"]"},"title":"Add Your Heading Text Here","title_color":"#000000","typography_typography":"custom","typography_font_family":"Montserrat","typography_font_size":{"unit":"px","size":"60","sizes":[]},"typography_font_weight":"300","typography_text_transform":"uppercase","align":"left","align_tablet":"center","typography_font_size_tablet":{"unit":"px","size":"40","sizes":[]},"typography_font_size_mobile":{"unit":"px","size":"32","sizes":[]},"typography_line_height_mobile":{"unit":"em","size":"1.4","sizes":[]}},"elements":[],"widgetType":"theme-post-title"}],"isInner":""}],"isInner":""},{"id":"56637b7c","elType":"section","settings":{"content_width":{"unit":"px","size":"1400","sizes":[]},"height":"min-height","custom_height":{"unit":"px","size":"300","sizes":[]},"column_position":"stretch","margin":{"unit":"px","top":"-150","right":"0","bottom":"0","left":"0","isLinked":""},"_title":"Course Content","padding_tablet":{"unit":"%","top":"0","right":"5","bottom":"0","left":"5","isLinked":""},"_timestamp_":"v1WjRwWEVHZkY3VVJWVEwzdFhhT0JXdz09"},"elements":[{"id":"274a17b0","elType":"column","settings":{"_column_size":"100","content_position":"center","background_color":"#FFFFFF","border_radius":{"unit":"px","top":"0","right":"0","bottom":"50","left":"50","isLinked":""},"box_shadow_box_shadow":{"horizontal":"0","vertical":"15","blur":"50","spread":"0","color":"rgba(0, 0, 0, 0.1)"},"padding":{"unit":"px","top":"0","right":"0","bottom":"0","left":"0","isLinked":"1"}},"elements":[{"id":"17678374","elType":"widget","settings":{"title":"Course 1","title_color":"#FFFFFF","typography_typography":"custom","typography_font_size":{"unit":"px","size":"15","sizes":[]},"typography_font_weight":"300","typography_text_transform":"uppercase","_padding":{"unit":"px","top":"15","right":"50","bottom":"12","left":"50","isLinked":""},"_background_background":"classic","_background_color":"#635DFF","_border_radius":{"unit":"px","top":"0","right":"30","bottom":"0","left":"0","isLinked":""},"_element_width":"auto","__dynamic__":{"title":"[elementor-tag id=\"b9935c7\" name=\"post-custom-field\" settings=\"%7B%22key%22%3A%22Lesson%20Number%22%7D\"]"},"header_size":"h3"},"elements":[],"widgetType":"heading"},{"id":"1654189c","elType":"section","settings":{"content_width":{"unit":"px","size":"1400","sizes":[]},"height_inner":"min-height","custom_height_inner":{"unit":"px","size":"300","sizes":[]}},"elements":[{"id":"234322d0","elType":"column","settings":{"_column_size":"100","content_position":"center","background_background":"classic","background_color":"#FFFFFF","border_radius":{"unit":"px","top":"0","right":"0","bottom":"50","left":"50","isLinked":""},"box_shadow_box_shadow_type":"yes","box_shadow_box_shadow":{"horizontal":"0","vertical":"15","blur":"50","spread":"0","color":"rgba(0, 0, 0, 0.1)"},"padding":{"unit":"px","top":"0","right":"50","bottom":"0","left":"50","isLinked":""},"padding_mobile":{"unit":"px","top":"50","right":"20","bottom":"50","left":"20","isLinked":""}},"elements":[{"id":"6d4fd0c5","elType":"widget","settings":{"icon_list":[{"type":"custom","selected_icon":{"value":"far fa-comment-dots","library":"fa-regular"},"_id":"e6ea18d","date_format":"default","custom_date_format":"F j, Y","time_format":"default","custom_time_format":"g:i a","taxonomy":[],"text_prefix":"","show_avatar":"","avatar_size":{"unit":"px","size":"","sizes":[]},"avatar_size_tablet":{"unit":"px","size":"","sizes":[]},"avatar_size_mobile":{"unit":"px","size":"","sizes":[]},"comments_custom_strings":"","string_no_comments":"","string_one_comment":"","string_comments":"","custom_text":"","link":"yes","custom_url":{"url":"","is_external":"","nofollow":"","custom_attributes":""},"show_icon":"none","__dynamic__":{"custom_text":"[elementor-tag id=\"35b3ec4\" name=\"post-custom-field\" settings=\"%7B%22key%22%3A%22Duration%3A%22%2C%22before%22%3A%22Duration%3A%20%22%7D\"]"}}],"text_color":"#635DFF","icon_typography_typography":"custom","icon_typography_font_family":"Montserrat","icon_typography_font_size":{"unit":"px","size":"18","sizes":[]},"icon_typography_font_weight":"300","icon_align_mobile":"center"},"elements":[],"widgetType":"post-info"},{"id":"68620d52","elType":"widget","settings":{"align":"left","text_color":"#3D4E60","typography_typography":"custom","typography_font_family":"Montserrat","typography_font_size":{"unit":"px","size":"16","sizes":[]},"typography_font_weight":"300","text_columns":"2","__dynamic__":{"editor":"[elementor-tag id=\"816912e\" name=\"post-excerpt\" settings=\"%7B%7D\"]"},"align_mobile":"center","text_columns_mobile":"1"},"elements":[],"widgetType":"text-editor"}],"isInner":"1"}],"isInner":"1"}],"isInner":""}],"isInner":""},{"id":"6eefd9ee","elType":"section","settings":{"margin":{"unit":"%","top":"6","right":"0","bottom":"0","left":"0","isLinked":""},"custom_height":{"unit":"px","size":"755","sizes":[]},"column_position":"stretch","padding":{"unit":"%","top":"","right":"","bottom":"","left":"","isLinked":"1"},"padding_tablet":{"unit":"%","top":"0","right":"5","bottom":"0","left":"5","isLinked":""},"content_width":{"unit":"px","size":"1400","sizes":[]},"_title":"Video","margin_mobile":{"unit":"px","top":"080","right":"0","bottom":"0","left":"0","isLinked":""},"_timestamp_":"v1WjRwWEVHZkY3VVJWVEwzdFhhT0JXdz09"},"elements":[{"id":"47f8e904","elType":"column","settings":{"_column_size":"100","padding":{"unit":"px","top":"0","right":"0","bottom":"0","left":"0","isLinked":"1"}},"elements":[{"id":"1e3d92b9","elType":"widget","settings":[],"elements":[],"widgetType":"theme-post-content"}],"isInner":""}],"isInner":""},{"id":"1fdcb76d","elType":"section","settings":{"content_width":{"unit":"px","size":"1400","sizes":[]},"margin":{"unit":"%","top":"3","right":"0","bottom":"12","left":"0","isLinked":""},"custom_height":{"unit":"px","size":"","sizes":[]},"height":"min-height","column_position":"stretch","_title":"Navigation","padding_tablet":{"unit":"%","top":"0","right":"5","bottom":"0","left":"5","isLinked":""},"_timestamp_":"v1WjRwWEVHZkY3VVJWVEwzdFhhT0JXdz09"},"elements":[{"id":"2c7e87ab","elType":"column","settings":{"_column_size":"100"},"elements":[{"id":"22d1e7e9","elType":"widget","settings":{"prev_label":"Previous Lesson","next_label":"Next Lesson","show_title":"","show_borders":"","label_color":"#3D4E60","label_typography_typography":"custom","label_typography_font_family":"Montserrat","label_typography_font_size":{"unit":"px","size":"18","sizes":[]},"label_typography_font_weight":"300","label_typography_text_transform":"capitalize","arrow_size":{"unit":"px","size":"18","sizes":[]},"arrow":"fa fa-arrow-left","label_hover_color":"#635DFF","arrow_color":"#3D4E60","arrow_hover_color":"#635DFF","label_typography_font_size_mobile":{"unit":"px","size":"15","sizes":[]},"arrow_size_mobile":{"unit":"px","size":"15","sizes":[]},"arrow_padding":{"unit":"px","size":"10","sizes":[]}},"elements":[],"widgetType":"post-navigation"}],"isInner":""}],"isInner":""}],"page_settings":[]}