{"content":[{"id":"6a89e1d9","elType":"section","settings":{"layout":"full_width","height":"min-height","custom_height":{"unit":"vh","size":"100","sizes":[]},"column_position":"stretch","structure":"20","_title":"hero section","reverse_order_tablet":"reverse-tablet","reverse_order_mobile":"reverse-mobile","custom_height_tablet":{"unit":"vh","size":"100","sizes":[]},"custom_height_mobile":{"unit":"vh","size":"100","sizes":[]},"margin_mobile":{"unit":"px","top":"0","right":"0","bottom":"0","left":"0","isLinked":""},"_timestamp_":"v1WjRwWEVHZkY3VVJWVEwzdFhhT0JXdz09"},"elements":[{"id":"2a628fff","elType":"column","settings":{"_column_size":"50","content_position":"center","space_between_widgets":"0","padding":{"unit":"%","top":"2","right":"33","bottom":"0","left":"0","isLinked":""},"_inline_size_tablet":"100","content_position_tablet":"top","padding_tablet":{"unit":"px","top":"0","right":"0","bottom":"0","left":"0","isLinked":""}},"elements":[{"id":"13fdfb4f","elType":"section","settings":{"layout":"full_width","structure":"20","background_background":"classic","padding":{"unit":"%","top":"0","right":"6","bottom":"0","left":"0","isLinked":""},"padding_tablet":{"unit":"px","top":"0","right":"0","bottom":"0","left":"0","isLinked":""},"z_index":"1","margin_tablet":{"unit":"px","top":"0","right":"0","bottom":"0","left":"0","isLinked":""}},"elements":[{"id":"28d95ace","elType":"column","settings":{"_column_size":"50","background_background":"classic","background_color":"#003AF1","padding":{"unit":"%","top":"22","right":"2","bottom":"16","left":"23","isLinked":""},"padding_tablet":{"unit":"%","top":"13","right":"12","bottom":"10","left":"15","isLinked":""},"space_between_widgets":"14","padding_mobile":{"unit":"%","top":"12","right":"10","bottom":"10","left":"10","isLinked":""}},"elements":[{"id":"b7268f5","elType":"widget","settings":{"title":"The Salon","header_size":"h4","title_color":"#FFFFFF","typography_typography":"custom","typography_font_family":"Domine","typography_font_size":{"unit":"px","size":"14","sizes":[]},"typography_font_weight":"bold","typography_text_transform":"uppercase","typography_letter_spacing":{"unit":"px","size":"2.3","sizes":[]}},"elements":[],"widgetType":"heading"},{"id":"639aec89","elType":"widget","settings":{"icon_list":[{"text":"512-555-0194","selected_icon":{"value":"","library":""},"_id":"96f9f54","link":{"url":"","is_external":"","nofollow":"","custom_attributes":""}},{"text":"3958\u00a0 Sundown Lane, Austin TX 78736 ","selected_icon":{"value":"","library":""},"link":{"url":"","is_external":"","nofollow":"","custom_attributes":""},"_id":"6b1ea19"}],"space_between":{"unit":"px","size":"0","sizes":[]},"text_color":"#FFFFFF","icon_typography_typography":"custom","icon_typography_font_size":{"unit":"px","size":"12","sizes":[]},"icon_typography_text_transform":"uppercase","icon_typography_letter_spacing":{"unit":"px","size":"2","sizes":[]},"icon_typography_line_height":{"unit":"em","size":"2.5","sizes":[]},"icon_typography_line_height_tablet":{"unit":"em","size":"2.4","sizes":[]},"_padding_tablet":{"unit":"%","top":"0","right":"12","bottom":"0","left":"0","isLinked":""},"_padding_mobile":{"unit":"%","top":"","right":"","bottom":"","left":"","isLinked":"1"}},"elements":[],"widgetType":"icon-list"}],"isInner":"1"},{"id":"6205cdc4","elType":"column","settings":{"_column_size":"50","background_background":"classic","background_color":"#003AF1","padding":{"unit":"%","top":"22","right":"6","bottom":"16","left":"6","isLinked":""},"padding_tablet":{"unit":"%","top":"13","right":"12","bottom":"10","left":"12","isLinked":""},"space_between_widgets":"14","padding_mobile":{"unit":"%","top":"0","right":"10","bottom":"10","left":"10","isLinked":""}},"elements":[{"id":"d909739","elType":"widget","settings":{"title":"Opening Hours","header_size":"h4","title_color":"#FFFFFF","typography_typography":"custom","typography_font_family":"Domine","typography_font_size":{"unit":"px","size":"14","sizes":[]},"typography_font_weight":"bold","typography_text_transform":"uppercase","typography_letter_spacing":{"unit":"px","size":"2.3","sizes":[]}},"elements":[],"widgetType":"heading"},{"id":"5ddb9d0e","elType":"widget","settings":{"icon_list":[{"text":"Mon - Fri: 10am-8pm","selected_icon":{"value":"","library":""},"_id":"96f9f54","link":{"url":"","is_external":"","nofollow":"","custom_attributes":""}},{"text":"Saturday: 10am-5pm","selected_icon":{"value":"","library":""},"link":{"url":"","is_external":"","nofollow":"","custom_attributes":""},"_id":"6b1ea19"},{"text":"Sunday: Closed","selected_icon":{"value":"","library":""},"link":{"url":"","is_external":"","nofollow":"","custom_attributes":""},"_id":"b0c100a"}],"space_between":{"unit":"px","size":"0","sizes":[]},"text_color":"#FFFFFF","icon_typography_typography":"custom","icon_typography_font_size":{"unit":"px","size":"12","sizes":[]},"icon_typography_text_transform":"uppercase","icon_typography_letter_spacing":{"unit":"px","size":"2","sizes":[]},"icon_typography_line_height":{"unit":"em","size":"2.5","sizes":[]},"icon_typography_line_height_tablet":{"unit":"em","size":"2.4","sizes":[]}},"elements":[],"widgetType":"icon-list"}],"isInner":"1"}],"isInner":"1"},{"id":"7473568","elType":"widget","settings":{"image":{"id":13482,"url":"https:\/\/library.elementor.com\/wp-content\/uploads\/2020\/05\/barber1-pic.jpg"},"css_filters_css_filter":"custom","css_filters_contrast":{"unit":"px","size":"50","sizes":[]},"css_filters_saturate":{"unit":"px","size":"0","sizes":[]},"_element_width":"initial","_element_custom_width":{"unit":"%","size":"100","sizes":[]},"width":{"unit":"%","size":"100","sizes":[]},"width_tablet":{"unit":"%","size":"80","sizes":[]},"_margin_tablet":{"unit":"px","top":"-60","right":"0","bottom":"0","left":"0","isLinked":""},"_z_index":"0","_margin_mobile":{"unit":"px","top":"0","right":"0","bottom":"0","left":"0","isLinked":""},"align":"left","motion_fx_translateX_direction":"negative"},"elements":[],"widgetType":"image"}],"isInner":""},{"id":"5774da9c","elType":"column","settings":{"_column_size":"50","background_background":"classic","background_image":{"id":13483,"url":"https:\/\/library.elementor.com\/wp-content\/uploads\/2020\/05\/HP-hero-pic.jpg"},"background_position":"center center","background_size":"cover","padding":{"unit":"px","top":"0","right":"0","bottom":"0","left":"0","isLinked":""},"_inline_size_tablet":"100","content_position":"bottom","background_overlay_background":"classic","background_overlay_opacity":{"unit":"px","size":"0.1","sizes":[]},"padding_tablet":{"unit":"%","top":"80","right":"0","bottom":"0","left":"0","isLinked":""},"padding_mobile":{"unit":"%","top":"130","right":"0","bottom":"0","left":"0","isLinked":""},"background_overlay_color":"#FFFFFF"},"elements":[{"id":"197bd89","elType":"section","settings":{"background_background":"classic","background_color":"#FFFFFF","padding":{"unit":"%","top":"6","right":"12","bottom":"6","left":"12","isLinked":""},"padding_tablet":{"unit":"%","top":"6","right":"8","bottom":"6","left":"8","isLinked":""},"padding_mobile":{"unit":"%","top":"8","right":"4","bottom":"8","left":"10","isLinked":""},"layout":"full_width","margin":{"unit":"px","top":"0","right":"0","bottom":"0","left":"0","isLinked":""}},"elements":[{"id":"346b2287","elType":"column","settings":{"_column_size":"100","padding":{"unit":"px","top":"0","right":"0","bottom":"0","left":"0","isLinked":""},"content_position":"center"},"elements":[{"id":"5555dfa9","elType":"widget","settings":{"title":"Enjoy the<br>highest quality of men's grooming","header_size":"h1","align":"center","_offset_x":{"unit":"%","size":"-40","sizes":[]},"_offset_y":{"unit":"%","size":"50","sizes":[]},"_padding":{"unit":"%","top":"","right":"","bottom":"","left":"","isLinked":"1"},"_element_custom_width":{"unit":"%","size":"80","sizes":[]},"_element_custom_width_tablet":{"unit":"%","size":"","sizes":[]},"_offset_x_tablet":{"unit":"vw","size":"5","sizes":[]},"_offset_y_tablet":{"unit":"%","size":"","sizes":[]},"_offset_x_mobile":{"unit":"%","size":"","sizes":[]},"_offset_y_mobile":{"unit":"%","size":"45","sizes":[]},"_background_background":"classic","_padding_mobile":{"unit":"%","top":"","right":"","bottom":"","left":"","isLinked":"1"},"_padding_tablet":{"unit":"%","top":"","right":"","bottom":"","left":"","isLinked":"1"},"align_mobile":"left","motion_fx_scale_speed":{"unit":"px","size":"1","sizes":[]},"_animation":"none","animation_duration":"slow","title_color":"#003AF1","typography_typography":"custom","typography_font_family":"Domine","typography_font_size":{"unit":"px","size":"50","sizes":[]},"typography_font_size_tablet":{"unit":"px","size":"42","sizes":[]},"typography_font_size_mobile":{"unit":"px","size":"26","sizes":[]},"typography_font_weight":"bold","typography_text_transform":"uppercase","typography_line_height":{"unit":"px","size":"64","sizes":[]},"typography_line_height_tablet":{"unit":"px","size":"54","sizes":[]},"typography_line_height_mobile":{"unit":"px","size":"38","sizes":[]},"typography_letter_spacing":{"unit":"px","size":"3.43","sizes":[]},"typography_letter_spacing_mobile":{"unit":"px","size":"2.5","sizes":[]}},"elements":[],"widgetType":"heading"}],"isInner":"1"}],"isInner":"1"}],"isInner":""}],"isInner":""},{"id":"79dd7338","elType":"section","settings":{"layout":"full_width","custom_height":{"unit":"vh","size":"100","sizes":[]},"column_position":"stretch","_title":"scroll down icon","custom_height_tablet":{"unit":"vh","size":"100","sizes":[]},"custom_height_mobile":{"unit":"vh","size":"100","sizes":[]},"margin":{"unit":"px","top":"-70","right":"0","bottom":"0","left":"0","isLinked":""},"padding":{"unit":"%","top":"0","right":"0","bottom":"0","left":"50","isLinked":""},"padding_tablet":{"unit":"px","top":"0","right":"0","bottom":"0","left":"0","isLinked":"1"},"margin_mobile":{"unit":"px","top":"-60","right":"0","bottom":"0","left":"0","isLinked":""},"_timestamp_":"v1WjRwWEVHZkY3VVJWVEwzdFhhT0JXdz09"},"elements":[{"id":"6db09e39","elType":"column","settings":{"_column_size":"100","background_background":"classic","background_position":"center center","background_size":"cover","padding":{"unit":"px","top":"0","right":"0","bottom":"0","left":"0","isLinked":""},"_inline_size_tablet":"100","content_position":"bottom","background_overlay_background":"classic","background_overlay_opacity":{"unit":"px","size":"","sizes":[]},"padding_tablet":{"unit":"%","top":"","right":"","bottom":"","left":"","isLinked":"1"},"padding_mobile":{"unit":"%","top":"","right":"","bottom":"","left":"","isLinked":"1"}},"elements":[{"id":"23c15444","elType":"widget","settings":{"selected_icon":{"value":{"id":13484,"url":"https:\/\/library.elementor.com\/wp-content\/uploads\/2020\/05\/hero-scrollicon.svg"},"library":"svg"},"view":"stacked","shape":"square","primary_color":"#003AF1","secondary_color":"#FFFFFF","size":{"unit":"px","size":"30","sizes":[]},"icon_padding":{"unit":"px","size":"20","sizes":[]},"_margin":{"unit":"px","top":"0","right":"0","bottom":"-10","left":"0","isLinked":""},"_element_vertical_align":"flex-end","_offset_x":{"unit":"%","size":"","sizes":[]},"_offset_orientation_v":"end","_offset_y_end":{"unit":"%","size":"0","sizes":[]},"_offset_y_end_tablet":{"unit":"vh","size":"","sizes":[]},"link":{"url":"#services","is_external":"","nofollow":"","custom_attributes":""},"_offset_x_tablet":{"unit":"%","size":"","sizes":[]},"_offset_x_mobile":{"unit":"%","size":"","sizes":[]},"size_mobile":{"unit":"px","size":"20","sizes":[]},"align":"left","hover_primary_color":"#000000","_animation":"fadeIn"},"elements":[],"widgetType":"icon"}],"isInner":""}],"isInner":""},{"id":"78a217e9","elType":"section","settings":{"content_width":{"unit":"px","size":"1114","sizes":[]},"height":"min-height","custom_height":{"unit":"vh","size":"100","sizes":[]},"_element_id":"services","_title":"services","padding_mobile":{"unit":"%","top":"26","right":"4","bottom":"26","left":"4","isLinked":""},"padding_tablet":{"unit":"%","top":"0","right":"6","bottom":"0","left":"6","isLinked":""},"custom_height_tablet":{"unit":"vh","size":"92","sizes":[]},"custom_height_mobile":{"unit":"vh","size":"100","sizes":[]},"_timestamp_":"v1WjRwWEVHZkY3VVJWVEwzdFhhT0JXdz09"},"elements":[{"id":"7a823e3a","elType":"column","settings":{"_column_size":"100","align":"space-between","align_tablet":"space-evenly","padding_mobile":{"unit":"px","top":"0","right":"0","bottom":"0","left":"0","isLinked":""}},"elements":[{"id":"47da1b4d","elType":"widget","settings":{"title":"We are here to help you upgrade your look","align":"center","_offset_x":{"unit":"%","size":"-40","sizes":[]},"_offset_y":{"unit":"%","size":"50","sizes":[]},"_padding":{"unit":"%","top":"0","right":"12","bottom":"2","left":"12","isLinked":""},"_element_custom_width":{"unit":"%","size":"80","sizes":[]},"_element_custom_width_tablet":{"unit":"%","size":"90","sizes":[]},"_offset_x_tablet":{"unit":"vw","size":"5","sizes":[]},"_offset_y_tablet":{"unit":"%","size":"","sizes":[]},"_offset_x_mobile":{"unit":"%","size":"","sizes":[]},"_offset_y_mobile":{"unit":"%","size":"48","sizes":[]},"_padding_mobile":{"unit":"%","top":"0","right":"4","bottom":"0","left":"4","isLinked":""},"title_color":"#FFFFFF","typography_typography":"custom","typography_font_family":"Domine","typography_font_size":{"unit":"px","size":"40","sizes":[]},"typography_font_size_tablet":{"unit":"px","size":"32","sizes":[]},"typography_font_size_mobile":{"unit":"px","size":"22","sizes":[]},"typography_font_weight":"bold","typography_text_transform":"uppercase","typography_line_height":{"unit":"px","size":"56","sizes":[]},"typography_line_height_tablet":{"unit":"px","size":"40","sizes":[]},"typography_line_height_mobile":{"unit":"px","size":"30","sizes":[]},"typography_letter_spacing":{"unit":"px","size":"2.55","sizes":[]},"typography_letter_spacing_mobile":{"unit":"px","size":"2","sizes":[]},"_padding_tablet":{"unit":"px","top":"0","right":"0","bottom":"0","left":"0","isLinked":""}},"elements":[],"widgetType":"heading"},{"id":"1656f5d6","elType":"widget","settings":{"align":"center","editor":"Lorem ipsum dolor sit amet, consectetur adipiscing elit. Quisque vel dolor a sapien sodales molestie at non libero. Integer rutrum dolor at justo finibus tempus. Sed fermentum , mi vel fringilla elementum, felis turpis cursus.","text_color":"#FFFFFF","_padding":{"unit":"%","top":"0","right":"10","bottom":"4","left":"10","isLinked":""},"_padding_mobile":{"unit":"%","top":"0","right":"8","bottom":"6","left":"8","isLinked":""},"typography_typography":"custom","typography_font_family":"Work Sans","typography_font_size":{"unit":"px","size":"20","sizes":[]},"typography_font_size_tablet":{"unit":"px","size":"18","sizes":[]},"typography_font_size_mobile":{"unit":"px","size":"16","sizes":[]},"typography_font_weight":"normal","typography_line_height":{"unit":"px","size":"33","sizes":[]},"typography_line_height_tablet":{"unit":"px","size":"29","sizes":[]},"typography_line_height_mobile":{"unit":"px","size":"26","sizes":[]}},"elements":[],"widgetType":"text-editor"},{"id":"6b1180b0","elType":"section","settings":{"structure":"60","animation":"fadeInUp","animation_duration":"fast"},"elements":[{"id":"1b5496bc","elType":"column","settings":{"_column_size":"16","_inline_size_mobile":"50","_inline_size_tablet":"33.3"},"elements":[{"id":"3043ec31","elType":"widget","settings":{"selected_icon":{"value":{"id":13485,"url":"https:\/\/library.elementor.com\/wp-content\/uploads\/2020\/05\/haircut-icon.svg"},"library":"svg"},"title_text":"haircuts","description_text":"","primary_color":"#003AF1","title_typography_typography":"custom","title_typography_text_decoration":"underline","hover_primary_color":"#000000","icon_size":{"unit":"px","size":"70","sizes":[]},"_padding_tablet":{"unit":"%","top":"0","right":"0","bottom":"8","left":"0","isLinked":""},"_element_custom_width_tablet":{"unit":"%","size":"33.3","sizes":[]},"_element_custom_width_mobile":{"unit":"%","size":"50","sizes":[]},"title_typography_font_size":{"unit":"px","size":"18","sizes":[]},"title_typography_font_family":"Domine","title_typography_font_size_tablet":{"unit":"px","size":"17","sizes":[]},"title_typography_font_size_mobile":{"unit":"px","size":"16","sizes":[]},"title_typography_font_weight":"bold","title_typography_text_transform":"uppercase","title_typography_letter_spacing":{"unit":"px","size":"3.75","sizes":[]},"title_typography_letter_spacing_tablet":{"unit":"px","size":"2.75","sizes":[]},"title_typography_letter_spacing_mobile":{"unit":"px","size":"2","sizes":[]},"title_color":"#000000"},"elements":[],"widgetType":"icon-box"}],"isInner":"1"},{"id":"18d3339d","elType":"column","settings":{"_column_size":"16","_inline_size_mobile":"50","_inline_size_tablet":"33.3"},"elements":[{"id":"5c1625c4","elType":"widget","settings":{"selected_icon":{"value":{"id":13486,"url":"https:\/\/library.elementor.com\/wp-content\/uploads\/2020\/05\/shaving-icon.svg"},"library":"svg"},"title_text":"shaving","description_text":"","primary_color":"#003AF1","title_typography_typography":"custom","title_typography_text_decoration":"underline","hover_primary_color":"#000000","icon_size":{"unit":"px","size":"70","sizes":[]},"_padding_tablet":{"unit":"%","top":"0","right":"0","bottom":"8","left":"0","isLinked":""},"_element_custom_width_tablet":{"unit":"%","size":"33.3","sizes":[]},"_element_custom_width_mobile":{"unit":"%","size":"50","sizes":[]},"title_typography_font_size":{"unit":"px","size":"18","sizes":[]},"title_typography_font_family":"Domine","title_typography_font_size_tablet":{"unit":"px","size":"17","sizes":[]},"title_typography_font_size_mobile":{"unit":"px","size":"16","sizes":[]},"title_typography_font_weight":"bold","title_typography_text_transform":"uppercase","title_typography_letter_spacing":{"unit":"px","size":"3.75","sizes":[]},"title_typography_letter_spacing_tablet":{"unit":"px","size":"2.75","sizes":[]},"title_typography_letter_spacing_mobile":{"unit":"px","size":"2","sizes":[]},"title_color":"#000000"},"elements":[],"widgetType":"icon-box"}],"isInner":"1"},{"id":"3d4f07f0","elType":"column","settings":{"_column_size":"16","_inline_size_mobile":"50","_inline_size_tablet":"33.3"},"elements":[{"id":"3aa87513","elType":"widget","settings":{"selected_icon":{"value":{"id":13487,"url":"https:\/\/library.elementor.com\/wp-content\/uploads\/2020\/05\/beards-icon.svg"},"library":"svg"},"title_text":"beards","description_text":"","primary_color":"#003AF1","title_typography_typography":"custom","title_typography_text_decoration":"underline","hover_primary_color":"#000000","icon_size":{"unit":"px","size":"70","sizes":[]},"_padding_tablet":{"unit":"%","top":"0","right":"0","bottom":"8","left":"0","isLinked":""},"_element_custom_width_tablet":{"unit":"%","size":"33.3","sizes":[]},"_element_custom_width_mobile":{"unit":"%","size":"50","sizes":[]},"title_typography_font_size":{"unit":"px","size":"18","sizes":[]},"title_typography_font_family":"Domine","title_typography_font_size_tablet":{"unit":"px","size":"17","sizes":[]},"title_typography_font_size_mobile":{"unit":"px","size":"16","sizes":[]},"title_typography_font_weight":"bold","title_typography_text_transform":"uppercase","title_typography_letter_spacing":{"unit":"px","size":"3.75","sizes":[]},"title_typography_letter_spacing_tablet":{"unit":"px","size":"2.75","sizes":[]},"title_typography_letter_spacing_mobile":{"unit":"px","size":"2","sizes":[]},"title_color":"#000000"},"elements":[],"widgetType":"icon-box"}],"isInner":"1"},{"id":"6ebcc3e2","elType":"column","settings":{"_column_size":"16","_inline_size_mobile":"50","_inline_size_tablet":"33.3"},"elements":[{"id":"4a341fbe","elType":"widget","settings":{"selected_icon":{"value":{"id":13488,"url":"https:\/\/library.elementor.com\/wp-content\/uploads\/2020\/05\/facial-icon.svg"},"library":"svg"},"title_text":"facial","description_text":"","primary_color":"#003AF1","title_typography_typography":"custom","title_typography_text_decoration":"underline","hover_primary_color":"#000000","icon_size":{"unit":"px","size":"70","sizes":[]},"_padding_tablet":{"unit":"%","top":"0","right":"0","bottom":"8","left":"0","isLinked":""},"_element_custom_width_tablet":{"unit":"%","size":"33.3","sizes":[]},"_element_custom_width_mobile":{"unit":"%","size":"50","sizes":[]},"title_typography_font_size":{"unit":"px","size":"18","sizes":[]},"title_typography_font_family":"Domine","title_typography_font_size_tablet":{"unit":"px","size":"17","sizes":[]},"title_typography_font_size_mobile":{"unit":"px","size":"16","sizes":[]},"title_typography_font_weight":"bold","title_typography_text_transform":"uppercase","title_typography_letter_spacing":{"unit":"px","size":"3.75","sizes":[]},"title_typography_letter_spacing_tablet":{"unit":"px","size":"2.75","sizes":[]},"title_typography_letter_spacing_mobile":{"unit":"px","size":"2","sizes":[]},"title_color":"#000000"},"elements":[],"widgetType":"icon-box"}],"isInner":"1"},{"id":"5f9f17bb","elType":"column","settings":{"_column_size":"16","_inline_size_mobile":"50","_inline_size_tablet":"33.3"},"elements":[{"id":"7e189ea3","elType":"widget","settings":{"selected_icon":{"value":{"id":13489,"url":"https:\/\/library.elementor.com\/wp-content\/uploads\/2020\/05\/coloring-icon.svg"},"library":"svg"},"title_text":"coloring","description_text":"","primary_color":"#003AF1","title_typography_typography":"custom","title_typography_text_decoration":"underline","hover_primary_color":"#000000","icon_size":{"unit":"px","size":"70","sizes":[]},"_padding_tablet":{"unit":"%","top":"0","right":"0","bottom":"8","left":"0","isLinked":""},"_element_custom_width_mobile":{"unit":"%","size":"50","sizes":[]},"_element_custom_width_tablet":{"unit":"%","size":"33.3","sizes":[]},"title_typography_font_size":{"unit":"px","size":"18","sizes":[]},"title_typography_font_family":"Domine","title_typography_font_size_tablet":{"unit":"px","size":"17","sizes":[]},"title_typography_font_size_mobile":{"unit":"px","size":"16","sizes":[]},"title_typography_font_weight":"bold","title_typography_text_transform":"uppercase","title_typography_letter_spacing":{"unit":"px","size":"3.75","sizes":[]},"title_typography_letter_spacing_tablet":{"unit":"px","size":"2.75","sizes":[]},"title_typography_letter_spacing_mobile":{"unit":"px","size":"2","sizes":[]},"title_color":"#000000"},"elements":[],"widgetType":"icon-box"}],"isInner":"1"},{"id":"51a8e36c","elType":"column","settings":{"_column_size":"16","_inline_size_mobile":"50","_inline_size_tablet":"33.3"},"elements":[{"id":"3bf2b37c","elType":"widget","settings":{"selected_icon":{"value":{"id":13490,"url":"https:\/\/library.elementor.com\/wp-content\/uploads\/2020\/05\/waxing-icon.svg"},"library":"svg"},"title_text":"waxing","description_text":"","primary_color":"#003AF1","title_typography_typography":"custom","title_typography_text_decoration":"underline","hover_primary_color":"#000000","icon_size":{"unit":"px","size":"70","sizes":[]},"_padding_tablet":{"unit":"%","top":"0","right":"0","bottom":"8","left":"0","isLinked":""},"_element_custom_width_mobile":{"unit":"%","size":"50","sizes":[]},"_element_custom_width_tablet":{"unit":"%","size":"33.3","sizes":[]},"title_typography_font_size":{"unit":"px","size":"18","sizes":[]},"title_typography_font_family":"Domine","title_typography_font_size_tablet":{"unit":"px","size":"17","sizes":[]},"title_typography_font_size_mobile":{"unit":"px","size":"16","sizes":[]},"title_typography_font_weight":"bold","title_typography_text_transform":"uppercase","title_typography_letter_spacing":{"unit":"px","size":"3.75","sizes":[]},"title_typography_letter_spacing_tablet":{"unit":"px","size":"2.75","sizes":[]},"title_typography_letter_spacing_mobile":{"unit":"px","size":"2","sizes":[]},"title_color":"#000000"},"elements":[],"widgetType":"icon-box"}],"isInner":"1"}],"isInner":"1"},{"id":"1f8da005","elType":"widget","settings":{"text":"See all Services","align":"center","button_text_color":"#FFFFFF","background_color":"#000000","button_background_hover_color":"#003AF1","_margin":{"unit":"%","top":"4","right":"0","bottom":"0","left":"0","isLinked":""},"motion_fx_translateY_speed":{"unit":"px","size":"0.4","sizes":[]},"_animation":"fadeInUp","typography_typography":"custom","typography_font_family":"Work Sans","typography_font_weight":"bold","typography_text_transform":"uppercase","typography_line_height":{"unit":"px","size":"28","sizes":[]},"typography_letter_spacing":{"unit":"px","size":"2.5","sizes":[]},"border_radius":{"unit":"px","top":"0","right":"0","bottom":"0","left":"0","isLinked":"1"}},"elements":[],"widgetType":"button"}],"isInner":""}],"isInner":""},{"id":"271b6bb8","elType":"section","settings":{"layout":"full_width","custom_height":{"unit":"vh","size":"90","sizes":[]},"column_position":"stretch","structure":"20","_title":"our story","custom_height_tablet":{"unit":"vh","size":"100","sizes":[]},"custom_height_mobile":{"unit":"vh","size":"100","sizes":[]},"_timestamp_":"v1WjRwWEVHZkY3VVJWVEwzdFhhT0JXdz09"},"elements":[{"id":"6ea9bfd","elType":"column","settings":{"_column_size":"50","background_background":"classic","background_position":"center center","background_size":"cover","padding":{"unit":"px","top":"0","right":"0","bottom":"0","left":"0","isLinked":""},"_inline_size_tablet":"100","background_overlay_background":"classic","background_overlay_opacity":{"unit":"px","size":"1","sizes":[]},"background_overlay_position":"center center","background_overlay_repeat":"no-repeat","background_overlay_size":"cover","css_filters_css_filter":"custom","css_filters_contrast":{"unit":"px","size":"68","sizes":[]},"css_filters_saturate":{"unit":"px","size":"0","sizes":[]},"padding_tablet":{"unit":"%","top":"0","right":"0","bottom":"0","left":"0","isLinked":""},"padding_mobile":{"unit":"%","top":"","right":"","bottom":"","left":"","isLinked":"1"},"space_between_widgets":"0"},"elements":[{"id":"7d693d13","elType":"widget","settings":{"image":{"id":13491,"url":"https:\/\/library.elementor.com\/wp-content\/uploads\/2020\/05\/our-story-pic-v3.jpg"},"width":{"unit":"%","size":"100","sizes":[]},"css_filters_css_filter":"custom","css_filters_contrast":{"unit":"px","size":"68","sizes":[]},"css_filters_saturate":{"unit":"px","size":"0","sizes":[]},"align_tablet":"right","width_tablet":{"unit":"%","size":"80","sizes":[]}},"elements":[],"widgetType":"image"},{"id":"4b0727c","elType":"section","settings":{"background_background":"classic","background_color":"#FFFFFF","padding":{"unit":"%","top":"8","right":"10","bottom":"8","left":"10","isLinked":""},"padding_tablet":{"unit":"%","top":"6","right":"4","bottom":"6","left":"4","isLinked":""},"padding_mobile":{"unit":"%","top":"8","right":"8","bottom":"8","left":"8","isLinked":""},"layout":"full_width","overflow":"hidden"},"elements":[{"id":"ca01338","elType":"column","settings":{"_column_size":"100","padding":{"unit":"px","top":"0","right":"0","bottom":"0","left":"0","isLinked":""},"content_position":"center"},"elements":[{"id":"5c880bfe","elType":"widget","settings":{"title":"our story and how we established the place","align":"center","_offset_x":{"unit":"%","size":"-40","sizes":[]},"_offset_y":{"unit":"%","size":"50","sizes":[]},"_padding":{"unit":"%","top":"","right":"","bottom":"","left":"","isLinked":"1"},"_element_custom_width":{"unit":"%","size":"80","sizes":[]},"_element_custom_width_tablet":{"unit":"%","size":"90","sizes":[]},"_offset_x_tablet":{"unit":"vw","size":"5","sizes":[]},"_offset_y_tablet":{"unit":"%","size":"","sizes":[]},"_offset_x_mobile":{"unit":"%","size":"","sizes":[]},"_offset_y_mobile":{"unit":"%","size":"48","sizes":[]},"title_color":"#003AF1","_padding_tablet":{"unit":"px","top":"0","right":"0","bottom":"0","left":"0","isLinked":""},"_padding_mobile":{"unit":"%","top":"","right":"","bottom":"","left":"","isLinked":"1"},"typography_typography":"custom","typography_font_family":"Domine","typography_font_size":{"unit":"px","size":"40","sizes":[]},"typography_font_size_tablet":{"unit":"px","size":"32","sizes":[]},"typography_font_size_mobile":{"unit":"px","size":"22","sizes":[]},"typography_font_weight":"bold","typography_text_transform":"uppercase","typography_line_height":{"unit":"px","size":"56","sizes":[]},"typography_line_height_tablet":{"unit":"px","size":"40","sizes":[]},"typography_line_height_mobile":{"unit":"px","size":"30","sizes":[]},"typography_letter_spacing":{"unit":"px","size":"2.55","sizes":[]},"typography_letter_spacing_tablet":{"unit":"px","size":"2.75","sizes":[]},"typography_letter_spacing_mobile":{"unit":"px","size":"2","sizes":[]}},"elements":[],"widgetType":"heading"}],"isInner":"1"}],"isInner":"1"}],"isInner":""},{"id":"2c43adcb","elType":"column","settings":{"_column_size":"50","content_position":"center","space_between_widgets":"0","padding":{"unit":"%","top":"0","right":"0","bottom":"0","left":"30","isLinked":""},"_inline_size_tablet":"100","content_position_tablet":"top","padding_tablet":{"unit":"%","top":"0","right":"0","bottom":"0","left":"0","isLinked":"1"}},"elements":[{"id":"396acd7e","elType":"section","settings":{"layout":"full_width","background_background":"classic","padding":{"unit":"%","top":"0","right":"0","bottom":"0","left":"0","isLinked":""},"padding_tablet":{"unit":"%","top":"","right":"","bottom":"","left":"","isLinked":"1"},"z_index":"1","padding_mobile":{"unit":"px","top":"0","right":"0","bottom":"0","left":"0","isLinked":""},"margin_tablet":{"unit":"px","top":"0","right":"0","bottom":"0","left":"0","isLinked":""},"overflow":"hidden","background_color":"#003AF1","motion_fx_translateX_speed":{"unit":"px","size":"1","sizes":[]},"margin":{"unit":"px","top":"0","right":"0","bottom":"0","left":"0","isLinked":""}},"elements":[{"id":"8825987","elType":"column","settings":{"_column_size":"100","background_background":"classic","padding":{"unit":"%","top":"12","right":"12","bottom":"10","left":"12","isLinked":""},"padding_tablet":{"unit":"%","top":"8","right":"8","bottom":"8","left":"8","isLinked":""},"padding_mobile":{"unit":"%","top":"14","right":"14","bottom":"14","left":"14","isLinked":"1"},"motion_fx_translateX_speed":{"unit":"px","size":"0.5","sizes":[]}},"elements":[{"id":"61f5f2e2","elType":"widget","settings":{"editor":"Lorem ipsum dolor sit amet, consectetur adipiscing elit. Quisque vel dolor a sapien sodales molestie at non libero. Integer rutrum dolor at justo finibus tempus. Sed fermentum , mi vel fringilla elementum, felis turpis cursus.","text_color":"#FFFFFF","typography_font_size":{"unit":"px","size":"20","sizes":[]},"_padding":{"unit":"%","top":"0","right":"0","bottom":"2","left":"0","isLinked":""},"typography_line_height":{"unit":"px","size":"33","sizes":[]},"_padding_tablet":{"unit":"%","top":"0","right":"0","bottom":"4","left":"0","isLinked":""},"align_tablet":"center","align":"left","typography_typography":"custom","typography_font_family":"Work Sans","typography_font_size_tablet":{"unit":"px","size":"18","sizes":[]},"typography_font_size_mobile":{"unit":"px","size":"16","sizes":[]},"typography_font_weight":"normal","typography_line_height_tablet":{"unit":"px","size":"29","sizes":[]},"typography_line_height_mobile":{"unit":"px","size":"26","sizes":[]},"_padding_mobile":{"unit":"%","top":"0","right":"0","bottom":"6","left":"0","isLinked":""},"_animation":"fadeInUp","animation_duration":"slow"},"elements":[],"widgetType":"text-editor"},{"id":"391b9503","elType":"widget","settings":{"text":"more about us","align":"left","button_text_color":"#FFFFFF","background_color":"#000000","button_background_hover_color":"#FFFFFF","_margin":{"unit":"%","top":"","right":"","bottom":"","left":"","isLinked":"1"},"hover_color":"#003AF1","align_tablet":"center","typography_typography":"custom","typography_font_family":"Work Sans","typography_font_weight":"bold","typography_text_transform":"uppercase","typography_line_height":{"unit":"px","size":"28","sizes":[]},"typography_letter_spacing":{"unit":"px","size":"2.5","sizes":[]},"border_radius":{"unit":"px","top":"0","right":"0","bottom":"0","left":"0","isLinked":"1"},"motion_fx_translateY_speed":{"unit":"px","size":"0.4","sizes":[]},"_animation":"fadeInUp"},"elements":[],"widgetType":"button"}],"isInner":"1"}],"isInner":"1"},{"id":"23a576dc","elType":"widget","settings":{"image":{"id":13492,"url":"https:\/\/library.elementor.com\/wp-content\/uploads\/2020\/05\/our-story-small-pic.jpg"},"css_filters_contrast":{"unit":"px","size":"50","sizes":[]},"css_filters_saturate":{"unit":"px","size":"0","sizes":[]},"_element_custom_width":{"unit":"%","size":"100","sizes":[]},"width":{"unit":"%","size":"88","sizes":[]},"width_tablet":{"unit":"%","size":"80","sizes":[]},"_margin_tablet":{"unit":"px","top":"0","right":"0","bottom":"0","left":"0","isLinked":"1"},"_z_index":"0","align":"right","align_tablet":"left"},"elements":[],"widgetType":"image"}],"isInner":""}],"isInner":""},{"id":"38d798c9","elType":"section","settings":{"layout":"full_width","custom_height":{"unit":"vh","size":"77","sizes":[]},"column_position":"stretch","structure":"20","_title":"what we are all about","custom_height_tablet":{"unit":"vh","size":"100","sizes":[]},"custom_height_mobile":{"unit":"vh","size":"100","sizes":[]},"margin":{"unit":"%","top":"20","right":"0","bottom":"20","left":"0","isLinked":"1"},"reverse_order_tablet":"reverse-tablet","margin_tablet":{"unit":"%","top":"22","right":"0","bottom":"22","left":"0","isLinked":"1"},"margin_mobile":{"unit":"%","top":"32","right":"0","bottom":"32","left":"0","isLinked":"1"},"reverse_order_mobile":"reverse-mobile","_timestamp_":"v1WjRwWEVHZkY3VVJWVEwzdFhhT0JXdz09"},"elements":[{"id":"3d72618e","elType":"column","settings":{"_column_size":"50","content_position":"center","space_between_widgets":"0","padding":{"unit":"%","top":"0","right":"33","bottom":"0","left":"0","isLinked":""},"_inline_size_tablet":"100","content_position_tablet":"top","padding_tablet":{"unit":"px","top":"0","right":"0","bottom":"0","left":"0","isLinked":""}},"elements":[{"id":"1d82ea15","elType":"widget","settings":{"image":{"id":13493,"url":"https:\/\/library.elementor.com\/wp-content\/uploads\/2020\/05\/What-we-are-all-about-pic2.jpg"},"css_filters_contrast":{"unit":"px","size":"68","sizes":[]},"css_filters_saturate":{"unit":"px","size":"0","sizes":[]},"_element_width":"initial","_element_custom_width":{"unit":"%","size":"100","sizes":[]},"width":{"unit":"%","size":"100","sizes":[]},"width_tablet":{"unit":"%","size":"100","sizes":[]},"_margin_mobile":{"unit":"px","top":"0","right":"0","bottom":"0","left":"0","isLinked":""},"align":"left","css_filters_css_filter":"custom","_element_width_tablet":"initial","_element_width_mobile":"inherit","_element_custom_width_tablet":{"unit":"%","size":"50","sizes":[]}},"elements":[],"widgetType":"image"},{"id":"741dc918","elType":"widget","settings":{"image":{"id":13494,"url":"https:\/\/library.elementor.com\/wp-content\/uploads\/2020\/05\/What-we-are-all-about-pic3.jpg"},"css_filters_contrast":{"unit":"px","size":"50","sizes":[]},"css_filters_saturate":{"unit":"px","size":"0","sizes":[]},"_element_width":"initial","_element_custom_width":{"unit":"%","size":"100","sizes":[]},"width":{"unit":"%","size":"88","sizes":[]},"width_tablet":{"unit":"%","size":"100","sizes":[]},"_margin_mobile":{"unit":"px","top":"0","right":"0","bottom":"0","left":"0","isLinked":""},"align":"right","_element_width_tablet":"initial","_element_width_mobile":"inherit","_element_custom_width_tablet":{"unit":"%","size":"50","sizes":[]},"align_mobile":"left","width_mobile":{"unit":"%","size":"85","sizes":[]}},"elements":[],"widgetType":"image"}],"isInner":""},{"id":"30ce29a1","elType":"column","settings":{"_column_size":"50","background_background":"classic","background_position":"top center","background_size":"cover","padding":{"unit":"px","top":"0","right":"0","bottom":"0","left":"0","isLinked":""},"_inline_size_tablet":"100","background_overlay_background":"classic","background_overlay_opacity":{"unit":"px","size":"0.43","sizes":[]},"background_overlay_position":"center center","background_overlay_repeat":"no-repeat","background_overlay_size":"cover","css_filters_contrast":{"unit":"px","size":"68","sizes":[]},"css_filters_saturate":{"unit":"px","size":"0","sizes":[]},"padding_tablet":{"unit":"%","top":"","right":"","bottom":"","left":"","isLinked":"1"},"padding_mobile":{"unit":"%","top":"0","right":"0","bottom":"0","left":"0","isLinked":"1"},"background_color":"#FFFFFF"},"elements":[{"id":"4a1ad4e7","elType":"section","settings":{"background_background":"classic","padding":{"unit":"px","top":"0","right":"0","bottom":"0","left":"0","isLinked":""},"layout":"full_width","margin":{"unit":"px","top":"0","right":"0","bottom":"0","left":"0","isLinked":""}},"elements":[{"id":"669a09e3","elType":"column","settings":{"_column_size":"100","padding":{"unit":"%","top":"8","right":"8","bottom":"8","left":"8","isLinked":"1"},"padding_mobile":{"unit":"%","top":"12","right":"8","bottom":"12","left":"8","isLinked":""},"content_position":"center"},"elements":[{"id":"4dc6d646","elType":"widget","settings":{"title":"See What We Are All About","align":"center","_offset_x":{"unit":"%","size":"-28","sizes":[]},"_offset_y":{"unit":"%","size":"30","sizes":[]},"_padding":{"unit":"%","top":"0","right":"0","bottom":"1","left":"0","isLinked":""},"_element_width_tablet":"initial","_element_custom_width":{"unit":"%","size":"55","sizes":[]},"_element_custom_width_tablet":{"unit":"%","size":"100","sizes":[]},"_offset_x_tablet":{"unit":"%","size":"0","sizes":[]},"_offset_y_tablet":{"unit":"%","size":"0","sizes":[]},"_offset_x_mobile":{"unit":"%","size":"5","sizes":[]},"_offset_y_mobile":{"unit":"%","size":"10","sizes":[]},"_element_custom_width_mobile":{"unit":"%","size":"90","sizes":[]},"_padding_mobile":{"unit":"%","top":"","right":"","bottom":"","left":"","isLinked":"1"},"title_color":"#003AF1","_animation":"fadeInUp","animation_duration":"fast","typography_typography":"custom","typography_font_family":"Domine","typography_font_size":{"unit":"px","size":"40","sizes":[]},"typography_font_size_tablet":{"unit":"px","size":"32","sizes":[]},"typography_font_size_mobile":{"unit":"px","size":"22","sizes":[]},"typography_font_weight":"bold","typography_text_transform":"uppercase","typography_line_height":{"unit":"px","size":"56","sizes":[]},"typography_line_height_tablet":{"unit":"px","size":"40","sizes":[]},"typography_line_height_mobile":{"unit":"px","size":"30","sizes":[]},"typography_letter_spacing":{"unit":"px","size":"2.55","sizes":[]},"typography_letter_spacing_mobile":{"unit":"px","size":"2","sizes":[]}},"elements":[],"widgetType":"heading"},{"id":"f725fd4","elType":"widget","settings":{"editor":"Lorem ipsum dolor sit amet, consectetur adipiscing elit. Quisque vel dolor a sapien sodales molestie at non libero. Integer rutrum dolor at justo finibus tempus. Sed fermentum , mi vel fringilla elementum, felis turpis cursus.","_padding":{"unit":"%","top":"0","right":"0","bottom":"2","left":"0","isLinked":""},"align":"center","_padding_tablet":{"unit":"%","top":"0","right":"0","bottom":"4","left":"0","isLinked":""},"align_tablet":"center","text_color":"#000000","typography_typography":"custom","typography_font_family":"Work Sans","typography_font_size":{"unit":"px","size":"20","sizes":[]},"typography_font_size_tablet":{"unit":"px","size":"18","sizes":[]},"typography_font_size_mobile":{"unit":"px","size":"16","sizes":[]},"typography_font_weight":"normal","typography_line_height":{"unit":"px","size":"33","sizes":[]},"typography_line_height_tablet":{"unit":"px","size":"29","sizes":[]},"typography_line_height_mobile":{"unit":"px","size":"26","sizes":[]},"_padding_mobile":{"unit":"%","top":"0","right":"0","bottom":"6","left":"0","isLinked":""},"_animation":"fadeInUp"},"elements":[],"widgetType":"text-editor"},{"id":"19888752","elType":"widget","settings":{"text":"view our work","align":"center","button_text_color":"#FFFFFF","background_color":"#000000","button_background_hover_color":"#003AF1","_animation":"fadeInUp","typography_typography":"custom","typography_font_family":"Work Sans","typography_font_weight":"bold","typography_text_transform":"uppercase","typography_line_height":{"unit":"px","size":"28","sizes":[]},"typography_letter_spacing":{"unit":"px","size":"2.5","sizes":[]},"border_radius":{"unit":"px","top":"0","right":"0","bottom":"0","left":"0","isLinked":"1"},"_margin":{"unit":"%","top":"","right":"","bottom":"","left":"","isLinked":"1"},"motion_fx_translateY_speed":{"unit":"px","size":"0.4","sizes":[]},"animation_duration":"slow"},"elements":[],"widgetType":"button"}],"isInner":"1"}],"isInner":"1"},{"id":"56d78f43","elType":"widget","settings":{"image":{"id":13495,"url":"https:\/\/library.elementor.com\/wp-content\/uploads\/2020\/05\/What-we-are-all-about-bg-pic-ver2.jpg"},"width":{"unit":"%","size":"100","sizes":[]}},"elements":[],"widgetType":"image"}],"isInner":""}],"isInner":""},{"id":"7b7ec20d","elType":"section","settings":{"layout":"full_width","height":"min-height","custom_height":{"unit":"vh","size":"50","sizes":[]},"custom_height_tablet":{"unit":"vh","size":"46","sizes":[]},"custom_height_mobile":{"unit":"vh","size":"75","sizes":[]},"column_position":"stretch","padding":{"unit":"%","top":"0","right":"0","bottom":"0","left":"12","isLinked":""},"padding_tablet":{"unit":"px","top":"0","right":"0","bottom":"0","left":"0","isLinked":"1"},"margin":{"unit":"px","top":"","right":"0","bottom":"","left":"0","isLinked":"1"},"_title":"kingshead membership","overflow":"hidden","background_background":"classic","_timestamp_":"v1WjRwWEVHZkY3VVJWVEwzdFhhT0JXdz09"},"elements":[{"id":"26991152","elType":"column","settings":{"_column_size":"100","content_position":"center","background_background":"classic","background_color":"#003AF1","padding":{"unit":"%","top":"0","right":"20","bottom":"0","left":"20","isLinked":""},"padding_tablet":{"unit":"%","top":"0","right":"10","bottom":"0","left":"10","isLinked":""},"motion_fx_motion_fx_scrolling":"yes"},"elements":[{"id":"54f02de6","elType":"widget","settings":{"title":"kingshead membership","align":"center","_offset_x":{"unit":"%","size":"-40","sizes":[]},"_offset_y":{"unit":"%","size":"50","sizes":[]},"_padding":{"unit":"%","top":"","right":"","bottom":"","left":"","isLinked":"1"},"_element_custom_width":{"unit":"%","size":"80","sizes":[]},"_element_custom_width_tablet":{"unit":"%","size":"90","sizes":[]},"_offset_x_tablet":{"unit":"vw","size":"5","sizes":[]},"_offset_y_tablet":{"unit":"%","size":"","sizes":[]},"_offset_x_mobile":{"unit":"%","size":"","sizes":[]},"_offset_y_mobile":{"unit":"%","size":"48","sizes":[]},"_margin":{"unit":"%","top":"0","right":"0","bottom":"1","left":"0","isLinked":""},"title_color":"#FFFFFF","typography_typography":"custom","typography_font_family":"Domine","typography_font_size":{"unit":"px","size":"40","sizes":[]},"typography_font_size_tablet":{"unit":"px","size":"32","sizes":[]},"typography_font_size_mobile":{"unit":"px","size":"22","sizes":[]},"typography_font_weight":"bold","typography_text_transform":"uppercase","typography_line_height":{"unit":"px","size":"56","sizes":[]},"typography_line_height_tablet":{"unit":"px","size":"40","sizes":[]},"typography_line_height_mobile":{"unit":"px","size":"30","sizes":[]},"typography_letter_spacing":{"unit":"px","size":"2.55","sizes":[]},"typography_letter_spacing_mobile":{"unit":"px","size":"2","sizes":[]},"_padding_mobile":{"unit":"%","top":"0","right":"4","bottom":"0","left":"4","isLinked":""},"_animation":"fadeInUp","animation_duration":"fast"},"elements":[],"widgetType":"heading"},{"id":"106d415c","elType":"widget","settings":{"editor":"Lorem ipsum dolor sit amet, consectetur adipiscing elit. Quisque vel dolor a sapien sodales molestie at non libero. Integer rutrum dolor at justo finibus tempus. Sed fermentum , mi vel fringilla elementum, felis turpis cursus.","text_color":"#FFFFFF","_padding":{"unit":"%","top":"0","right":"0","bottom":"2","left":"0","isLinked":""},"align":"center","align_tablet":"center","typography_typography":"custom","typography_font_family":"Work Sans","typography_font_size":{"unit":"px","size":"20","sizes":[]},"typography_font_size_tablet":{"unit":"px","size":"18","sizes":[]},"typography_font_size_mobile":{"unit":"px","size":"16","sizes":[]},"typography_font_weight":"normal","typography_line_height":{"unit":"px","size":"33","sizes":[]},"typography_line_height_tablet":{"unit":"px","size":"29","sizes":[]},"typography_line_height_mobile":{"unit":"px","size":"26","sizes":[]},"_padding_tablet":{"unit":"%","top":"","right":"","bottom":"","left":"","isLinked":"1"},"_padding_mobile":{"unit":"%","top":"","right":"","bottom":"","left":"","isLinked":"1"},"_animation":"fadeInUp"},"elements":[],"widgetType":"text-editor"},{"id":"74ca4c45","elType":"widget","settings":{"text":"more information","align":"center","button_text_color":"#FFFFFF","background_color":"#000000","button_background_hover_color":"#FFFFFF","hover_color":"#003AF1","_animation":"fadeInUp","align_tablet":"center","typography_typography":"custom","typography_font_family":"Work Sans","typography_font_weight":"bold","typography_text_transform":"uppercase","typography_line_height":{"unit":"px","size":"28","sizes":[]},"typography_letter_spacing":{"unit":"px","size":"2.5","sizes":[]},"border_radius":{"unit":"px","top":"0","right":"0","bottom":"0","left":"0","isLinked":"1"},"_margin":{"unit":"%","top":"","right":"","bottom":"","left":"","isLinked":"1"},"motion_fx_translateY_speed":{"unit":"px","size":"0.4","sizes":[]},"animation_duration":"slow"},"elements":[],"widgetType":"button"}],"isInner":""}],"isInner":""},{"id":"7da35b8b","elType":"section","settings":{"layout":"full_width","margin":{"unit":"%","top":"20","right":"0","bottom":"18","left":"0","isLinked":""},"padding":{"unit":"%","top":"0","right":"15","bottom":"0","left":"15","isLinked":""},"_title":"Blog","background_background":"classic","background_image":{"id":13638,"url":"https:\/\/library.elementor.com\/wp-content\/uploads\/2020\/05\/blog_blue_Rectangle_bg.jpg"},"background_repeat":"no-repeat","background_size":"initial","background_bg_width":{"unit":"%","size":"11.5","sizes":[]},"background_overlay_background":"classic","background_overlay_image":{"id":13497,"url":"https:\/\/library.elementor.com\/wp-content\/uploads\/2020\/05\/blog_bg_overlay_pic.jpg"},"background_overlay_repeat":"no-repeat","background_overlay_opacity":{"unit":"px","size":"1","sizes":[]},"css_filters_css_filter":"custom","css_filters_contrast":{"unit":"px","size":"68","sizes":[]},"css_filters_saturate":{"unit":"px","size":"0","sizes":[]},"background_size_tablet":"initial","background_bg_width_tablet":{"unit":"%","size":"12","sizes":[]},"background_overlay_position_mobile":"center left","background_overlay_size_tablet":"initial","background_overlay_size_mobile":"initial","background_overlay_bg_width_tablet":{"unit":"%","size":"22","sizes":[]},"background_overlay_bg_width_mobile":{"unit":"%","size":"25","sizes":[]},"margin_tablet":{"unit":"%","top":"26","right":"0","bottom":"20","left":"0","isLinked":""},"margin_mobile":{"unit":"%","top":"32","right":"0","bottom":"24","left":"0","isLinked":""},"padding_tablet":{"unit":"%","top":"0","right":"8","bottom":"0","left":"8","isLinked":""},"background_motion_fx_motion_fx_scrolling":"yes","background_motion_fx_translateY_speed":{"unit":"px","size":"0.1","sizes":[]},"overflow":"hidden","background_motion_fx_translateY_affectedRange":{"unit":"%","size":"","sizes":{"start":"15","end":"75"}},"background_motion_fx_translateX_effect":"yes","background_motion_fx_translateX_direction":"negative","background_motion_fx_translateX_speed":{"unit":"px","size":"0.6","sizes":[]},"background_motion_fx_range":"viewport","_timestamp_":"v1WjRwWEVHZkY3VVJWVEwzdFhhT0JXdz09"},"elements":[{"id":"11c1295e","elType":"column","settings":{"_column_size":"100","padding":{"unit":"px","top":"0","right":"0","bottom":"0","left":"0","isLinked":""},"space_between_widgets":"0"},"elements":[{"id":"1457ec4a","elType":"widget","settings":{"title":"Blog","align":"center","_offset_x":{"unit":"%","size":"-40","sizes":[]},"_offset_y":{"unit":"%","size":"50","sizes":[]},"_padding":{"unit":"%","top":"","right":"","bottom":"","left":"","isLinked":"1"},"_element_custom_width":{"unit":"%","size":"80","sizes":[]},"_element_custom_width_tablet":{"unit":"%","size":"90","sizes":[]},"_offset_x_tablet":{"unit":"vw","size":"5","sizes":[]},"_offset_y_tablet":{"unit":"%","size":"","sizes":[]},"_offset_x_mobile":{"unit":"%","size":"","sizes":[]},"_offset_y_mobile":{"unit":"%","size":"48","sizes":[]},"_margin":{"unit":"%","top":"0","right":"0","bottom":"5","left":"0","isLinked":""},"_margin_mobile":{"unit":"%","top":"0","right":"0","bottom":"14","left":"0","isLinked":""},"_margin_tablet":{"unit":"%","top":"0","right":"0","bottom":"8","left":"0","isLinked":""},"title_color":"#FFFFFF","typography_typography":"custom","typography_font_family":"Domine","typography_font_size":{"unit":"px","size":"40","sizes":[]},"typography_font_size_tablet":{"unit":"px","size":"32","sizes":[]},"typography_font_size_mobile":{"unit":"px","size":"22","sizes":[]},"typography_font_weight":"bold","typography_text_transform":"uppercase","typography_line_height":{"unit":"px","size":"56","sizes":[]},"typography_line_height_tablet":{"unit":"px","size":"40","sizes":[]},"typography_line_height_mobile":{"unit":"px","size":"30","sizes":[]},"typography_letter_spacing":{"unit":"px","size":"2.55","sizes":[]},"typography_letter_spacing_mobile":{"unit":"px","size":"2","sizes":[]},"_padding_mobile":{"unit":"%","top":"","right":"","bottom":"","left":"","isLinked":"1"}},"elements":[],"widgetType":"heading"},{"id":"211b4f8d","elType":"widget","settings":{"classic_columns":"2","classic_meta_data":[],"classic_meta_separator":"\/\/\/","classic_read_more_text":"I want To Read More","cards_meta_separator":"\u2022","cards_read_more_text":"Read More \u00bb","full_content_meta_separator":"\/\/\/","pagination_page_limit":"5","pagination_prev_label":"&laquo; Previous","pagination_next_label":"Next &raquo;","classic_posts_per_page":"2","classic_thumbnail_size_size":"large","classic_item_ratio":{"unit":"px","size":"0.7","sizes":[]},"posts_order":"asc","classic_column_gap":{"unit":"px","size":"70","sizes":[]},"classic_row_gap":{"unit":"px","size":"40","sizes":[]},"classic_image_spacing":{"unit":"px","size":"40","sizes":[]},"classic_title_spacing":{"unit":"px","size":"20","sizes":[]},"classic_excerpt_color":"#414C4C","classic_excerpt_typography_typography":"custom","classic_excerpt_typography_font_size":{"unit":"px","size":"16","sizes":[]},"classic_excerpt_typography_line_height":{"unit":"px","size":"26","sizes":[]},"classic_excerpt_spacing":{"unit":"px","size":"45","sizes":[]},"classic_read_more_color":"#000000","classic_read_more_typography_typography":"custom","classic_read_more_typography_font_family":"Domine","classic_read_more_typography_font_size":{"unit":"px","size":"18","sizes":[]},"classic_read_more_typography_font_weight":"bold","classic_read_more_typography_text_transform":"uppercase","classic_read_more_typography_text_decoration":"underline","classic_read_more_typography_letter_spacing":{"unit":"px","size":"3.75","sizes":[]},"_margin":{"unit":"%","top":"0","right":"0","bottom":"6","left":"0","isLinked":""},"classic_item_ratio_mobile":{"unit":"px","size":"0.8","sizes":[]},"classic_content_padding":{"unit":"px","top":"0","right":"0","bottom":"40","left":"0","isLinked":""},"classic_read_more_typography_font_size_tablet":{"unit":"px","size":"12","sizes":[]},"classic_thumbnail_hover_filters_css_filter":"custom","classic_thumbnail_hover_filters_brightness":{"unit":"px","size":"85","sizes":[]},"classic_title_color":"#000000","classic_title_typography_typography":"custom","classic_title_typography_font_family":"Domine","classic_title_typography_font_size":{"unit":"px","size":"22","sizes":[]},"classic_title_typography_font_size_tablet":{"unit":"px","size":"18","sizes":[]},"classic_title_typography_font_weight":"bold","classic_title_typography_text_transform":"uppercase","classic_title_typography_line_height":{"unit":"px","size":"28","sizes":[]},"classic_title_typography_line_height_tablet":{"unit":"px","size":"24","sizes":[]},"classic_title_typography_letter_spacing":{"unit":"px","size":"4.58","sizes":[]},"classic_title_typography_letter_spacing_tablet":{"unit":"px","size":"3.4","sizes":[]},"classic_read_more_typography_letter_spacing_tablet":{"unit":"px","size":"2.45","sizes":[]}},"elements":[],"widgetType":"posts"},{"id":"7420d9f6","elType":"widget","settings":{"text":"see all posts","align":"center","button_text_color":"#FFFFFF","background_color":"#000000","button_background_hover_color":"#003AF1","typography_typography":"custom","typography_font_family":"Work Sans","typography_font_weight":"bold","typography_text_transform":"uppercase","typography_line_height":{"unit":"px","size":"28","sizes":[]},"typography_letter_spacing":{"unit":"px","size":"2.5","sizes":[]},"border_radius":{"unit":"px","top":"0","right":"0","bottom":"0","left":"0","isLinked":"1"},"_margin":{"unit":"%","top":"","right":"","bottom":"","left":"","isLinked":"1"},"motion_fx_translateY_speed":{"unit":"px","size":"0.4","sizes":[]},"_animation":"fadeInUp"},"elements":[],"widgetType":"button"}],"isInner":""}],"isInner":""}],"page_settings":{"background_background":"classic","background_color":"#B0B6B6"}}