{"content":[{"id":"38a84a55","elType":"section","settings":{"layout":"full_width","height":"min-height","custom_height":{"unit":"vh","size":"100","sizes":[]},"column_position":"stretch","structure":"20","_title":"hero section","reverse_order_tablet":"reverse-tablet","reverse_order_mobile":"reverse-mobile","custom_height_tablet":{"unit":"vh","size":"100","sizes":[]},"custom_height_mobile":{"unit":"vh","size":"100","sizes":[]},"margin_mobile":{"unit":"px","top":"0","right":"0","bottom":"0","left":"0","isLinked":""},"_timestamp_":"v1WjRwWEVHZkY3VVJWVEwzdFhhT0JXdz09"},"elements":[{"id":"49bf0944","elType":"column","settings":{"_column_size":"50","content_position":"center","space_between_widgets":"0","padding":{"unit":"%","top":"2","right":"33","bottom":"0","left":"0","isLinked":""},"_inline_size_tablet":"100","content_position_tablet":"top","padding_tablet":{"unit":"px","top":"0","right":"0","bottom":"0","left":"0","isLinked":""}},"elements":[{"id":"8ad9bcd","elType":"section","settings":{"layout":"full_width","background_background":"classic","padding":{"unit":"%","top":"0","right":"8","bottom":"0","left":"0","isLinked":""},"padding_tablet":{"unit":"%","top":"0","right":"0","bottom":"0","left":"0","isLinked":""},"margin_tablet":{"unit":"px","top":"0","right":"0","bottom":"0","left":"0","isLinked":""}},"elements":[{"id":"30b00b72","elType":"column","settings":{"_column_size":"100","content_position":"center","background_background":"classic","background_color":"#003AF1","padding":{"unit":"%","top":"10","right":"10","bottom":"10","left":"10","isLinked":"1"},"padding_tablet":{"unit":"%","top":"10","right":"9","bottom":"10","left":"9","isLinked":""}},"elements":[{"id":"2d42e8ed","elType":"widget","settings":{"editor":"Lorem ipsum dolor sit amet, consectetur adipiscing elit. Quisque vel dolor a sapien sodales molestie at non libero. Integer rutrum dolor","align_tablet":"center","text_color":"#FFFFFF","_padding":{"unit":"%","top":"","right":"","bottom":"","left":"","isLinked":"1"},"_padding_tablet":{"unit":"%","top":"","right":"","bottom":"","left":"","isLinked":"1"},"align":"left","typography_typography":"custom","typography_font_family":"Work Sans","typography_font_size":{"unit":"px","size":"20","sizes":[]},"typography_font_size_tablet":{"unit":"px","size":"18","sizes":[]},"typography_font_size_mobile":{"unit":"px","size":"16","sizes":[]},"typography_font_weight":"normal","typography_line_height":{"unit":"px","size":"33","sizes":[]},"typography_line_height_tablet":{"unit":"px","size":"29","sizes":[]},"typography_line_height_mobile":{"unit":"px","size":"26","sizes":[]},"_padding_mobile":{"unit":"%","top":"","right":"","bottom":"","left":"","isLinked":"1"}},"elements":[],"widgetType":"text-editor"}],"isInner":"1"}],"isInner":"1"},{"id":"3def3c6c","elType":"widget","settings":{"image":{"id":13506,"url":"https:\/\/library.elementor.com\/wp-content\/uploads\/2020\/05\/about-page-bnw-hero-pic.jpg"},"css_filters_css_filter":"custom","css_filters_contrast":{"unit":"px","size":"50","sizes":[]},"css_filters_saturate":{"unit":"px","size":"0","sizes":[]},"_element_width":"initial","_element_custom_width":{"unit":"%","size":"100","sizes":[]},"width":{"unit":"%","size":"100","sizes":[]},"width_tablet":{"unit":"%","size":"80","sizes":[]},"_margin_tablet":{"unit":"px","top":"0","right":"0","bottom":"0","left":"0","isLinked":""},"_z_index":"0","_margin_mobile":{"unit":"px","top":"0","right":"0","bottom":"0","left":"0","isLinked":""},"align":"left"},"elements":[],"widgetType":"image"}],"isInner":""},{"id":"2da5fbb1","elType":"column","settings":{"_column_size":"50","background_background":"classic","background_image":{"id":13507,"url":"https:\/\/library.elementor.com\/wp-content\/uploads\/2020\/05\/about-page-hero-pic.jpg"},"background_position":"center center","background_size":"cover","padding":{"unit":"px","top":"0","right":"0","bottom":"0","left":"0","isLinked":""},"_inline_size_tablet":"100","content_position":"bottom","background_overlay_background":"classic","background_overlay_opacity":{"unit":"px","size":"0.2","sizes":[]},"padding_tablet":{"unit":"%","top":"80","right":"0","bottom":"0","left":"0","isLinked":""},"padding_mobile":{"unit":"%","top":"130","right":"0","bottom":"0","left":"0","isLinked":""}},"elements":[{"id":"bedc079","elType":"section","settings":{"background_background":"classic","background_color":"#FFFFFF","padding":{"unit":"%","top":"6","right":"10","bottom":"6","left":"10","isLinked":""},"padding_tablet":{"unit":"%","top":"6","right":"6","bottom":"6","left":"6","isLinked":"1"},"padding_mobile":{"unit":"%","top":"8","right":"4","bottom":"8","left":"4","isLinked":""},"layout":"full_width"},"elements":[{"id":"7b09c664","elType":"column","settings":{"_column_size":"100","padding":{"unit":"px","top":"0","right":"0","bottom":"0","left":"0","isLinked":""},"content_position":"center"},"elements":[{"id":"3b665943","elType":"widget","settings":{"title":"keeping the heritage of classic barbering alive in Austin","header_size":"h1","align":"center","_offset_x":{"unit":"%","size":"-40","sizes":[]},"_offset_y":{"unit":"%","size":"50","sizes":[]},"_padding":{"unit":"%","top":"","right":"","bottom":"","left":"","isLinked":"1"},"_element_custom_width":{"unit":"%","size":"80","sizes":[]},"_element_custom_width_tablet":{"unit":"%","size":"","sizes":[]},"_offset_x_tablet":{"unit":"vw","size":"5","sizes":[]},"_offset_y_tablet":{"unit":"%","size":"","sizes":[]},"_offset_x_mobile":{"unit":"%","size":"","sizes":[]},"_offset_y_mobile":{"unit":"%","size":"45","sizes":[]},"_background_background":"classic","_padding_mobile":{"unit":"%","top":"","right":"","bottom":"","left":"","isLinked":"1"},"_padding_tablet":{"unit":"%","top":"","right":"","bottom":"","left":"","isLinked":"1"},"title_color":"#003AF1","typography_typography":"custom","typography_font_family":"Domine","typography_font_size":{"unit":"px","size":"50","sizes":[]},"typography_font_size_tablet":{"unit":"px","size":"42","sizes":[]},"typography_font_size_mobile":{"unit":"px","size":"26","sizes":[]},"typography_font_weight":"bold","typography_text_transform":"uppercase","typography_line_height":{"unit":"px","size":"64","sizes":[]},"typography_line_height_tablet":{"unit":"px","size":"54","sizes":[]},"typography_line_height_mobile":{"unit":"px","size":"38","sizes":[]},"typography_letter_spacing":{"unit":"px","size":"3.43","sizes":[]},"typography_letter_spacing_mobile":{"unit":"px","size":"2","sizes":[]},"motion_fx_scale_speed":{"unit":"px","size":"1","sizes":[]},"_animation":"none","animation_duration":"slow"},"elements":[],"widgetType":"heading"}],"isInner":"1"}],"isInner":"1"}],"isInner":""}],"isInner":""},{"id":"a539e8c","elType":"section","settings":{"layout":"full_width","custom_height":{"unit":"vh","size":"100","sizes":[]},"column_position":"stretch","_title":"scroll down icon","custom_height_tablet":{"unit":"vh","size":"100","sizes":[]},"custom_height_mobile":{"unit":"vh","size":"100","sizes":[]},"margin":{"unit":"px","top":"-70","right":"0","bottom":"0","left":"0","isLinked":""},"padding":{"unit":"%","top":"0","right":"0","bottom":"0","left":"50","isLinked":""},"padding_tablet":{"unit":"px","top":"0","right":"0","bottom":"0","left":"0","isLinked":"1"},"margin_mobile":{"unit":"px","top":"-60","right":"0","bottom":"0","left":"0","isLinked":""},"_timestamp_":"v1WjRwWEVHZkY3VVJWVEwzdFhhT0JXdz09"},"elements":[{"id":"20b51999","elType":"column","settings":{"_column_size":"100","background_background":"classic","background_position":"center center","background_size":"cover","padding":{"unit":"px","top":"0","right":"0","bottom":"0","left":"0","isLinked":""},"_inline_size_tablet":"100","content_position":"bottom","background_overlay_background":"classic","background_overlay_opacity":{"unit":"px","size":"","sizes":[]},"padding_tablet":{"unit":"%","top":"","right":"","bottom":"","left":"","isLinked":"1"},"padding_mobile":{"unit":"%","top":"","right":"","bottom":"","left":"","isLinked":"1"}},"elements":[{"id":"5505fa02","elType":"widget","settings":{"selected_icon":{"value":{"id":"13484","url":"https:\/\/library.elementor.com\/wp-content\/uploads\/2020\/05\/hero-scrollicon.svg"},"library":"svg"},"view":"stacked","shape":"square","primary_color":"#003AF1","secondary_color":"#FFFFFF","size":{"unit":"px","size":"30","sizes":[]},"icon_padding":{"unit":"px","size":"20","sizes":[]},"_margin":{"unit":"px","top":"0","right":"0","bottom":"-10","left":"0","isLinked":""},"_element_vertical_align":"flex-end","_offset_x":{"unit":"%","size":"","sizes":[]},"_offset_orientation_v":"end","_offset_y_end":{"unit":"%","size":"0","sizes":[]},"_offset_y_end_tablet":{"unit":"vh","size":"","sizes":[]},"link":{"url":"#ourgoal","is_external":"","nofollow":"","custom_attributes":""},"_offset_x_tablet":{"unit":"%","size":"","sizes":[]},"_offset_x_mobile":{"unit":"%","size":"","sizes":[]},"size_mobile":{"unit":"px","size":"20","sizes":[]},"align":"left","hover_primary_color":"#000000","_animation":"fadeIn"},"elements":[],"widgetType":"icon"}],"isInner":""}],"isInner":""},{"id":"719282e9","elType":"section","settings":{"layout":"full_width","height":"min-height","custom_height":{"unit":"vh","size":"50","sizes":[]},"custom_height_tablet":{"unit":"vh","size":"40","sizes":[]},"custom_height_mobile":{"unit":"vh","size":"60","sizes":[]},"column_position":"stretch","padding":{"unit":"%","top":"0","right":"0","bottom":"0","left":"12","isLinked":""},"padding_tablet":{"unit":"px","top":"0","right":"0","bottom":"0","left":"0","isLinked":"1"},"margin":{"unit":"%","top":"12","right":"0","bottom":"12","left":"0","isLinked":"1"},"_title":"our goal","margin_tablet":{"unit":"%","top":"22","right":"0","bottom":"22","left":"0","isLinked":"1"},"_element_id":"ourgoal","margin_mobile":{"unit":"%","top":"32","right":"0","bottom":"32","left":"0","isLinked":"1"},"_timestamp_":"v1WjRwWEVHZkY3VVJWVEwzdFhhT0JXdz09"},"elements":[{"id":"7ac23cca","elType":"column","settings":{"_column_size":"100","content_position":"center","background_background":"classic","background_color":"#003AF1","padding":{"unit":"%","top":"0","right":"20","bottom":"0","left":"20","isLinked":""},"padding_tablet":{"unit":"%","top":"0","right":"10","bottom":"0","left":"10","isLinked":""}},"elements":[{"id":"25709113","elType":"widget","settings":{"title":"\u201cOur Goal is to help men look and feel great about themselves.\u201d","align":"center","_offset_x":{"unit":"%","size":"-40","sizes":[]},"_offset_y":{"unit":"%","size":"50","sizes":[]},"_padding":{"unit":"%","top":"","right":"","bottom":"","left":"","isLinked":"1"},"_element_custom_width":{"unit":"%","size":"80","sizes":[]},"_element_custom_width_tablet":{"unit":"%","size":"90","sizes":[]},"_offset_x_tablet":{"unit":"vw","size":"5","sizes":[]},"_offset_y_tablet":{"unit":"%","size":"","sizes":[]},"_offset_x_mobile":{"unit":"%","size":"","sizes":[]},"_offset_y_mobile":{"unit":"%","size":"48","sizes":[]},"_margin":{"unit":"%","top":"0","right":"0","bottom":"1","left":"0","isLinked":""},"title_color":"#FFFFFF","typography_typography":"custom","typography_font_family":"Domine","typography_font_size":{"unit":"px","size":"40","sizes":[]},"typography_font_size_tablet":{"unit":"px","size":"32","sizes":[]},"typography_font_size_mobile":{"unit":"px","size":"22","sizes":[]},"typography_font_weight":"bold","typography_text_transform":"uppercase","typography_line_height":{"unit":"px","size":"56","sizes":[]},"typography_line_height_tablet":{"unit":"px","size":"40","sizes":[]},"typography_line_height_mobile":{"unit":"px","size":"30","sizes":[]},"typography_letter_spacing":{"unit":"px","size":"2.55","sizes":[]},"typography_letter_spacing_mobile":{"unit":"px","size":"2","sizes":[]},"_padding_mobile":{"unit":"%","top":"","right":"","bottom":"","left":"","isLinked":"1"},"_animation":"fadeInUp"},"elements":[],"widgetType":"heading"},{"id":"69a00897","elType":"widget","settings":{"editor":"Erik Bridges, Owner","align":"center","text_color":"#FFFFFF","typography_typography":"custom","typography_font_size":{"unit":"px","size":"14","sizes":[]},"typography_font_weight":"bold","typography_text_transform":"uppercase","typography_letter_spacing":{"unit":"px","size":"2.9","sizes":[]},"_animation":"fadeInUp","animation_duration":"slow","typography_font_family":"Work Sans","typography_font_size_mobile":{"unit":"px","size":"12","sizes":[]},"typography_letter_spacing_mobile":{"unit":"px","size":"2","sizes":[]}},"elements":[],"widgetType":"text-editor"}],"isInner":""}],"isInner":""},{"id":"5f1a8502","elType":"section","settings":{"margin":{"unit":"%","top":"20","right":"0","bottom":"18","left":"0","isLinked":""},"padding":{"unit":"%","top":"0","right":"15","bottom":"0","left":"15","isLinked":""},"_title":"meet the crew","background_background":"classic","background_image":{"id":13638,"url":"https:\/\/library.elementor.com\/wp-content\/uploads\/2020\/05\/blog_blue_Rectangle_bg.jpg"},"background_repeat":"no-repeat","background_size":"initial","background_bg_width":{"unit":"%","size":"8","sizes":[]},"background_overlay_background":"classic","background_overlay_image":{"id":"13497","url":"https:\/\/library.elementor.com\/wp-content\/uploads\/2020\/05\/blog_bg_overlay_pic.jpg"},"background_overlay_repeat":"no-repeat","background_overlay_opacity":{"unit":"px","size":"1","sizes":[]},"css_filters_css_filter":"custom","css_filters_contrast":{"unit":"px","size":"68","sizes":[]},"css_filters_saturate":{"unit":"px","size":"0","sizes":[]},"background_size_tablet":"initial","background_bg_width_tablet":{"unit":"%","size":"11","sizes":[]},"background_overlay_position_mobile":"initial","background_overlay_size_tablet":"initial","background_overlay_size_mobile":"initial","background_overlay_bg_width_tablet":{"unit":"%","size":"22","sizes":[]},"background_overlay_bg_width_mobile":{"unit":"%","size":"25","sizes":[]},"margin_tablet":{"unit":"%","top":"26","right":"0","bottom":"20","left":"0","isLinked":""},"margin_mobile":{"unit":"%","top":"32","right":"0","bottom":"24","left":"0","isLinked":""},"padding_tablet":{"unit":"%","top":"0","right":"8","bottom":"0","left":"8","isLinked":""},"background_position":"initial","background_overlay_position":"initial","content_width":{"unit":"px","size":"1340","sizes":[]},"background_xpos":{"unit":"%","size":"100","sizes":[]},"background_ypos":{"unit":"%","size":"55","sizes":[]},"background_overlay_position_tablet":"top right","background_overlay_xpos":{"unit":"%","size":"100","sizes":[]},"background_overlay_xpos_mobile":{"unit":"%","size":"100","sizes":[]},"background_overlay_ypos":{"unit":"%","size":"45","sizes":[]},"background_overlay_ypos_mobile":{"unit":"%","size":"2","sizes":[]},"background_overlay_size":"initial","background_overlay_bg_width":{"unit":"%","size":"20","sizes":[]},"background_motion_fx_motion_fx_scrolling":"yes","background_motion_fx_translateY_effect":"yes","background_motion_fx_translateY_speed":{"unit":"px","size":"0.8","sizes":[]},"_timestamp_":"v1WjRwWEVHZkY3VVJWVEwzdFhhT0JXdz09"},"elements":[{"id":"6b2e3cf8","elType":"column","settings":{"_column_size":"100","padding":{"unit":"px","top":"0","right":"0","bottom":"0","left":"0","isLinked":""},"space_between_widgets":"0"},"elements":[{"id":"ffef8b8","elType":"widget","settings":{"title":"meet the crew","align":"center","_offset_x":{"unit":"%","size":"-40","sizes":[]},"_offset_y":{"unit":"%","size":"50","sizes":[]},"_padding":{"unit":"%","top":"","right":"","bottom":"","left":"","isLinked":"1"},"_element_custom_width":{"unit":"%","size":"80","sizes":[]},"_element_custom_width_tablet":{"unit":"%","size":"90","sizes":[]},"_offset_x_tablet":{"unit":"vw","size":"5","sizes":[]},"_offset_y_tablet":{"unit":"%","size":"","sizes":[]},"_offset_x_mobile":{"unit":"%","size":"","sizes":[]},"_offset_y_mobile":{"unit":"%","size":"48","sizes":[]},"_margin":{"unit":"%","top":"0","right":"0","bottom":"5","left":"0","isLinked":""},"_margin_mobile":{"unit":"%","top":"0","right":"0","bottom":"14","left":"0","isLinked":""},"_margin_tablet":{"unit":"%","top":"0","right":"0","bottom":"8","left":"0","isLinked":""},"title_color":"#FFFFFF","typography_typography":"custom","typography_font_family":"Domine","typography_font_size":{"unit":"px","size":"40","sizes":[]},"typography_font_size_tablet":{"unit":"px","size":"32","sizes":[]},"typography_font_size_mobile":{"unit":"px","size":"22","sizes":[]},"typography_font_weight":"bold","typography_text_transform":"uppercase","typography_line_height":{"unit":"px","size":"56","sizes":[]},"typography_line_height_tablet":{"unit":"px","size":"40","sizes":[]},"typography_line_height_mobile":{"unit":"px","size":"30","sizes":[]},"typography_letter_spacing":{"unit":"px","size":"2.55","sizes":[]},"typography_letter_spacing_mobile":{"unit":"px","size":"2","sizes":[]},"_padding_mobile":{"unit":"%","top":"","right":"","bottom":"","left":"","isLinked":"1"}},"elements":[],"widgetType":"heading"},{"id":"555c3bd5","elType":"section","settings":{"layout":"full_width","structure":"20","margin":{"unit":"px","top":"","right":"0","bottom":"","left":"0","isLinked":"1"},"padding":{"unit":"%","top":"0","right":"0","bottom":"3","left":"0","isLinked":""}},"elements":[{"id":"3363883","elType":"column","settings":{"_column_size":"50","padding":{"unit":"%","top":"0","right":"6","bottom":"0","left":"0","isLinked":""},"padding_mobile":{"unit":"%","top":"0","right":"0","bottom":"8","left":"0","isLinked":""}},"elements":[{"id":"6b61ad61","elType":"widget","settings":{"image":{"id":13508,"url":"https:\/\/library.elementor.com\/wp-content\/uploads\/2020\/05\/crew-member6.jpg"},"title_text":"Erik Bridges, Owner","description_text":"","image_size":{"unit":"%","size":"100","sizes":[]},"css_filters_hover_css_filter":"custom","title_color":"#000000","title_typography_typography":"custom","title_typography_font_family":"Domine","title_typography_font_size":{"unit":"px","size":"22","sizes":[]},"title_typography_font_size_tablet":{"unit":"px","size":"20","sizes":[]},"title_typography_font_size_mobile":{"unit":"px","size":"18","sizes":[]},"title_typography_font_weight":"bold","title_typography_text_transform":"uppercase","title_typography_line_height":{"unit":"px","size":"28","sizes":[]},"title_typography_line_height_tablet":{"unit":"px","size":"26","sizes":[]},"title_typography_line_height_mobile":{"unit":"px","size":"24","sizes":[]},"title_typography_letter_spacing":{"unit":"px","size":"4.58","sizes":[]},"title_typography_letter_spacing_tablet":{"unit":"px","size":"4.5","sizes":[]},"title_typography_letter_spacing_mobile":{"unit":"px","size":"4","sizes":[]}},"elements":[],"widgetType":"image-box"}],"isInner":"1"},{"id":"1173912d","elType":"column","settings":{"_column_size":"50","padding":{"unit":"%","top":"0","right":"0","bottom":"0","left":"6","isLinked":""},"padding_mobile":{"unit":"%","top":"0","right":"0","bottom":"8","left":"0","isLinked":""}},"elements":[{"id":"763aee04","elType":"widget","settings":{"image":{"id":13509,"url":"https:\/\/library.elementor.com\/wp-content\/uploads\/2020\/05\/crew-member1.jpg"},"title_text":"Nick Brooks, Barber","description_text":"","image_size":{"unit":"%","size":"100","sizes":[]},"css_filters_hover_css_filter":"custom","title_color":"#000000","title_typography_typography":"custom","title_typography_font_family":"Domine","title_typography_font_size":{"unit":"px","size":"22","sizes":[]},"title_typography_font_size_tablet":{"unit":"px","size":"20","sizes":[]},"title_typography_font_size_mobile":{"unit":"px","size":"18","sizes":[]},"title_typography_font_weight":"bold","title_typography_text_transform":"uppercase","title_typography_line_height":{"unit":"px","size":"28","sizes":[]},"title_typography_line_height_tablet":{"unit":"px","size":"26","sizes":[]},"title_typography_line_height_mobile":{"unit":"px","size":"24","sizes":[]},"title_typography_letter_spacing":{"unit":"px","size":"4.58","sizes":[]},"title_typography_letter_spacing_tablet":{"unit":"px","size":"4.5","sizes":[]},"title_typography_letter_spacing_mobile":{"unit":"px","size":"4","sizes":[]}},"elements":[],"widgetType":"image-box"}],"isInner":"1"}],"isInner":"1"},{"id":"7366f94e","elType":"section","settings":{"layout":"full_width","structure":"20","margin":{"unit":"px","top":"","right":"0","bottom":"","left":"0","isLinked":"1"},"padding":{"unit":"%","top":"0","right":"0","bottom":"3","left":"0","isLinked":""}},"elements":[{"id":"2fd43a0","elType":"column","settings":{"_column_size":"50","padding":{"unit":"%","top":"0","right":"6","bottom":"0","left":"0","isLinked":""},"padding_mobile":{"unit":"%","top":"0","right":"0","bottom":"8","left":"0","isLinked":""}},"elements":[{"id":"76e331fc","elType":"widget","settings":{"image":{"id":13510,"url":"https:\/\/library.elementor.com\/wp-content\/uploads\/2020\/05\/crew-member3.jpg"},"title_text":"Lorraine Herrera, barber","description_text":"","image_size":{"unit":"%","size":"100","sizes":[]},"css_filters_hover_css_filter":"custom","title_color":"#000000","title_typography_typography":"custom","title_typography_font_family":"Domine","title_typography_font_size":{"unit":"px","size":"22","sizes":[]},"title_typography_font_size_tablet":{"unit":"px","size":"20","sizes":[]},"title_typography_font_size_mobile":{"unit":"px","size":"18","sizes":[]},"title_typography_font_weight":"bold","title_typography_text_transform":"uppercase","title_typography_line_height":{"unit":"px","size":"28","sizes":[]},"title_typography_line_height_tablet":{"unit":"px","size":"26","sizes":[]},"title_typography_line_height_mobile":{"unit":"px","size":"24","sizes":[]},"title_typography_letter_spacing":{"unit":"px","size":"4.58","sizes":[]},"title_typography_letter_spacing_tablet":{"unit":"px","size":"4.5","sizes":[]},"title_typography_letter_spacing_mobile":{"unit":"px","size":"4","sizes":[]}},"elements":[],"widgetType":"image-box"}],"isInner":"1"},{"id":"494b61f1","elType":"column","settings":{"_column_size":"50","padding":{"unit":"%","top":"0","right":"0","bottom":"0","left":"6","isLinked":""},"padding_mobile":{"unit":"%","top":"0","right":"0","bottom":"6","left":"0","isLinked":""}},"elements":[{"id":"146adae4","elType":"widget","settings":{"image":{"id":13511,"url":"https:\/\/library.elementor.com\/wp-content\/uploads\/2020\/05\/crew-member4.jpg"},"title_text":"Josh Austin, shop manager","description_text":"","image_size":{"unit":"%","size":"100","sizes":[]},"css_filters_hover_css_filter":"custom","title_color":"#000000","title_typography_typography":"custom","title_typography_font_family":"Domine","title_typography_font_size":{"unit":"px","size":"22","sizes":[]},"title_typography_font_size_tablet":{"unit":"px","size":"20","sizes":[]},"title_typography_font_size_mobile":{"unit":"px","size":"18","sizes":[]},"title_typography_font_weight":"bold","title_typography_text_transform":"uppercase","title_typography_line_height":{"unit":"px","size":"28","sizes":[]},"title_typography_line_height_tablet":{"unit":"px","size":"26","sizes":[]},"title_typography_line_height_mobile":{"unit":"px","size":"24","sizes":[]},"title_typography_letter_spacing":{"unit":"px","size":"4.58","sizes":[]},"title_typography_letter_spacing_tablet":{"unit":"px","size":"4.5","sizes":[]},"title_typography_letter_spacing_mobile":{"unit":"px","size":"4","sizes":[]}},"elements":[],"widgetType":"image-box"}],"isInner":"1"}],"isInner":"1"},{"id":"7b4cd8c9","elType":"section","settings":{"layout":"full_width","structure":"20","margin":{"unit":"px","top":"","right":"0","bottom":"","left":"0","isLinked":"1"},"padding":{"unit":"%","top":"0","right":"0","bottom":"3","left":"0","isLinked":""}},"elements":[{"id":"4a9ccd56","elType":"column","settings":{"_column_size":"50","padding":{"unit":"%","top":"0","right":"6","bottom":"0","left":"0","isLinked":""},"padding_mobile":{"unit":"%","top":"0","right":"0","bottom":"6","left":"0","isLinked":""}},"elements":[{"id":"73e85fa9","elType":"widget","settings":{"image":{"id":13512,"url":"https:\/\/library.elementor.com\/wp-content\/uploads\/2020\/05\/crew-member5.jpg"},"title_text":"Franklin Knight, Stylist","description_text":"","image_size":{"unit":"%","size":"100","sizes":[]},"css_filters_hover_css_filter":"custom","title_color":"#000000","title_typography_typography":"custom","title_typography_font_family":"Domine","title_typography_font_size":{"unit":"px","size":"22","sizes":[]},"title_typography_font_size_tablet":{"unit":"px","size":"20","sizes":[]},"title_typography_font_size_mobile":{"unit":"px","size":"18","sizes":[]},"title_typography_font_weight":"bold","title_typography_text_transform":"uppercase","title_typography_line_height":{"unit":"px","size":"28","sizes":[]},"title_typography_line_height_tablet":{"unit":"px","size":"26","sizes":[]},"title_typography_line_height_mobile":{"unit":"px","size":"24","sizes":[]},"title_typography_letter_spacing":{"unit":"px","size":"4.58","sizes":[]},"title_typography_letter_spacing_tablet":{"unit":"px","size":"4.5","sizes":[]},"title_typography_letter_spacing_mobile":{"unit":"px","size":"4","sizes":[]}},"elements":[],"widgetType":"image-box"}],"isInner":"1"},{"id":"212b4896","elType":"column","settings":{"_column_size":"50","padding":{"unit":"%","top":"0","right":"0","bottom":"0","left":"6","isLinked":""},"padding_mobile":{"unit":"%","top":"0","right":"0","bottom":"6","left":"0","isLinked":""}},"elements":[{"id":"6280a12b","elType":"widget","settings":{"image":{"id":13513,"url":"https:\/\/library.elementor.com\/wp-content\/uploads\/2020\/05\/crew-member2.jpg"},"title_text":"Calvin Lewis, barber","description_text":"","image_size":{"unit":"%","size":"100","sizes":[]},"css_filters_hover_css_filter":"custom","title_color":"#000000","title_typography_typography":"custom","title_typography_font_family":"Domine","title_typography_font_size":{"unit":"px","size":"22","sizes":[]},"title_typography_font_size_tablet":{"unit":"px","size":"20","sizes":[]},"title_typography_font_size_mobile":{"unit":"px","size":"18","sizes":[]},"title_typography_font_weight":"bold","title_typography_text_transform":"uppercase","title_typography_line_height":{"unit":"px","size":"28","sizes":[]},"title_typography_line_height_tablet":{"unit":"px","size":"26","sizes":[]},"title_typography_line_height_mobile":{"unit":"px","size":"24","sizes":[]},"title_typography_letter_spacing":{"unit":"px","size":"4.58","sizes":[]},"title_typography_letter_spacing_tablet":{"unit":"px","size":"4.5","sizes":[]},"title_typography_letter_spacing_mobile":{"unit":"px","size":"4","sizes":[]}},"elements":[],"widgetType":"image-box"}],"isInner":"1"}],"isInner":"1"}],"isInner":""}],"isInner":""}],"page_settings":{"background_background":"classic","background_color":"#B0B6B6"}}