{"content":[{"id":"33dfd92f","elType":"section","settings":{"layout":"full_width","height":"min-height","custom_height":{"unit":"vh","size":"100","sizes":[]},"column_position":"stretch","structure":"20","_title":"hero section","reverse_order_tablet":"reverse-tablet","reverse_order_mobile":"reverse-mobile","custom_height_tablet":{"unit":"vh","size":"100","sizes":[]},"custom_height_mobile":{"unit":"vh","size":"100","sizes":[]},"_timestamp_":"v1WjRwWEVHZkY3VVJWVEwzdFhhT0JXdz09"},"elements":[{"id":"45037ffa","elType":"column","settings":{"_column_size":"50","content_position":"center","space_between_widgets":"0","padding":{"unit":"%","top":"2","right":"33","bottom":"0","left":"0","isLinked":""},"_inline_size_tablet":"100","content_position_tablet":"top","padding_tablet":{"unit":"px","top":"0","right":"0","bottom":"0","left":"0","isLinked":""}},"elements":[{"id":"3d2d2cf9","elType":"section","settings":{"layout":"full_width","background_background":"classic","padding":{"unit":"%","top":"0","right":"8","bottom":"0","left":"0","isLinked":""},"padding_tablet":{"unit":"%","top":"0","right":"0","bottom":"0","left":"0","isLinked":""},"margin_tablet":{"unit":"px","top":"0","right":"0","bottom":"0","left":"0","isLinked":""}},"elements":[{"id":"3f243510","elType":"column","settings":{"_column_size":"100","content_position":"center","background_background":"classic","background_color":"#003AF1","padding":{"unit":"%","top":"10","right":"10","bottom":"10","left":"10","isLinked":"1"},"padding_tablet":{"unit":"%","top":"10","right":"9","bottom":"10","left":"9","isLinked":""}},"elements":[{"id":"798c63c6","elType":"widget","settings":{"editor":"Lorem ipsum dolor sit amet, consectetur adipiscing elit. Quisque vel dolor a sapien sodales molestie at non libero. Integer rutrum dolor","align_tablet":"center","text_color":"#FFFFFF","_padding":{"unit":"%","top":"","right":"","bottom":"","left":"","isLinked":"1"},"_padding_tablet":{"unit":"%","top":"","right":"","bottom":"","left":"","isLinked":"1"},"align":"left","typography_typography":"custom","typography_font_family":"Work Sans","typography_font_size":{"unit":"px","size":"20","sizes":[]},"typography_font_size_tablet":{"unit":"px","size":"18","sizes":[]},"typography_font_size_mobile":{"unit":"px","size":"16","sizes":[]},"typography_font_weight":"normal","typography_line_height":{"unit":"px","size":"33","sizes":[]},"typography_line_height_tablet":{"unit":"px","size":"29","sizes":[]},"typography_line_height_mobile":{"unit":"px","size":"26","sizes":[]},"_padding_mobile":{"unit":"%","top":"","right":"","bottom":"","left":"","isLinked":"1"}},"elements":[],"widgetType":"text-editor"}],"isInner":"1"}],"isInner":"1"},{"id":"32158145","elType":"widget","settings":{"image":{"id":13522,"url":"https:\/\/library.elementor.com\/wp-content\/uploads\/2020\/05\/blog-hero-leftpic.jpg"},"css_filters_contrast":{"unit":"px","size":"50","sizes":[]},"css_filters_saturate":{"unit":"px","size":"0","sizes":[]},"_element_width":"initial","_element_custom_width":{"unit":"%","size":"100","sizes":[]},"width":{"unit":"%","size":"100","sizes":[]},"width_tablet":{"unit":"%","size":"80","sizes":[]},"_margin_tablet":{"unit":"px","top":"0","right":"0","bottom":"0","left":"0","isLinked":""},"_z_index":"0","_margin_mobile":{"unit":"px","top":"0","right":"0","bottom":"0","left":"0","isLinked":""},"align":"left"},"elements":[],"widgetType":"image"}],"isInner":""},{"id":"3df6d9b5","elType":"column","settings":{"_column_size":"50","background_background":"classic","background_position":"center center","background_size":"cover","padding":{"unit":"px","top":"0","right":"0","bottom":"0","left":"0","isLinked":""},"_inline_size_tablet":"100","content_position":"bottom","background_overlay_background":"classic","background_overlay_opacity":{"unit":"px","size":"1","sizes":[]},"padding_tablet":{"unit":"%","top":"80","right":"0","bottom":"0","left":"0","isLinked":""},"padding_mobile":{"unit":"%","top":"130","right":"0","bottom":"0","left":"0","isLinked":""},"background_overlay_image":{"id":13523,"url":"https:\/\/library.elementor.com\/wp-content\/uploads\/2020\/05\/blog-hero-pic.jpg"},"background_overlay_repeat":"no-repeat","background_overlay_size":"cover","css_filters_css_filter":"custom","css_filters_contrast":{"unit":"px","size":"68","sizes":[]},"css_filters_saturate":{"unit":"px","size":"0","sizes":[]}},"elements":[{"id":"7c264e7c","elType":"section","settings":{"background_background":"classic","background_color":"#FFFFFF","padding":{"unit":"%","top":"10","right":"11","bottom":"10","left":"11","isLinked":""},"padding_tablet":{"unit":"%","top":"6","right":"4","bottom":"6","left":"4","isLinked":""},"padding_mobile":{"unit":"%","top":"8","right":"4","bottom":"8","left":"4","isLinked":""},"layout":"full_width"},"elements":[{"id":"c9e36f1","elType":"column","settings":{"_column_size":"100","padding":{"unit":"%","top":"","right":"","bottom":"","left":"","isLinked":"1"},"padding_tablet":{"unit":"px","top":"0","right":"0","bottom":"0","left":"0","isLinked":""},"content_position":"center"},"elements":[{"id":"4b7eae80","elType":"widget","settings":{"title":"","header_size":"h1","align":"center","_offset_x":{"unit":"%","size":"-40","sizes":[]},"_offset_y":{"unit":"%","size":"50","sizes":[]},"_padding":{"unit":"%","top":"","right":"","bottom":"","left":"","isLinked":"1"},"_element_custom_width":{"unit":"%","size":"80","sizes":[]},"_element_custom_width_tablet":{"unit":"%","size":"","sizes":[]},"_offset_x_tablet":{"unit":"vw","size":"5","sizes":[]},"_offset_y_tablet":{"unit":"%","size":"","sizes":[]},"_offset_x_mobile":{"unit":"%","size":"","sizes":[]},"_offset_y_mobile":{"unit":"%","size":"45","sizes":[]},"_background_background":"classic","_padding_mobile":{"unit":"%","top":"","right":"","bottom":"","left":"","isLinked":"1"},"_padding_tablet":{"unit":"%","top":"","right":"","bottom":"","left":"","isLinked":"1"},"__dynamic__":{"title":"[elementor-tag id=\"a2e1121\" name=\"archive-title\" settings=\"%7B%22include_context%22%3A%22%22%7D\"]"},"title_color":"#003AF1","typography_typography":"custom","typography_font_family":"Domine","typography_font_size":{"unit":"px","size":"50","sizes":[]},"typography_font_size_tablet":{"unit":"px","size":"42","sizes":[]},"typography_font_size_mobile":{"unit":"px","size":"26","sizes":[]},"typography_font_weight":"bold","typography_text_transform":"uppercase","typography_line_height":{"unit":"px","size":"64","sizes":[]},"typography_line_height_tablet":{"unit":"px","size":"54","sizes":[]},"typography_line_height_mobile":{"unit":"px","size":"38","sizes":[]},"typography_letter_spacing":{"unit":"px","size":"3.43","sizes":[]},"typography_letter_spacing_mobile":{"unit":"px","size":"2","sizes":[]},"motion_fx_scale_speed":{"unit":"px","size":"1","sizes":[]},"_animation":"none","animation_duration":"slow"},"elements":[],"widgetType":"heading"}],"isInner":"1"}],"isInner":"1"}],"isInner":""}],"isInner":""},{"id":"333281e0","elType":"section","settings":{"layout":"full_width","custom_height":{"unit":"vh","size":"100","sizes":[]},"column_position":"stretch","_title":"scroll down icon","custom_height_tablet":{"unit":"vh","size":"100","sizes":[]},"custom_height_mobile":{"unit":"vh","size":"100","sizes":[]},"margin":{"unit":"px","top":"-70","right":"0","bottom":"0","left":"0","isLinked":""},"padding":{"unit":"%","top":"0","right":"0","bottom":"0","left":"50","isLinked":""},"padding_tablet":{"unit":"px","top":"0","right":"0","bottom":"0","left":"0","isLinked":"1"},"margin_mobile":{"unit":"px","top":"-60","right":"0","bottom":"0","left":"0","isLinked":""},"_timestamp_":"v1WjRwWEVHZkY3VVJWVEwzdFhhT0JXdz09"},"elements":[{"id":"2f5c4509","elType":"column","settings":{"_column_size":"100","background_background":"classic","background_position":"center center","background_size":"cover","padding":{"unit":"px","top":"0","right":"0","bottom":"0","left":"0","isLinked":""},"_inline_size_tablet":"100","content_position":"bottom","background_overlay_background":"classic","background_overlay_opacity":{"unit":"px","size":"","sizes":[]},"padding_tablet":{"unit":"%","top":"","right":"","bottom":"","left":"","isLinked":"1"},"padding_mobile":{"unit":"%","top":"","right":"","bottom":"","left":"","isLinked":"1"}},"elements":[{"id":"6e4591bc","elType":"widget","settings":{"selected_icon":{"value":{"id":"13484","url":"https:\/\/library.elementor.com\/wp-content\/uploads\/2020\/05\/hero-scrollicon.svg"},"library":"svg"},"view":"stacked","shape":"square","primary_color":"#003AF1","secondary_color":"#FFFFFF","size":{"unit":"px","size":"30","sizes":[]},"icon_padding":{"unit":"px","size":"20","sizes":[]},"_margin":{"unit":"px","top":"0","right":"0","bottom":"-10","left":"0","isLinked":""},"_element_vertical_align":"flex-end","_offset_x":{"unit":"%","size":"","sizes":[]},"_offset_orientation_v":"end","_offset_y_end":{"unit":"%","size":"0","sizes":[]},"_offset_y_end_tablet":{"unit":"vh","size":"","sizes":[]},"link":{"url":"#blogposts","is_external":"","nofollow":"","custom_attributes":""},"_offset_x_tablet":{"unit":"%","size":"","sizes":[]},"_offset_x_mobile":{"unit":"%","size":"","sizes":[]},"size_mobile":{"unit":"px","size":"20","sizes":[]},"align":"left","hover_primary_color":"#000000","_animation":"fadeIn"},"elements":[],"widgetType":"icon"}],"isInner":""}],"isInner":""},{"id":"7d5685d9","elType":"section","settings":{"layout":"full_width","margin":{"unit":"%","top":"20","right":"0","bottom":"18","left":"0","isLinked":""},"padding":{"unit":"%","top":"8","right":"15","bottom":"0","left":"15","isLinked":""},"_title":"Blog posts","background_background":"classic","background_image":{"id":13646,"url":"https:\/\/library.elementor.com\/wp-content\/uploads\/2020\/05\/blog_blue_Rectangle_bg-2.jpg"},"background_repeat":"no-repeat","background_size":"initial","background_bg_width":{"unit":"%","size":"11.5","sizes":[]},"background_overlay_background":"classic","background_overlay_image":{"id":"13497","url":"https:\/\/library.elementor.com\/wp-content\/uploads\/2020\/05\/blog_bg_overlay_pic.jpg"},"background_overlay_repeat":"no-repeat","background_overlay_opacity":{"unit":"px","size":"1","sizes":[]},"css_filters_css_filter":"custom","css_filters_contrast":{"unit":"px","size":"68","sizes":[]},"css_filters_saturate":{"unit":"px","size":"0","sizes":[]},"background_size_tablet":"initial","background_bg_width_tablet":{"unit":"%","size":"12","sizes":[]},"background_overlay_position_mobile":"center left","background_overlay_size_tablet":"initial","background_overlay_size_mobile":"initial","background_overlay_bg_width_tablet":{"unit":"%","size":"22","sizes":[]},"background_overlay_bg_width_mobile":{"unit":"%","size":"25","sizes":[]},"margin_tablet":{"unit":"%","top":"26","right":"0","bottom":"20","left":"0","isLinked":""},"margin_mobile":{"unit":"%","top":"32","right":"0","bottom":"24","left":"0","isLinked":""},"padding_tablet":{"unit":"%","top":"0","right":"8","bottom":"0","left":"8","isLinked":""},"background_position":"top right","background_overlay_position":"top right","_element_id":"blogposts","background_motion_fx_motion_fx_scrolling":"yes","background_motion_fx_translateY_speed":{"unit":"px","size":"0.8","sizes":[]},"background_motion_fx_translateX_effect":"yes","background_motion_fx_translateX_speed":{"unit":"px","size":"0.8","sizes":[]},"_timestamp_":"v1WjRwWEVHZkY3VVJWVEwzdFhhT0JXdz09"},"elements":[{"id":"6436bbe6","elType":"column","settings":{"_column_size":"100","padding":{"unit":"px","top":"0","right":"0","bottom":"0","left":"0","isLinked":""},"space_between_widgets":"0"},"elements":[{"id":"55c3378c","elType":"widget","settings":{"classic_columns":"2","classic_meta_data":[],"classic_meta_separator":"\/\/\/","classic_read_more_text":"I want To Read More","cards_meta_separator":"\u2022","cards_read_more_text":"Read More \u00bb","full_content_meta_separator":"\/\/\/","pagination_page_limit":"5","pagination_prev_label":"&laquo; Previous","pagination_next_label":"Next &raquo;","classic_thumbnail_size_size":"large","classic_item_ratio":{"unit":"px","size":"0.7","sizes":[]},"posts_order":"asc","classic_column_gap":{"unit":"px","size":"70","sizes":[]},"classic_row_gap":{"unit":"px","size":"40","sizes":[]},"classic_image_spacing":{"unit":"px","size":"40","sizes":[]},"classic_title_spacing":{"unit":"px","size":"20","sizes":[]},"classic_excerpt_color":"#414C4C","classic_excerpt_typography_typography":"custom","classic_excerpt_typography_font_size":{"unit":"px","size":"16","sizes":[]},"classic_excerpt_typography_line_height":{"unit":"px","size":"26","sizes":[]},"classic_excerpt_spacing":{"unit":"px","size":"45","sizes":[]},"classic_read_more_color":"#000000","classic_read_more_typography_typography":"custom","classic_read_more_typography_font_family":"Domine","classic_read_more_typography_font_size":{"unit":"px","size":"18","sizes":[]},"classic_read_more_typography_font_weight":"bold","classic_read_more_typography_text_transform":"uppercase","classic_read_more_typography_text_decoration":"underline","classic_read_more_typography_letter_spacing":{"unit":"px","size":"3.75","sizes":[]},"_margin":{"unit":"%","top":"0","right":"0","bottom":"6","left":"0","isLinked":""},"classic_item_ratio_mobile":{"unit":"px","size":"0.8","sizes":[]},"classic_content_padding":{"unit":"px","top":"0","right":"0","bottom":"40","left":"0","isLinked":""},"classic_read_more_typography_font_size_tablet":{"unit":"px","size":"12","sizes":[]},"classic_thumbnail_hover_filters_css_filter":"custom","classic_thumbnail_hover_filters_brightness":{"unit":"px","size":"85","sizes":[]},"classic_title_color":"#000000","classic_title_typography_typography":"custom","classic_title_typography_font_family":"Domine","classic_title_typography_font_size":{"unit":"px","size":"22","sizes":[]},"classic_title_typography_font_size_tablet":{"unit":"px","size":"18","sizes":[]},"classic_title_typography_font_weight":"bold","classic_title_typography_text_transform":"uppercase","classic_title_typography_line_height":{"unit":"px","size":"28","sizes":[]},"classic_title_typography_line_height_tablet":{"unit":"px","size":"24","sizes":[]},"classic_title_typography_letter_spacing":{"unit":"px","size":"4.58","sizes":[]},"classic_title_typography_letter_spacing_tablet":{"unit":"px","size":"3.4","sizes":[]},"classic_read_more_typography_letter_spacing_tablet":{"unit":"px","size":"2.45","sizes":[]}},"elements":[],"widgetType":"posts"}],"isInner":""}],"isInner":""}],"page_settings":{"background_background":"classic","background_color":"#B0B6B6"}}