{"content":[{"id":"6e827e54","elType":"section","settings":{"layout":"full_width","height":"min-height","custom_height":{"unit":"vh","size":"100","sizes":[]},"column_position":"stretch","structure":"20","_title":"hero section","reverse_order_tablet":"reverse-tablet","reverse_order_mobile":"reverse-mobile","custom_height_tablet":{"unit":"vh","size":"100","sizes":[]},"custom_height_mobile":{"unit":"vh","size":"100","sizes":[]},"margin_mobile":{"unit":"px","top":"","right":"0","bottom":"","left":"0","isLinked":"1"},"_timestamp_":"v1WjRwWEVHZkY3VVJWVEwzdFhhT0JXdz09"},"elements":[{"id":"3bfeed09","elType":"column","settings":{"_column_size":"50","content_position":"center","space_between_widgets":"0","padding":{"unit":"%","top":"2","right":"33","bottom":"0","left":"0","isLinked":""},"_inline_size_tablet":"100","content_position_tablet":"top","padding_tablet":{"unit":"px","top":"0","right":"0","bottom":"0","left":"0","isLinked":""}},"elements":[{"id":"1ee70c9f","elType":"section","settings":{"layout":"full_width","background_background":"classic","padding":{"unit":"%","top":"0","right":"8","bottom":"0","left":"0","isLinked":""},"padding_tablet":{"unit":"%","top":"0","right":"0","bottom":"0","left":"0","isLinked":""},"margin_tablet":{"unit":"px","top":"0","right":"0","bottom":"0","left":"0","isLinked":""}},"elements":[{"id":"1fdb13e9","elType":"column","settings":{"_column_size":"100","content_position":"center","background_background":"classic","background_color":"#003AF1","padding":{"unit":"%","top":"10","right":"10","bottom":"10","left":"10","isLinked":"1"},"padding_tablet":{"unit":"%","top":"10","right":"9","bottom":"10","left":"9","isLinked":""}},"elements":[{"id":"45a19dc7","elType":"widget","settings":{"editor":"Lorem ipsum dolor sit amet, consectetur adipiscing elit. Quisque vel dolor a sapien sodales molestie at non libero. Integer rutrum dolor","align_tablet":"center","text_color":"#FFFFFF","_padding":{"unit":"%","top":"","right":"","bottom":"","left":"","isLinked":"1"},"_padding_tablet":{"unit":"%","top":"","right":"","bottom":"","left":"","isLinked":"1"},"align":"left","typography_typography":"custom","typography_font_family":"Work Sans","typography_font_size":{"unit":"px","size":"20","sizes":[]},"typography_font_size_tablet":{"unit":"px","size":"18","sizes":[]},"typography_font_size_mobile":{"unit":"px","size":"16","sizes":[]},"typography_font_weight":"normal","typography_line_height":{"unit":"px","size":"33","sizes":[]},"typography_line_height_tablet":{"unit":"px","size":"29","sizes":[]},"typography_line_height_mobile":{"unit":"px","size":"26","sizes":[]},"_padding_mobile":{"unit":"%","top":"","right":"","bottom":"","left":"","isLinked":"1"}},"elements":[],"widgetType":"text-editor"}],"isInner":"1"}],"isInner":"1"},{"id":"61de598b","elType":"widget","settings":{"image":{"id":13551,"url":"https:\/\/library.elementor.com\/wp-content\/uploads\/2020\/05\/services-bnw-hero-pic.jpg"},"css_filters_css_filter":"custom","css_filters_contrast":{"unit":"px","size":"50","sizes":[]},"css_filters_saturate":{"unit":"px","size":"0","sizes":[]},"_element_width":"initial","_element_custom_width":{"unit":"%","size":"100","sizes":[]},"width":{"unit":"%","size":"100","sizes":[]},"width_tablet":{"unit":"%","size":"80","sizes":[]},"_margin_tablet":{"unit":"px","top":"0","right":"0","bottom":"0","left":"0","isLinked":""},"_z_index":"0","_margin_mobile":{"unit":"px","top":"0","right":"0","bottom":"0","left":"0","isLinked":""},"align":"left"},"elements":[],"widgetType":"image"}],"isInner":""},{"id":"207b4c87","elType":"column","settings":{"_column_size":"50","background_background":"classic","background_image":{"id":13552,"url":"https:\/\/library.elementor.com\/wp-content\/uploads\/2020\/05\/services-hero-pic.jpg"},"background_position":"center center","background_size":"cover","padding":{"unit":"px","top":"0","right":"0","bottom":"0","left":"0","isLinked":""},"_inline_size_tablet":"100","content_position":"bottom","background_overlay_background":"classic","background_overlay_opacity":{"unit":"px","size":"0.2","sizes":[]},"padding_tablet":{"unit":"%","top":"80","right":"0","bottom":"0","left":"0","isLinked":""},"padding_mobile":{"unit":"%","top":"130","right":"0","bottom":"0","left":"0","isLinked":""}},"elements":[{"id":"4831acdd","elType":"section","settings":{"background_background":"classic","background_color":"#FFFFFF","padding":{"unit":"%","top":"11","right":"10","bottom":"11","left":"10","isLinked":""},"padding_tablet":{"unit":"%","top":"6","right":"4","bottom":"6","left":"4","isLinked":""},"padding_mobile":{"unit":"%","top":"8","right":"4","bottom":"8","left":"4","isLinked":""},"layout":"full_width"},"elements":[{"id":"4b9b487b","elType":"column","settings":{"_column_size":"100","padding":{"unit":"px","top":"0","right":"0","bottom":"0","left":"0","isLinked":""},"content_position":"center"},"elements":[{"id":"79cf16e3","elType":"widget","settings":{"title":"our services","header_size":"h1","align":"center","_offset_x":{"unit":"%","size":"-40","sizes":[]},"_offset_y":{"unit":"%","size":"50","sizes":[]},"_padding":{"unit":"%","top":"","right":"","bottom":"","left":"","isLinked":"1"},"_element_custom_width":{"unit":"%","size":"80","sizes":[]},"_element_custom_width_tablet":{"unit":"%","size":"","sizes":[]},"_offset_x_tablet":{"unit":"vw","size":"5","sizes":[]},"_offset_y_tablet":{"unit":"%","size":"","sizes":[]},"_offset_x_mobile":{"unit":"%","size":"","sizes":[]},"_offset_y_mobile":{"unit":"%","size":"45","sizes":[]},"_background_background":"classic","_padding_mobile":{"unit":"%","top":"","right":"","bottom":"","left":"","isLinked":"1"},"_padding_tablet":{"unit":"%","top":"","right":"","bottom":"","left":"","isLinked":"1"},"title_color":"#003AF1","typography_typography":"custom","typography_font_family":"Domine","typography_font_size":{"unit":"px","size":"50","sizes":[]},"typography_font_size_tablet":{"unit":"px","size":"42","sizes":[]},"typography_font_size_mobile":{"unit":"px","size":"26","sizes":[]},"typography_font_weight":"bold","typography_text_transform":"uppercase","typography_line_height":{"unit":"px","size":"64","sizes":[]},"typography_line_height_tablet":{"unit":"px","size":"54","sizes":[]},"typography_line_height_mobile":{"unit":"px","size":"38","sizes":[]},"typography_letter_spacing":{"unit":"px","size":"3.43","sizes":[]},"typography_letter_spacing_mobile":{"unit":"px","size":"2","sizes":[]},"motion_fx_scale_speed":{"unit":"px","size":"1","sizes":[]},"_animation":"none","animation_duration":"slow"},"elements":[],"widgetType":"heading"}],"isInner":"1"}],"isInner":"1"}],"isInner":""}],"isInner":""},{"id":"614e00e","elType":"section","settings":{"layout":"full_width","custom_height":{"unit":"vh","size":"100","sizes":[]},"column_position":"stretch","_title":"scroll down icon","custom_height_tablet":{"unit":"vh","size":"100","sizes":[]},"custom_height_mobile":{"unit":"vh","size":"100","sizes":[]},"margin":{"unit":"px","top":"-70","right":"0","bottom":"0","left":"0","isLinked":""},"padding":{"unit":"%","top":"0","right":"0","bottom":"0","left":"50","isLinked":""},"padding_tablet":{"unit":"px","top":"0","right":"0","bottom":"0","left":"0","isLinked":"1"},"margin_mobile":{"unit":"px","top":"-60","right":"0","bottom":"0","left":"0","isLinked":""},"_timestamp_":"v1WjRwWEVHZkY3VVJWVEwzdFhhT0JXdz09"},"elements":[{"id":"b1a282e","elType":"column","settings":{"_column_size":"100","background_background":"classic","background_position":"center center","background_size":"cover","padding":{"unit":"px","top":"0","right":"0","bottom":"0","left":"0","isLinked":""},"_inline_size_tablet":"100","content_position":"bottom","background_overlay_background":"classic","background_overlay_opacity":{"unit":"px","size":"","sizes":[]},"padding_tablet":{"unit":"%","top":"","right":"","bottom":"","left":"","isLinked":"1"},"padding_mobile":{"unit":"%","top":"","right":"","bottom":"","left":"","isLinked":"1"}},"elements":[{"id":"14205ce3","elType":"widget","settings":{"selected_icon":{"value":{"id":"13484","url":"https:\/\/library.elementor.com\/wp-content\/uploads\/2020\/05\/hero-scrollicon.svg"},"library":"svg"},"view":"stacked","shape":"square","primary_color":"#003AF1","secondary_color":"#FFFFFF","size":{"unit":"px","size":"30","sizes":[]},"icon_padding":{"unit":"px","size":"20","sizes":[]},"_margin":{"unit":"px","top":"0","right":"0","bottom":"-10","left":"0","isLinked":""},"_element_vertical_align":"flex-end","_offset_x":{"unit":"%","size":"","sizes":[]},"_offset_orientation_v":"end","_offset_y_end":{"unit":"%","size":"0","sizes":[]},"_offset_y_end_tablet":{"unit":"vh","size":"","sizes":[]},"link":{"url":"#services","is_external":"","nofollow":"","custom_attributes":""},"_offset_x_tablet":{"unit":"%","size":"","sizes":[]},"_offset_x_mobile":{"unit":"%","size":"","sizes":[]},"size_mobile":{"unit":"px","size":"20","sizes":[]},"align":"left","hover_primary_color":"#000000","_animation":"fadeIn"},"elements":[],"widgetType":"icon"}],"isInner":""}],"isInner":""},{"id":"69caf9ef","elType":"section","settings":{"content_width":{"unit":"px","size":"1180","sizes":[]},"structure":"20","margin":{"unit":"%","top":"12","right":"0","bottom":"12","left":"0","isLinked":""},"margin_tablet":{"unit":"%","top":"20","right":"0","bottom":"20","left":"0","isLinked":"1"},"margin_mobile":{"unit":"%","top":"32","right":"0","bottom":"32","left":"0","isLinked":"1"},"padding_tablet":{"unit":"%","top":"0","right":"1","bottom":"0","left":"6","isLinked":""},"padding_mobile":{"unit":"%","top":"0","right":"8","bottom":"0","left":"8","isLinked":""},"_element_id":"services","_title":"haircut price-list","_timestamp_":"v1WjRwWEVHZkY3VVJWVEwzdFhhT0JXdz09"},"elements":[{"id":"1b413ba5","elType":"column","settings":{"_column_size":"50","_inline_size":"45","_inline_size_tablet":"36","padding":{"unit":"px","top":"0","right":"0","bottom":"0","left":"0","isLinked":""},"padding_mobile":{"unit":"%","top":"0","right":"0","bottom":"16","left":"0","isLinked":""}},"elements":[{"id":"54302899","elType":"widget","settings":{"title":"Haircuts","header_size":"h3","title_color":"#FFFFFF","typography_typography":"custom","typography_font_size":{"unit":"px","size":"18","sizes":[]},"_padding":{"unit":"%","top":"3","right":"2","bottom":"3","left":"10","isLinked":""},"_padding_tablet":{"unit":"%","top":"7","right":"2","bottom":"6","left":"10","isLinked":""},"_background_background":"gradient","_background_color":"#414C4C","_background_color_stop":{"unit":"%","size":"26","sizes":[]},"_background_color_b":"rgba(176, 182, 182, 0)","_background_color_b_stop":{"unit":"%","size":"0","sizes":[]},"_background_gradient_angle":{"unit":"deg","size":"90","sizes":[]},"_animation":"fadeInUp","typography_font_family":"Domine","typography_font_weight":"bold","typography_text_transform":"uppercase","typography_line_height":{"unit":"px","size":"28","sizes":[]},"typography_letter_spacing":{"unit":"px","size":"3.75","sizes":[]}},"elements":[],"widgetType":"heading"}],"isInner":""},{"id":"2e484f91","elType":"column","settings":{"_column_size":"50","_inline_size":"55","padding":{"unit":"px","top":"0","right":"0","bottom":"0","left":"0","isLinked":""}},"elements":[{"id":"2e0d67e6","elType":"widget","settings":{"price_list":[{"title":"Signature Haircut","item_description":"Lorem ipsum dolor sit amet, consectetur adipiscing elit. Quisque vel dolor a sapien sodales molestie at non libero. Inte","price":"$40","link":{"url":"","is_external":"","nofollow":"","custom_attributes":""},"_id":"2ee765b","image":{"url":"","id":""}},{"title":"Buzz Cut","item_description":"Lorem ipsum dolor sit amet, consectetur adipiscing elit. Quisque vel dolor a sapien sodales molestie at non libero. Inte","price":"$25","link":{"url":"","is_external":"","nofollow":"","custom_attributes":""},"image":{"url":"","id":""},"_id":"d168c27"},{"title":"Skin Fade","item_description":"Lorem ipsum dolor sit amet, consectetur adipiscing elit. Quisque vel dolor a sapien sodales molestie at non libero. Inte","price":"$45","link":{"url":"","is_external":"","nofollow":"","custom_attributes":""},"image":{"url":"","id":""},"_id":"f1e9248"},{"title":"Kids Haircut","item_description":"Lorem ipsum dolor sit amet, consectetur adipiscing elit. Quisque vel dolor a sapien sodales molestie at non libero. Inte","price":"$20","link":{"url":"","is_external":"","nofollow":"","custom_attributes":""},"image":{"url":"","id":""},"_id":"ea8a022"}],"heading_color":"#000000","heading_typography_typography":"custom","heading_typography_font_size":{"unit":"px","size":"16","sizes":[]},"heading_typography_font_size_tablet":{"unit":"px","size":"15","sizes":[]},"heading_typography_font_weight":"bold","heading_typography_text_transform":"uppercase","heading_typography_line_height":{"unit":"px","size":"28","sizes":[]},"heading_typography_line_height_tablet":{"unit":"px","size":"27","sizes":[]},"heading_typography_letter_spacing":{"unit":"px","size":"3.33","sizes":[]},"description_color":"#414C4C","description_typography_typography":"custom","description_typography_font_size":{"unit":"px","size":"16","sizes":[]},"description_typography_line_height":{"unit":"px","size":"33","sizes":[]},"separator_style":"none","image_spacing":{"unit":"px","size":"","sizes":[]},"row_gap":{"unit":"em","size":"3.4","sizes":[]},"heading_typography_font_family":"Work Sans","description_typography_font_family":"Work Sans","description_typography_font_size_mobile":{"unit":"px","size":"14","sizes":[]},"description_typography_line_height_mobile":{"unit":"px","size":"30","sizes":[]}},"elements":[],"widgetType":"price-list"}],"isInner":""}],"isInner":""},{"id":"681a8dec","elType":"section","settings":{"content_width":{"unit":"px","size":"1180","sizes":[]},"structure":"20","margin":{"unit":"%","top":"12","right":"0","bottom":"12","left":"0","isLinked":""},"margin_tablet":{"unit":"%","top":"20","right":"0","bottom":"20","left":"0","isLinked":"1"},"margin_mobile":{"unit":"%","top":"32","right":"0","bottom":"32","left":"0","isLinked":"1"},"padding_tablet":{"unit":"%","top":"0","right":"1","bottom":"0","left":"6","isLinked":""},"padding_mobile":{"unit":"%","top":"0","right":"8","bottom":"0","left":"8","isLinked":""},"_title":"beards &amp;\u00a0mustache price-list","_timestamp_":"v1WjRwWEVHZkY3VVJWVEwzdFhhT0JXdz09"},"elements":[{"id":"2981658b","elType":"column","settings":{"_column_size":"50","_inline_size":"45","_inline_size_tablet":"36","padding":{"unit":"px","top":"0","right":"0","bottom":"0","left":"0","isLinked":""},"padding_mobile":{"unit":"%","top":"0","right":"0","bottom":"16","left":"0","isLinked":""}},"elements":[{"id":"55d11722","elType":"widget","settings":{"title":"beards &amp; mustaches","header_size":"h3","title_color":"#FFFFFF","typography_typography":"custom","typography_font_size":{"unit":"px","size":"18","sizes":[]},"_padding":{"unit":"%","top":"3","right":"2","bottom":"3","left":"10","isLinked":""},"_padding_tablet":{"unit":"px","top":"7","right":"2","bottom":"6","left":"10","isLinked":""},"_padding_mobile":{"unit":"%","top":"7","right":"2","bottom":"6","left":"10","isLinked":""},"_background_background":"gradient","_background_color":"#414C4C","_background_color_stop":{"unit":"%","size":"58","sizes":[]},"_background_color_b":"rgba(176, 182, 182, 0)","_background_color_b_stop":{"unit":"%","size":"0","sizes":[]},"_background_gradient_angle":{"unit":"deg","size":"90","sizes":[]},"_animation":"fadeInUp","typography_font_family":"Domine","typography_font_weight":"bold","typography_text_transform":"uppercase","typography_line_height":{"unit":"px","size":"28","sizes":[]},"typography_letter_spacing":{"unit":"px","size":"3.75","sizes":[]}},"elements":[],"widgetType":"heading"}],"isInner":""},{"id":"72cccd96","elType":"column","settings":{"_column_size":"50","_inline_size":"55","padding":{"unit":"px","top":"0","right":"0","bottom":"0","left":"0","isLinked":""}},"elements":[{"id":"c13e0bc","elType":"widget","settings":{"price_list":[{"title":"basic beard &amp; mustache trim","item_description":"Lorem ipsum dolor sit amet, consectetur adipiscing elit. Quisque vel dolor a sapien sodales molestie at non libero. Inte","price":"$20","link":{"url":"","is_external":"","nofollow":"","custom_attributes":""},"_id":"2ee765b","image":{"url":"","id":""}},{"title":"deluxe beard &amp; mustache trim","item_description":"Lorem ipsum dolor sit amet, consectetur adipiscing elit. Quisque vel dolor a sapien sodales molestie at non libero. Inte","price":"$40","link":{"url":"","is_external":"","nofollow":"","custom_attributes":""},"image":{"url":"","id":""},"_id":"d168c27"}],"heading_color":"#000000","heading_typography_typography":"custom","heading_typography_font_size":{"unit":"px","size":"16","sizes":[]},"heading_typography_font_size_tablet":{"unit":"px","size":"15","sizes":[]},"heading_typography_font_weight":"bold","heading_typography_text_transform":"uppercase","heading_typography_line_height":{"unit":"px","size":"28","sizes":[]},"heading_typography_line_height_tablet":{"unit":"px","size":"27","sizes":[]},"heading_typography_letter_spacing":{"unit":"px","size":"3.33","sizes":[]},"description_color":"#414C4C","description_typography_typography":"custom","description_typography_font_size":{"unit":"px","size":"16","sizes":[]},"description_typography_line_height":{"unit":"px","size":"33","sizes":[]},"separator_style":"none","image_spacing":{"unit":"px","size":"","sizes":[]},"row_gap":{"unit":"em","size":"3.4","sizes":[]},"heading_typography_font_family":"Work Sans","description_typography_font_family":"Work Sans","description_typography_font_size_mobile":{"unit":"px","size":"14","sizes":[]},"description_typography_line_height_mobile":{"unit":"px","size":"30","sizes":[]}},"elements":[],"widgetType":"price-list"}],"isInner":""}],"isInner":""},{"id":"3d4685b","elType":"section","settings":{"content_width":{"unit":"px","size":"1180","sizes":[]},"structure":"20","margin":{"unit":"%","top":"12","right":"0","bottom":"12","left":"0","isLinked":""},"margin_tablet":{"unit":"%","top":"20","right":"0","bottom":"20","left":"0","isLinked":"1"},"margin_mobile":{"unit":"%","top":"32","right":"0","bottom":"32","left":"0","isLinked":"1"},"padding_tablet":{"unit":"%","top":"0","right":"1","bottom":"0","left":"6","isLinked":""},"padding_mobile":{"unit":"%","top":"0","right":"8","bottom":"0","left":"8","isLinked":""},"_title":"shaving price-list","_timestamp_":"v1WjRwWEVHZkY3VVJWVEwzdFhhT0JXdz09"},"elements":[{"id":"3a569757","elType":"column","settings":{"_column_size":"50","_inline_size":"45","_inline_size_tablet":"36","padding":{"unit":"px","top":"0","right":"0","bottom":"0","left":"0","isLinked":""},"padding_mobile":{"unit":"%","top":"0","right":"0","bottom":"16","left":"0","isLinked":""}},"elements":[{"id":"4164a721","elType":"widget","settings":{"title":"shaving","header_size":"h3","title_color":"#FFFFFF","typography_typography":"custom","typography_font_size":{"unit":"px","size":"18","sizes":[]},"_padding":{"unit":"%","top":"3","right":"2","bottom":"3","left":"10","isLinked":""},"_padding_tablet":{"unit":"px","top":"7","right":"2","bottom":"6","left":"10","isLinked":""},"_padding_mobile":{"unit":"%","top":"7","right":"2","bottom":"6","left":"10","isLinked":""},"_background_background":"gradient","_background_color":"#414C4C","_background_color_stop":{"unit":"%","size":"27.5","sizes":[]},"_background_color_b":"rgba(176, 182, 182, 0)","_background_color_b_stop":{"unit":"%","size":"0","sizes":[]},"_background_gradient_angle":{"unit":"deg","size":"90","sizes":[]},"_animation":"fadeInUp","typography_font_family":"Domine","typography_font_weight":"bold","typography_text_transform":"uppercase","typography_line_height":{"unit":"px","size":"28","sizes":[]},"typography_letter_spacing":{"unit":"px","size":"3.75","sizes":[]}},"elements":[],"widgetType":"heading"}],"isInner":""},{"id":"73d52143","elType":"column","settings":{"_column_size":"50","_inline_size":"55","padding":{"unit":"px","top":"0","right":"0","bottom":"0","left":"0","isLinked":""}},"elements":[{"id":"7816b0df","elType":"widget","settings":{"price_list":[{"title":"Hot Towel Shave ","item_description":"Lorem ipsum dolor sit amet, consectetur adipiscing elit. Quisque vel dolor a sapien sodales molestie at non libero. Inte","price":"$30","link":{"url":"","is_external":"","nofollow":"","custom_attributes":""},"_id":"2ee765b","image":{"url":"","id":""}},{"title":"Head Shave","item_description":"Lorem ipsum dolor sit amet, consectetur adipiscing elit. Quisque vel dolor a sapien sodales molestie at non libero. Inte","price":"$30","link":{"url":"","is_external":"","nofollow":"","custom_attributes":""},"image":{"url":"","id":""},"_id":"d168c27"}],"heading_color":"#000000","heading_typography_typography":"custom","heading_typography_font_size":{"unit":"px","size":"16","sizes":[]},"heading_typography_font_size_tablet":{"unit":"px","size":"15","sizes":[]},"heading_typography_font_weight":"bold","heading_typography_text_transform":"uppercase","heading_typography_line_height":{"unit":"px","size":"28","sizes":[]},"heading_typography_line_height_tablet":{"unit":"px","size":"27","sizes":[]},"heading_typography_letter_spacing":{"unit":"px","size":"3.33","sizes":[]},"description_color":"#414C4C","description_typography_typography":"custom","description_typography_font_size":{"unit":"px","size":"16","sizes":[]},"description_typography_line_height":{"unit":"px","size":"33","sizes":[]},"separator_style":"none","image_spacing":{"unit":"px","size":"","sizes":[]},"row_gap":{"unit":"em","size":"3.4","sizes":[]},"heading_typography_font_family":"Work Sans","description_typography_font_family":"Work Sans","description_typography_font_size_mobile":{"unit":"px","size":"14","sizes":[]},"description_typography_line_height_mobile":{"unit":"px","size":"30","sizes":[]}},"elements":[],"widgetType":"price-list"}],"isInner":""}],"isInner":""},{"id":"6f734a4c","elType":"section","settings":{"content_width":{"unit":"px","size":"1180","sizes":[]},"structure":"20","margin":{"unit":"%","top":"12","right":"0","bottom":"12","left":"0","isLinked":""},"margin_tablet":{"unit":"%","top":"20","right":"0","bottom":"20","left":"0","isLinked":"1"},"margin_mobile":{"unit":"%","top":"32","right":"0","bottom":"32","left":"0","isLinked":"1"},"padding_tablet":{"unit":"%","top":"0","right":"1","bottom":"0","left":"6","isLinked":""},"padding_mobile":{"unit":"%","top":"0","right":"8","bottom":"0","left":"8","isLinked":""},"_title":"coloring\u00a0price-list","_timestamp_":"v1WjRwWEVHZkY3VVJWVEwzdFhhT0JXdz09"},"elements":[{"id":"4f983663","elType":"column","settings":{"_column_size":"50","_inline_size":"45","_inline_size_tablet":"36","padding":{"unit":"px","top":"0","right":"0","bottom":"0","left":"0","isLinked":""},"padding_mobile":{"unit":"%","top":"0","right":"0","bottom":"16","left":"0","isLinked":""}},"elements":[{"id":"3b3fb381","elType":"widget","settings":{"title":"coloring","header_size":"h3","title_color":"#FFFFFF","typography_typography":"custom","typography_font_size":{"unit":"px","size":"18","sizes":[]},"_padding":{"unit":"%","top":"3","right":"2","bottom":"3","left":"10","isLinked":""},"_padding_tablet":{"unit":"px","top":"7","right":"2","bottom":"6","left":"10","isLinked":""},"_padding_mobile":{"unit":"%","top":"7","right":"2","bottom":"6","left":"10","isLinked":""},"_background_background":"gradient","_background_color":"#414C4C","_background_color_stop":{"unit":"%","size":"27.5","sizes":[]},"_background_color_b":"rgba(176, 182, 182, 0)","_background_color_b_stop":{"unit":"%","size":"0","sizes":[]},"_background_gradient_angle":{"unit":"deg","size":"90","sizes":[]},"_animation":"fadeInUp","typography_font_family":"Domine","typography_font_weight":"bold","typography_text_transform":"uppercase","typography_line_height":{"unit":"px","size":"28","sizes":[]},"typography_letter_spacing":{"unit":"px","size":"3.75","sizes":[]}},"elements":[],"widgetType":"heading"}],"isInner":""},{"id":"e15149","elType":"column","settings":{"_column_size":"50","_inline_size":"55","padding":{"unit":"px","top":"0","right":"0","bottom":"0","left":"0","isLinked":""}},"elements":[{"id":"123ede54","elType":"widget","settings":{"price_list":[{"title":"Standard coloring","item_description":"Lorem ipsum dolor sit amet, consectetur adipiscing elit. Quisque vel dolor a sapien sodales molestie at non libero. Inte","price":"$45","link":{"url":"","is_external":"","nofollow":"","custom_attributes":""},"_id":"2ee765b","image":{"url":"","id":""}},{"title":"Grey Blending","item_description":"Lorem ipsum dolor sit amet, consectetur adipiscing elit. Quisque vel dolor a sapien sodales molestie at non libero. Inte","price":"$50","link":{"url":"","is_external":"","nofollow":"","custom_attributes":""},"image":{"url":"","id":""},"_id":"d168c27"}],"heading_color":"#000000","heading_typography_typography":"custom","heading_typography_font_size":{"unit":"px","size":"16","sizes":[]},"heading_typography_font_size_tablet":{"unit":"px","size":"15","sizes":[]},"heading_typography_font_weight":"bold","heading_typography_text_transform":"uppercase","heading_typography_line_height":{"unit":"px","size":"28","sizes":[]},"heading_typography_line_height_tablet":{"unit":"px","size":"27","sizes":[]},"heading_typography_letter_spacing":{"unit":"px","size":"3.33","sizes":[]},"description_color":"#414C4C","description_typography_typography":"custom","description_typography_font_size":{"unit":"px","size":"16","sizes":[]},"description_typography_line_height":{"unit":"px","size":"33","sizes":[]},"separator_style":"none","image_spacing":{"unit":"px","size":"","sizes":[]},"row_gap":{"unit":"em","size":"3.4","sizes":[]},"heading_typography_font_family":"Work Sans","description_typography_font_family":"Work Sans","description_typography_font_size_mobile":{"unit":"px","size":"14","sizes":[]},"description_typography_line_height_mobile":{"unit":"px","size":"30","sizes":[]}},"elements":[],"widgetType":"price-list"}],"isInner":""}],"isInner":""},{"id":"2e5af350","elType":"section","settings":{"content_width":{"unit":"px","size":"1180","sizes":[]},"structure":"20","margin":{"unit":"%","top":"12","right":"0","bottom":"12","left":"0","isLinked":""},"margin_tablet":{"unit":"%","top":"20","right":"0","bottom":"20","left":"0","isLinked":"1"},"margin_mobile":{"unit":"%","top":"32","right":"0","bottom":"32","left":"0","isLinked":"1"},"padding_tablet":{"unit":"%","top":"0","right":"1","bottom":"0","left":"6","isLinked":""},"padding_mobile":{"unit":"%","top":"0","right":"8","bottom":"0","left":"8","isLinked":""},"_title":"facial treatment price-list","_timestamp_":"v1WjRwWEVHZkY3VVJWVEwzdFhhT0JXdz09"},"elements":[{"id":"62bfaad4","elType":"column","settings":{"_column_size":"50","_inline_size":"45","_inline_size_tablet":"36","padding":{"unit":"px","top":"0","right":"0","bottom":"0","left":"0","isLinked":""},"padding_mobile":{"unit":"%","top":"0","right":"0","bottom":"16","left":"0","isLinked":""}},"elements":[{"id":"3125eaf4","elType":"widget","settings":{"title":"facial treatments","header_size":"h3","title_color":"#FFFFFF","typography_typography":"custom","typography_font_size":{"unit":"px","size":"18","sizes":[]},"_padding":{"unit":"%","top":"3","right":"2","bottom":"3","left":"10","isLinked":""},"_padding_tablet":{"unit":"px","top":"7","right":"2","bottom":"6","left":"10","isLinked":""},"_padding_mobile":{"unit":"%","top":"7","right":"2","bottom":"6","left":"10","isLinked":""},"_background_background":"gradient","_background_color":"#414C4C","_background_color_stop":{"unit":"%","size":"55","sizes":[]},"_background_color_b":"rgba(176, 182, 182, 0)","_background_color_b_stop":{"unit":"%","size":"0","sizes":[]},"_background_gradient_angle":{"unit":"deg","size":"90","sizes":[]},"_animation":"fadeInUp","typography_font_family":"Domine","typography_font_weight":"bold","typography_text_transform":"uppercase","typography_line_height":{"unit":"px","size":"28","sizes":[]},"typography_letter_spacing":{"unit":"px","size":"3.75","sizes":[]}},"elements":[],"widgetType":"heading"}],"isInner":""},{"id":"2af501d7","elType":"column","settings":{"_column_size":"50","_inline_size":"55","padding":{"unit":"px","top":"0","right":"0","bottom":"0","left":"0","isLinked":""}},"elements":[{"id":"2b723756","elType":"widget","settings":{"price_list":[{"title":"Facial cleanser","item_description":"Lorem ipsum dolor sit amet, consectetur adipiscing elit. Quisque vel dolor a sapien sodales molestie at non libero. Inte","price":"$45","link":{"url":"","is_external":"","nofollow":"","custom_attributes":""},"_id":"2ee765b","image":{"url":"","id":""}},{"title":"Royal facial treatment","item_description":"Lorem ipsum dolor sit amet, consectetur adipiscing elit. Quisque vel dolor a sapien sodales molestie at non libero. Inte","price":"$50","link":{"url":"","is_external":"","nofollow":"","custom_attributes":""},"image":{"url":"","id":""},"_id":"d168c27"}],"heading_color":"#000000","heading_typography_typography":"custom","heading_typography_font_size":{"unit":"px","size":"16","sizes":[]},"heading_typography_font_size_tablet":{"unit":"px","size":"15","sizes":[]},"heading_typography_font_weight":"bold","heading_typography_text_transform":"uppercase","heading_typography_line_height":{"unit":"px","size":"28","sizes":[]},"heading_typography_line_height_tablet":{"unit":"px","size":"27","sizes":[]},"heading_typography_letter_spacing":{"unit":"px","size":"3.33","sizes":[]},"description_color":"#414C4C","description_typography_typography":"custom","description_typography_font_size":{"unit":"px","size":"16","sizes":[]},"description_typography_line_height":{"unit":"px","size":"33","sizes":[]},"separator_style":"none","image_spacing":{"unit":"px","size":"","sizes":[]},"row_gap":{"unit":"em","size":"3.4","sizes":[]},"heading_typography_font_family":"Work Sans","description_typography_font_family":"Work Sans","description_typography_font_size_mobile":{"unit":"px","size":"14","sizes":[]},"description_typography_line_height_mobile":{"unit":"px","size":"30","sizes":[]}},"elements":[],"widgetType":"price-list"}],"isInner":""}],"isInner":""},{"id":"568a768d","elType":"section","settings":{"content_width":{"unit":"px","size":"1180","sizes":[]},"structure":"20","margin":{"unit":"%","top":"12","right":"0","bottom":"6","left":"0","isLinked":""},"margin_tablet":{"unit":"%","top":"20","right":"0","bottom":"12","left":"0","isLinked":""},"margin_mobile":{"unit":"%","top":"32","right":"0","bottom":"14","left":"0","isLinked":""},"padding_tablet":{"unit":"%","top":"0","right":"1","bottom":"0","left":"6","isLinked":""},"padding_mobile":{"unit":"%","top":"0","right":"8","bottom":"0","left":"8","isLinked":""},"_title":"waxing price-list","_timestamp_":"v1WjRwWEVHZkY3VVJWVEwzdFhhT0JXdz09"},"elements":[{"id":"4b704e5f","elType":"column","settings":{"_column_size":"50","_inline_size":"45","_inline_size_tablet":"36","padding":{"unit":"px","top":"0","right":"0","bottom":"0","left":"0","isLinked":""},"padding_mobile":{"unit":"%","top":"0","right":"0","bottom":"16","left":"0","isLinked":""}},"elements":[{"id":"73a3e433","elType":"widget","settings":{"title":"waxing","header_size":"h3","title_color":"#FFFFFF","typography_typography":"custom","typography_font_size":{"unit":"px","size":"18","sizes":[]},"_padding":{"unit":"%","top":"3","right":"2","bottom":"3","left":"10","isLinked":""},"_padding_tablet":{"unit":"px","top":"7","right":"2","bottom":"6","left":"10","isLinked":""},"_padding_mobile":{"unit":"%","top":"7","right":"2","bottom":"6","left":"10","isLinked":""},"_background_background":"gradient","_background_color":"#414C4C","_background_color_stop":{"unit":"%","size":"25","sizes":[]},"_background_color_b":"rgba(176, 182, 182, 0)","_background_color_b_stop":{"unit":"%","size":"0","sizes":[]},"_background_gradient_angle":{"unit":"deg","size":"90","sizes":[]},"_animation":"fadeInUp","typography_font_family":"Domine","typography_font_weight":"bold","typography_text_transform":"uppercase","typography_line_height":{"unit":"px","size":"28","sizes":[]},"typography_letter_spacing":{"unit":"px","size":"3.75","sizes":[]}},"elements":[],"widgetType":"heading"}],"isInner":""},{"id":"7c44116","elType":"column","settings":{"_column_size":"50","_inline_size":"55","padding":{"unit":"px","top":"0","right":"0","bottom":"0","left":"0","isLinked":""}},"elements":[{"id":"1cdd71a4","elType":"widget","settings":{"price_list":[{"title":"nose hair waxing","item_description":"Lorem ipsum dolor sit amet, consectetur adipiscing elit. Quisque vel dolor a sapien sodales molestie at non libero. Inte","price":"$30","link":{"url":"","is_external":"","nofollow":"","custom_attributes":""},"_id":"2ee765b","image":{"url":"","id":""}},{"title":"ear hair waxing","item_description":"Lorem ipsum dolor sit amet, consectetur adipiscing elit. Quisque vel dolor a sapien sodales molestie at non libero. Inte","price":"$30","link":{"url":"","is_external":"","nofollow":"","custom_attributes":""},"image":{"url":"","id":""},"_id":"d168c27"},{"title":"eyebrow waxing","item_description":"Lorem ipsum dolor sit amet, consectetur adipiscing elit. Quisque vel dolor a sapien sodales molestie at non libero. Inte","price":"$30","link":{"url":"","is_external":"","nofollow":"","custom_attributes":""},"image":{"url":"","id":""},"_id":"dda4cc4"}],"heading_color":"#000000","heading_typography_typography":"custom","heading_typography_font_size":{"unit":"px","size":"16","sizes":[]},"heading_typography_font_size_tablet":{"unit":"px","size":"15","sizes":[]},"heading_typography_font_weight":"bold","heading_typography_text_transform":"uppercase","heading_typography_line_height":{"unit":"px","size":"28","sizes":[]},"heading_typography_line_height_tablet":{"unit":"px","size":"27","sizes":[]},"heading_typography_letter_spacing":{"unit":"px","size":"3.33","sizes":[]},"description_color":"#414C4C","description_typography_typography":"custom","description_typography_font_size":{"unit":"px","size":"16","sizes":[]},"description_typography_line_height":{"unit":"px","size":"33","sizes":[]},"separator_style":"none","image_spacing":{"unit":"px","size":"","sizes":[]},"row_gap":{"unit":"em","size":"3.4","sizes":[]},"heading_typography_font_family":"Work Sans","description_typography_font_family":"Work Sans","description_typography_font_size_mobile":{"unit":"px","size":"14","sizes":[]},"description_typography_line_height_mobile":{"unit":"px","size":"30","sizes":[]}},"elements":[],"widgetType":"price-list"}],"isInner":""}],"isInner":""},{"id":"71cbb232","elType":"section","settings":{"_title":"Schedule Now button","_timestamp_":"v1WjRwWEVHZkY3VVJWVEwzdFhhT0JXdz09"},"elements":[{"id":"5bf469b0","elType":"column","settings":{"_column_size":"100"},"elements":[{"id":"22f251b2","elType":"widget","settings":{"text":"Schedule Now","align":"center","typography_typography":"custom","typography_font_family":"Work Sans","typography_font_weight":"bold","typography_text_transform":"uppercase","typography_line_height":{"unit":"px","size":"28","sizes":[]},"typography_letter_spacing":{"unit":"px","size":"2.5","sizes":[]},"button_text_color":"#FFFFFF","background_color":"#000000","button_background_hover_color":"#003AF1","border_radius":{"unit":"px","top":"0","right":"0","bottom":"0","left":"0","isLinked":"1"},"_margin":{"unit":"%","top":"","right":"","bottom":"","left":"","isLinked":"1"},"motion_fx_translateY_speed":{"unit":"px","size":"0.4","sizes":[]},"_animation":"fadeInUp","_animation_delay":"150"},"elements":[],"widgetType":"button"}],"isInner":""}],"isInner":""},{"id":"57c89e04","elType":"section","settings":{"layout":"full_width","height":"min-height","custom_height":{"unit":"vh","size":"87","sizes":[]},"custom_height_tablet":{"unit":"vh","size":"80","sizes":[]},"custom_height_mobile":{"unit":"vh","size":"100","sizes":[]},"column_position":"stretch","padding":{"unit":"%","top":"0","right":"0","bottom":"0","left":"12","isLinked":""},"padding_tablet":{"unit":"px","top":"0","right":"0","bottom":"0","left":"0","isLinked":"1"},"margin":{"unit":"%","top":"14","right":"0","bottom":"12","left":"0","isLinked":""},"_title":"kingshead membership","margin_tablet":{"unit":"%","top":"24","right":"0","bottom":"20","left":"0","isLinked":""},"margin_mobile":{"unit":"%","top":"32","right":"0","bottom":"28","left":"0","isLinked":""},"padding_mobile":{"unit":"%","top":"","right":"","bottom":"","left":"","isLinked":"1"},"_timestamp_":"v1WjRwWEVHZkY3VVJWVEwzdFhhT0JXdz09"},"elements":[{"id":"1ce45542","elType":"column","settings":{"_column_size":"100","content_position":"center","background_background":"classic","background_color":"#003AF1","padding":{"unit":"%","top":"8","right":"17","bottom":"8","left":"17","isLinked":""},"padding_tablet":{"unit":"%","top":"0","right":"8","bottom":"0","left":"8","isLinked":""},"padding_mobile":{"unit":"%","top":"20","right":"8","bottom":"20","left":"8","isLinked":""}},"elements":[{"id":"50ffb999","elType":"widget","settings":{"title":"kingshead membership","align":"center","_offset_x":{"unit":"%","size":"-40","sizes":[]},"_offset_y":{"unit":"%","size":"50","sizes":[]},"_padding":{"unit":"%","top":"","right":"","bottom":"","left":"","isLinked":"1"},"_element_custom_width":{"unit":"%","size":"80","sizes":[]},"_element_custom_width_tablet":{"unit":"%","size":"90","sizes":[]},"_offset_x_tablet":{"unit":"vw","size":"5","sizes":[]},"_offset_y_tablet":{"unit":"%","size":"","sizes":[]},"_offset_x_mobile":{"unit":"%","size":"","sizes":[]},"_offset_y_mobile":{"unit":"%","size":"48","sizes":[]},"_margin":{"unit":"%","top":"0","right":"0","bottom":"1","left":"0","isLinked":""},"title_color":"#FFFFFF","typography_typography":"custom","typography_font_family":"Domine","typography_font_size":{"unit":"px","size":"40","sizes":[]},"typography_font_size_tablet":{"unit":"px","size":"32","sizes":[]},"typography_font_size_mobile":{"unit":"px","size":"22","sizes":[]},"typography_font_weight":"bold","typography_text_transform":"uppercase","typography_line_height":{"unit":"px","size":"56","sizes":[]},"typography_line_height_tablet":{"unit":"px","size":"40","sizes":[]},"typography_line_height_mobile":{"unit":"px","size":"30","sizes":[]},"typography_letter_spacing":{"unit":"px","size":"2.55","sizes":[]},"typography_letter_spacing_mobile":{"unit":"px","size":"2","sizes":[]},"_padding_mobile":{"unit":"%","top":"0","right":"4","bottom":"0","left":"4","isLinked":""},"_animation":"fadeInUp","animation_duration":"fast"},"elements":[],"widgetType":"heading"},{"id":"a3cb941","elType":"widget","settings":{"editor":"Lorem ipsum dolor sit amet, consectetur adipiscing elit. Quisque vel dolor a sapien sodales molestie at non libero. Integer rutrum dolor at justo finibus tempus. Sed fermentum , mi vel fringilla elementum, felis turpis cursus erat, ","text_color":"#FFFFFF","_padding":{"unit":"%","top":"0","right":"8","bottom":"4","left":"8","isLinked":""},"align":"center","_padding_tablet":{"unit":"%","top":"0","right":"4","bottom":"6","left":"4","isLinked":""},"_padding_mobile":{"unit":"%","top":"0","right":"0","bottom":"16","left":"0","isLinked":""},"align_tablet":"center","typography_typography":"custom","typography_font_family":"Work Sans","typography_font_size":{"unit":"px","size":"20","sizes":[]},"typography_font_size_tablet":{"unit":"px","size":"18","sizes":[]},"typography_font_size_mobile":{"unit":"px","size":"16","sizes":[]},"typography_font_weight":"normal","typography_line_height":{"unit":"px","size":"33","sizes":[]},"typography_line_height_tablet":{"unit":"px","size":"29","sizes":[]},"typography_line_height_mobile":{"unit":"px","size":"26","sizes":[]},"_animation":"fadeInUp"},"elements":[],"widgetType":"text-editor"},{"id":"290f33ff","elType":"section","settings":{"structure":"30","layout":"full_width","padding":{"unit":"%","top":"0","right":"0","bottom":"5","left":"0","isLinked":""},"gap":"wide","padding_tablet":{"unit":"%","top":"0","right":"0","bottom":"10","left":"0","isLinked":""},"animation":"fadeIn","animation_duration":"slow","animation_mobile":"none"},"elements":[{"id":"26d0d0bb","elType":"column","settings":{"_column_size":"33","_inline_size_mobile":"100","_inline_size_tablet":"33.3","padding_tablet":{"unit":"%","top":"0","right":"10","bottom":"0","left":"0","isLinked":""},"padding_mobile":{"unit":"%","top":"0","right":"0","bottom":"8","left":"0","isLinked":""}},"elements":[{"id":"5b96ac21","elType":"widget","settings":{"selected_icon":{"value":{"id":13553,"url":"https:\/\/library.elementor.com\/wp-content\/uploads\/2020\/05\/schedule-icon.svg"},"library":"svg"},"title_text":"Priority on scheduling","description_text":"Lorem ipsum dolor sit amet, consectetur adipiscing elit. Maecenas ","primary_color":"#FFFFFF","title_typography_typography":"custom","hover_primary_color":"#B0B6B6","icon_size":{"unit":"px","size":"70","sizes":[]},"_padding_tablet":{"unit":"%","top":"0","right":"0","bottom":"8","left":"0","isLinked":""},"_element_custom_width_tablet":{"unit":"%","size":"33.3","sizes":[]},"_element_custom_width_mobile":{"unit":"%","size":"50","sizes":[]},"title_typography_font_size":{"unit":"px","size":"16","sizes":[]},"title_color":"#FFFFFF","description_color":"#FFFFFF","description_typography_typography":"custom","description_typography_font_size":{"unit":"px","size":"14","sizes":[]},"description_typography_line_height":{"unit":"px","size":"20","sizes":[]},"title_typography_font_size_tablet":{"unit":"px","size":"14","sizes":[]},"description_typography_font_size_tablet":{"unit":"px","size":"13","sizes":[]},"title_typography_font_family":"Domine","title_typography_font_weight":"bold","title_typography_text_transform":"uppercase","title_typography_line_height":{"unit":"px","size":"28","sizes":[]},"title_typography_letter_spacing":{"unit":"px","size":"3.6","sizes":[]},"description_typography_font_family":"Work Sans"},"elements":[],"widgetType":"icon-box"}],"isInner":"1"},{"id":"67aa8cde","elType":"column","settings":{"_column_size":"33","_inline_size_mobile":"100","_inline_size_tablet":"33.3","padding_tablet":{"unit":"%","top":"0","right":"5","bottom":"0","left":"5","isLinked":""},"padding_mobile":{"unit":"%","top":"0","right":"0","bottom":"8","left":"0","isLinked":""}},"elements":[{"id":"33be1ecd","elType":"widget","settings":{"selected_icon":{"value":{"id":13554,"url":"https:\/\/library.elementor.com\/wp-content\/uploads\/2020\/05\/discount-dispancer-icon.svg"},"library":"svg"},"title_text":"Discount on products","description_text":"Lorem ipsum dolor sit amet, consectetur adipiscing elit. Maecenas ","primary_color":"#FFFFFF","title_typography_typography":"custom","hover_primary_color":"#B0B6B6","icon_size":{"unit":"px","size":"70","sizes":[]},"_padding_tablet":{"unit":"%","top":"0","right":"0","bottom":"8","left":"0","isLinked":""},"_element_custom_width_mobile":{"unit":"%","size":"50","sizes":[]},"_element_custom_width_tablet":{"unit":"%","size":"33.3","sizes":[]},"title_typography_font_size":{"unit":"px","size":"16","sizes":[]},"title_color":"#FFFFFF","description_color":"#FFFFFF","description_typography_typography":"custom","description_typography_font_size":{"unit":"px","size":"14","sizes":[]},"description_typography_line_height":{"unit":"px","size":"20","sizes":[]},"title_typography_font_size_tablet":{"unit":"px","size":"14","sizes":[]},"description_typography_font_size_tablet":{"unit":"px","size":"13","sizes":[]},"title_typography_font_family":"Domine","title_typography_font_weight":"bold","title_typography_text_transform":"uppercase","title_typography_line_height":{"unit":"px","size":"28","sizes":[]},"title_typography_letter_spacing":{"unit":"px","size":"3.6","sizes":[]},"description_typography_font_family":"Work Sans"},"elements":[],"widgetType":"icon-box"}],"isInner":"1"},{"id":"1bd8acb9","elType":"column","settings":{"_column_size":"33","_inline_size_mobile":"100","_inline_size_tablet":"33.3","padding_tablet":{"unit":"px","top":"0","right":"0","bottom":"0","left":"10","isLinked":""},"padding_mobile":{"unit":"px","top":"0","right":"0","bottom":"8","left":"0","isLinked":""}},"elements":[{"id":"199d9e52","elType":"widget","settings":{"selected_icon":{"value":{"id":13555,"url":"https:\/\/library.elementor.com\/wp-content\/uploads\/2020\/05\/bill-icon.svg"},"library":"svg"},"title_text":"Lower price per visit","description_text":"Lorem ipsum dolor sit amet, consectetur adipiscing elit. Maecenas ","primary_color":"#FFFFFF","title_typography_typography":"custom","hover_primary_color":"#B0B6B6","icon_size":{"unit":"px","size":"70","sizes":[]},"_padding_tablet":{"unit":"%","top":"0","right":"0","bottom":"8","left":"0","isLinked":""},"_element_custom_width_mobile":{"unit":"%","size":"50","sizes":[]},"_element_custom_width_tablet":{"unit":"%","size":"33.3","sizes":[]},"title_typography_font_size":{"unit":"px","size":"16","sizes":[]},"title_color":"#FFFFFF","description_color":"#FFFFFF","description_typography_typography":"custom","description_typography_font_size":{"unit":"px","size":"14","sizes":[]},"description_typography_line_height":{"unit":"px","size":"20","sizes":[]},"title_typography_font_size_tablet":{"unit":"px","size":"14","sizes":[]},"description_typography_font_size_tablet":{"unit":"px","size":"13","sizes":[]},"title_typography_font_family":"Domine","title_typography_font_weight":"bold","title_typography_text_transform":"uppercase","title_typography_line_height":{"unit":"px","size":"28","sizes":[]},"title_typography_letter_spacing":{"unit":"px","size":"3.6","sizes":[]},"description_typography_font_family":"Work Sans"},"elements":[],"widgetType":"icon-box"}],"isInner":"1"}],"isInner":"1"},{"id":"53f435a9","elType":"widget","settings":{"editor":"to book your membership and for more information ","align":"center","text_color":"#FFFFFF","typography_typography":"custom","typography_font_family":"Work Sans","typography_font_size":{"unit":"px","size":"12","sizes":[]},"typography_font_weight":"bold","typography_text_transform":"uppercase","typography_line_height":{"unit":"px","size":"28","sizes":[]},"typography_letter_spacing":{"unit":"px","size":"2.5","sizes":[]},"typography_line_height_mobile":{"unit":"em","size":"1.5","sizes":[]},"_animation":"fadeIn","animation_duration":"slow","_animation_delay":"300","_animation_mobile":"none"},"elements":[],"widgetType":"text-editor"},{"id":"13ef5d98","elType":"widget","settings":{"text":"contact us","align":"center","button_text_color":"#FFFFFF","background_color":"#000000","button_background_hover_color":"#FFFFFF","hover_color":"#003AF1","_animation":"fadeIn","align_tablet":"center","typography_typography":"custom","typography_font_family":"Work Sans","typography_font_weight":"bold","typography_text_transform":"uppercase","typography_line_height":{"unit":"px","size":"28","sizes":[]},"typography_letter_spacing":{"unit":"px","size":"2.5","sizes":[]},"border_radius":{"unit":"px","top":"0","right":"0","bottom":"0","left":"0","isLinked":"1"},"_margin":{"unit":"%","top":"","right":"","bottom":"","left":"","isLinked":"1"},"motion_fx_translateY_speed":{"unit":"px","size":"0.4","sizes":[]},"animation_duration":"slow","_animation_delay":"600"},"elements":[],"widgetType":"button"}],"isInner":""}],"isInner":""}],"page_settings":{"background_background":"classic","background_color":"#B0B6B6"}}