{"content":[{"id":"4f3a0d40","elType":"section","settings":{"layout":"full_width","height":"min-height","custom_height":{"unit":"vh","size":"100","sizes":[]},"column_position":"stretch","structure":"20","_title":"hero section","reverse_order_tablet":"reverse-tablet","reverse_order_mobile":"reverse-mobile","custom_height_tablet":{"unit":"vh","size":"100","sizes":[]},"custom_height_mobile":{"unit":"vh","size":"100","sizes":[]},"margin_mobile":{"unit":"px","top":"0","right":"0","bottom":"0","left":"0","isLinked":""},"_timestamp_":"v1WjRwWEVHZkY3VVJWVEwzdFhhT0JXdz09"},"elements":[{"id":"31253b12","elType":"column","settings":{"_column_size":"50","content_position":"center","space_between_widgets":"0","padding":{"unit":"%","top":"2","right":"33","bottom":"0","left":"0","isLinked":""},"_inline_size_tablet":"100","content_position_tablet":"top","padding_tablet":{"unit":"px","top":"0","right":"0","bottom":"0","left":"0","isLinked":""}},"elements":[{"id":"67c0a7b0","elType":"section","settings":{"layout":"full_width","background_background":"classic","padding":{"unit":"%","top":"0","right":"8","bottom":"0","left":"0","isLinked":""},"padding_tablet":{"unit":"%","top":"0","right":"0","bottom":"0","left":"0","isLinked":""},"margin_tablet":{"unit":"px","top":"0","right":"0","bottom":"0","left":"0","isLinked":""}},"elements":[{"id":"70c9ed2d","elType":"column","settings":{"_column_size":"100","content_position":"center","background_background":"classic","background_color":"#003AF1","padding":{"unit":"%","top":"10","right":"10","bottom":"10","left":"10","isLinked":"1"},"padding_tablet":{"unit":"%","top":"10","right":"9","bottom":"10","left":"9","isLinked":""}},"elements":[{"id":"237ede6f","elType":"widget","settings":{"editor":"Lorem ipsum dolor sit amet, consectetur adipiscing elit. Quisque vel dolor a sapien sodales molestie at non libero. Integer rutrum dolor","align_tablet":"center","text_color":"#FFFFFF","_padding":{"unit":"%","top":"","right":"","bottom":"","left":"","isLinked":"1"},"_padding_tablet":{"unit":"%","top":"","right":"","bottom":"","left":"","isLinked":"1"},"align":"left","typography_typography":"custom","typography_font_family":"Work Sans","typography_font_size":{"unit":"px","size":"20","sizes":[]},"typography_font_size_tablet":{"unit":"px","size":"18","sizes":[]},"typography_font_size_mobile":{"unit":"px","size":"16","sizes":[]},"typography_font_weight":"normal","typography_line_height":{"unit":"px","size":"33","sizes":[]},"typography_line_height_tablet":{"unit":"px","size":"29","sizes":[]},"typography_line_height_mobile":{"unit":"px","size":"26","sizes":[]},"_padding_mobile":{"unit":"%","top":"","right":"","bottom":"","left":"","isLinked":"1"}},"elements":[],"widgetType":"text-editor"}],"isInner":"1"}],"isInner":"1"},{"id":"b6b1df9","elType":"widget","settings":{"image":{"id":13563,"url":"https:\/\/library.elementor.com\/wp-content\/uploads\/2020\/05\/gallery-bnw-hero-pic.jpg"},"css_filters_css_filter":"custom","css_filters_contrast":{"unit":"px","size":"50","sizes":[]},"css_filters_saturate":{"unit":"px","size":"0","sizes":[]},"_element_width":"initial","_element_custom_width":{"unit":"%","size":"100","sizes":[]},"width":{"unit":"%","size":"100","sizes":[]},"width_tablet":{"unit":"%","size":"80","sizes":[]},"_margin_tablet":{"unit":"px","top":"0","right":"0","bottom":"0","left":"0","isLinked":""},"_z_index":"0","_margin_mobile":{"unit":"px","top":"0","right":"0","bottom":"0","left":"0","isLinked":""},"align":"left"},"elements":[],"widgetType":"image"}],"isInner":""},{"id":"5236fd0","elType":"column","settings":{"_column_size":"50","background_background":"classic","background_image":{"id":13564,"url":"https:\/\/library.elementor.com\/wp-content\/uploads\/2020\/05\/gallery-hero-pic.jpg"},"background_position":"center center","background_size":"cover","padding":{"unit":"px","top":"0","right":"0","bottom":"0","left":"0","isLinked":""},"_inline_size_tablet":"100","content_position":"bottom","background_overlay_background":"classic","background_overlay_opacity":{"unit":"px","size":"0.2","sizes":[]},"padding_tablet":{"unit":"%","top":"80","right":"0","bottom":"0","left":"0","isLinked":""},"padding_mobile":{"unit":"%","top":"130","right":"0","bottom":"0","left":"0","isLinked":""}},"elements":[{"id":"4953d925","elType":"section","settings":{"background_background":"classic","background_color":"#FFFFFF","padding":{"unit":"%","top":"6","right":"10","bottom":"6","left":"10","isLinked":""},"padding_tablet":{"unit":"%","top":"6","right":"4","bottom":"6","left":"4","isLinked":""},"padding_mobile":{"unit":"%","top":"8","right":"4","bottom":"8","left":"4","isLinked":""},"layout":"full_width"},"elements":[{"id":"176369da","elType":"column","settings":{"_column_size":"100","padding":{"unit":"px","top":"0","right":"0","bottom":"0","left":"0","isLinked":""},"content_position":"center"},"elements":[{"id":"cb43aeb","elType":"widget","settings":{"title":"Once you go kingshead you can never go back","header_size":"h1","align":"center","_offset_x":{"unit":"%","size":"-40","sizes":[]},"_offset_y":{"unit":"%","size":"50","sizes":[]},"_padding":{"unit":"%","top":"","right":"","bottom":"","left":"","isLinked":"1"},"_element_custom_width":{"unit":"%","size":"80","sizes":[]},"_element_custom_width_tablet":{"unit":"%","size":"","sizes":[]},"_offset_x_tablet":{"unit":"vw","size":"5","sizes":[]},"_offset_y_tablet":{"unit":"%","size":"","sizes":[]},"_offset_x_mobile":{"unit":"%","size":"","sizes":[]},"_offset_y_mobile":{"unit":"%","size":"45","sizes":[]},"_background_background":"classic","_padding_mobile":{"unit":"%","top":"","right":"","bottom":"","left":"","isLinked":"1"},"_padding_tablet":{"unit":"%","top":"","right":"","bottom":"","left":"","isLinked":"1"},"title_color":"#003AF1","typography_typography":"custom","typography_font_family":"Domine","typography_font_size":{"unit":"px","size":"50","sizes":[]},"typography_font_size_tablet":{"unit":"px","size":"42","sizes":[]},"typography_font_size_mobile":{"unit":"px","size":"26","sizes":[]},"typography_font_weight":"bold","typography_text_transform":"uppercase","typography_line_height":{"unit":"px","size":"64","sizes":[]},"typography_line_height_tablet":{"unit":"px","size":"54","sizes":[]},"typography_line_height_mobile":{"unit":"px","size":"38","sizes":[]},"typography_letter_spacing":{"unit":"px","size":"3.43","sizes":[]},"typography_letter_spacing_mobile":{"unit":"px","size":"2","sizes":[]},"motion_fx_scale_speed":{"unit":"px","size":"1","sizes":[]},"_animation":"none","animation_duration":"slow"},"elements":[],"widgetType":"heading"}],"isInner":"1"}],"isInner":"1"}],"isInner":""}],"isInner":""},{"id":"fc47403","elType":"section","settings":{"layout":"full_width","custom_height":{"unit":"vh","size":"100","sizes":[]},"column_position":"stretch","_title":"scroll down icon","custom_height_tablet":{"unit":"vh","size":"100","sizes":[]},"custom_height_mobile":{"unit":"vh","size":"100","sizes":[]},"margin":{"unit":"px","top":"-70","right":"0","bottom":"0","left":"0","isLinked":""},"padding":{"unit":"%","top":"0","right":"0","bottom":"0","left":"50","isLinked":""},"padding_tablet":{"unit":"px","top":"0","right":"0","bottom":"0","left":"0","isLinked":"1"},"margin_mobile":{"unit":"px","top":"-60","right":"0","bottom":"0","left":"0","isLinked":""},"_timestamp_":"v1WjRwWEVHZkY3VVJWVEwzdFhhT0JXdz09"},"elements":[{"id":"e169720","elType":"column","settings":{"_column_size":"100","background_background":"classic","background_position":"center center","background_size":"cover","padding":{"unit":"px","top":"0","right":"0","bottom":"0","left":"0","isLinked":""},"_inline_size_tablet":"100","content_position":"bottom","background_overlay_background":"classic","background_overlay_opacity":{"unit":"px","size":"","sizes":[]},"padding_tablet":{"unit":"%","top":"","right":"","bottom":"","left":"","isLinked":"1"},"padding_mobile":{"unit":"%","top":"","right":"","bottom":"","left":"","isLinked":"1"}},"elements":[{"id":"13bd650b","elType":"widget","settings":{"selected_icon":{"value":{"id":"13484","url":"https:\/\/library.elementor.com\/wp-content\/uploads\/2020\/05\/hero-scrollicon.svg"},"library":"svg"},"view":"stacked","shape":"square","primary_color":"#003AF1","secondary_color":"#FFFFFF","size":{"unit":"px","size":"30","sizes":[]},"icon_padding":{"unit":"px","size":"20","sizes":[]},"_margin":{"unit":"px","top":"0","right":"0","bottom":"-10","left":"0","isLinked":""},"_element_vertical_align":"flex-end","_offset_x":{"unit":"%","size":"","sizes":[]},"_offset_orientation_v":"end","_offset_y_end":{"unit":"%","size":"0","sizes":[]},"_offset_y_end_tablet":{"unit":"vh","size":"","sizes":[]},"link":{"url":"#pictures","is_external":"","nofollow":"","custom_attributes":""},"_offset_x_tablet":{"unit":"%","size":"","sizes":[]},"_offset_x_mobile":{"unit":"%","size":"","sizes":[]},"size_mobile":{"unit":"px","size":"20","sizes":[]},"align":"left","hover_primary_color":"#000000","_animation":"fadeIn"},"elements":[],"widgetType":"icon"}],"isInner":""}],"isInner":""},{"id":"35bc3048","elType":"section","settings":{"layout":"full_width","custom_height":{"unit":"vh","size":"90","sizes":[]},"column_position":"stretch","structure":"20","_title":"pictures section1","custom_height_tablet":{"unit":"vh","size":"100","sizes":[]},"custom_height_mobile":{"unit":"vh","size":"100","sizes":[]},"margin":{"unit":"%","top":"12","right":"0","bottom":"12","left":"0","isLinked":"1"},"margin_tablet":{"unit":"%","top":"20","right":"0","bottom":"20","left":"0","isLinked":"1"},"margin_mobile":{"unit":"%","top":"32","right":"0","bottom":"32","left":"0","isLinked":"1"},"_element_id":"pictures","_timestamp_":"v1WjRwWEVHZkY3VVJWVEwzdFhhT0JXdz09"},"elements":[{"id":"bebdfd7","elType":"column","settings":{"_column_size":"50","background_background":"classic","background_position":"center center","background_size":"cover","padding":{"unit":"px","top":"0","right":"0","bottom":"0","left":"0","isLinked":""},"_inline_size_tablet":"100","background_overlay_background":"classic","background_overlay_opacity":{"unit":"px","size":"1","sizes":[]},"background_overlay_position":"center center","background_overlay_repeat":"no-repeat","background_overlay_size":"cover","css_filters_css_filter":"custom","css_filters_contrast":{"unit":"px","size":"68","sizes":[]},"css_filters_saturate":{"unit":"px","size":"0","sizes":[]},"padding_tablet":{"unit":"%","top":"0","right":"0","bottom":"0","left":"0","isLinked":""},"padding_mobile":{"unit":"%","top":"","right":"","bottom":"","left":"","isLinked":"1"},"space_between_widgets":"0"},"elements":[{"id":"2bb394c6","elType":"widget","settings":{"image":{"id":13565,"url":"https:\/\/library.elementor.com\/wp-content\/uploads\/2020\/05\/left-pic.jpg"},"width":{"unit":"%","size":"100","sizes":[]},"css_filters_contrast":{"unit":"px","size":"68","sizes":[]},"css_filters_saturate":{"unit":"px","size":"0","sizes":[]},"align_tablet":"right","width_tablet":{"unit":"%","size":"80","sizes":[]}},"elements":[],"widgetType":"image"}],"isInner":""},{"id":"4b878916","elType":"column","settings":{"_column_size":"50","content_position":"center","space_between_widgets":"0","padding":{"unit":"%","top":"0","right":"0","bottom":"0","left":"30","isLinked":""},"_inline_size_tablet":"100","content_position_tablet":"top","padding_tablet":{"unit":"%","top":"0","right":"0","bottom":"0","left":"0","isLinked":"1"},"background_background":"classic","background_image":{"url":"https:\/\/library.elementor.com\/wp-content\/uploads\/2020\/05\/background-Rectangle.jpg","id":13642},"background_position":"initial","background_xpos":{"unit":"%","size":"0","sizes":[]},"background_ypos":{"unit":"%","size":"70","sizes":[]},"background_repeat":"no-repeat","background_size":"initial","background_bg_width":{"unit":"%","size":"10","sizes":[]},"background_motion_fx_motion_fx_scrolling":"yes","background_motion_fx_translateY_effect":"yes","background_motion_fx_translateY_speed":{"unit":"px","size":"1","sizes":[]}},"elements":[{"id":"7fb2a314","elType":"widget","settings":{"image":{"id":13566,"url":"https:\/\/library.elementor.com\/wp-content\/uploads\/2020\/05\/bnw-pic.jpg"},"css_filters_contrast":{"unit":"px","size":"68","sizes":[]},"css_filters_saturate":{"unit":"px","size":"0","sizes":[]},"_element_width":"initial","_element_custom_width":{"unit":"%","size":"100","sizes":[]},"width":{"unit":"%","size":"100","sizes":[]},"width_tablet":{"unit":"%","size":"100","sizes":[]},"_margin_tablet":{"unit":"px","top":"0","right":"0","bottom":"0","left":"0","isLinked":"1"},"_z_index":"0","align":"right","align_tablet":"left","css_filters_css_filter":"custom"},"elements":[],"widgetType":"image"},{"id":"2106ba38","elType":"widget","settings":{"image":{"id":13567,"url":"https:\/\/library.elementor.com\/wp-content\/uploads\/2020\/05\/right-pic.jpg"},"css_filters_contrast":{"unit":"px","size":"50","sizes":[]},"css_filters_saturate":{"unit":"px","size":"0","sizes":[]},"_element_width":"initial","_element_custom_width":{"unit":"%","size":"100","sizes":[]},"width":{"unit":"%","size":"88","sizes":[]},"width_tablet":{"unit":"%","size":"80","sizes":[]},"_margin_tablet":{"unit":"px","top":"0","right":"0","bottom":"0","left":"0","isLinked":"1"},"_z_index":"0","align":"right","align_tablet":"left"},"elements":[],"widgetType":"image"}],"isInner":""}],"isInner":""},{"id":"1d6d13ad","elType":"section","settings":{"layout":"full_width","custom_height":{"unit":"vh","size":"77","sizes":[]},"column_position":"stretch","structure":"20","_title":"image carousel section","custom_height_tablet":{"unit":"vh","size":"100","sizes":[]},"custom_height_mobile":{"unit":"vh","size":"100","sizes":[]},"margin":{"unit":"%","top":"10","right":"0","bottom":"12","left":"0","isLinked":""},"reverse_order_tablet":"reverse-tablet","margin_tablet":{"unit":"%","top":"22","right":"0","bottom":"22","left":"0","isLinked":"1"},"margin_mobile":{"unit":"%","top":"32","right":"0","bottom":"32","left":"0","isLinked":"1"},"reverse_order_mobile":"reverse-mobile","overflow":"hidden","_timestamp_":"v1WjRwWEVHZkY3VVJWVEwzdFhhT0JXdz09"},"elements":[{"id":"26cb74f9","elType":"column","settings":{"_column_size":"50","content_position":"center","space_between_widgets":"0","padding":{"unit":"%","top":"0","right":"33","bottom":"0","left":"0","isLinked":""},"_inline_size_tablet":"100","content_position_tablet":"top","padding_tablet":{"unit":"px","top":"0","right":"0","bottom":"0","left":"0","isLinked":""},"margin_mobile":{"unit":"px","top":"0","right":"0","bottom":"0","left":"0","isLinked":""}},"elements":[{"id":"2c956f","elType":"widget","settings":{"image":{"id":13568,"url":"https:\/\/library.elementor.com\/wp-content\/uploads\/2020\/05\/left-pic-bnw.jpg"},"css_filters_contrast":{"unit":"px","size":"68","sizes":[]},"css_filters_saturate":{"unit":"px","size":"0","sizes":[]},"_element_width":"initial","_element_custom_width":{"unit":"%","size":"100","sizes":[]},"width":{"unit":"%","size":"100","sizes":[]},"_margin_mobile":{"unit":"px","top":"0","right":"0","bottom":"0","left":"0","isLinked":""},"align":"left","css_filters_css_filter":"custom","_element_width_tablet":"initial","_element_width_mobile":"inherit","_element_custom_width_tablet":{"unit":"%","size":"50","sizes":[]},"width_mobile":{"unit":"%","size":"100","sizes":[]}},"elements":[],"widgetType":"image"},{"id":"1eed52f3","elType":"widget","settings":{"image":{"id":13569,"url":"https:\/\/library.elementor.com\/wp-content\/uploads\/2020\/05\/left-pic-1.jpg"},"css_filters_contrast":{"unit":"px","size":"50","sizes":[]},"css_filters_saturate":{"unit":"px","size":"0","sizes":[]},"_element_width":"initial","_element_custom_width":{"unit":"%","size":"100","sizes":[]},"width":{"unit":"%","size":"88","sizes":[]},"width_tablet":{"unit":"%","size":"100","sizes":[]},"_margin_mobile":{"unit":"px","top":"0","right":"0","bottom":"0","left":"0","isLinked":""},"align":"right","_element_width_tablet":"initial","_element_width_mobile":"inherit","_element_custom_width_tablet":{"unit":"%","size":"50","sizes":[]},"align_mobile":"right","width_mobile":{"unit":"%","size":"85","sizes":[]}},"elements":[],"widgetType":"image"}],"isInner":""},{"id":"1f774690","elType":"column","settings":{"_column_size":"50","background_background":"classic","background_position":"top center","background_size":"cover","padding":{"unit":"px","top":"0","right":"0","bottom":"0","left":"0","isLinked":""},"_inline_size_tablet":"100","background_overlay_background":"classic","background_overlay_opacity":{"unit":"px","size":"0.43","sizes":[]},"background_overlay_position":"center center","background_overlay_repeat":"no-repeat","background_overlay_size":"cover","css_filters_contrast":{"unit":"px","size":"68","sizes":[]},"css_filters_saturate":{"unit":"px","size":"0","sizes":[]},"padding_tablet":{"unit":"%","top":"","right":"","bottom":"","left":"","isLinked":"1"},"padding_mobile":{"unit":"%","top":"0","right":"0","bottom":"0","left":"15","isLinked":""},"space_between_widgets":"0"},"elements":[{"id":"3ba75de1","elType":"widget","settings":{"carousel":[{"id":13570,"url":"https:\/\/library.elementor.com\/wp-content\/uploads\/2020\/05\/gallery-carousel1.jpg"},{"id":13571,"url":"https:\/\/library.elementor.com\/wp-content\/uploads\/2020\/05\/gallery-carousel2.jpg"},{"id":13572,"url":"https:\/\/library.elementor.com\/wp-content\/uploads\/2020\/05\/gallery-carousel3.jpg"},{"id":13573,"url":"https:\/\/library.elementor.com\/wp-content\/uploads\/2020\/05\/gallery-carousel4.jpg"},{"id":13574,"url":"https:\/\/library.elementor.com\/wp-content\/uploads\/2020\/05\/gallery-carousel5.jpg"},{"id":13575,"url":"https:\/\/library.elementor.com\/wp-content\/uploads\/2020\/05\/gallery-carousel6.jpg"}],"thumbnail_size":"large","slides_to_show":"1","image_stretch":"yes","navigation":"none","pause_on_hover":"no","autoplay_speed":"4000","effect":"fade","_margin":{"unit":"px","top":"0","right":"0","bottom":"-15","left":"0","isLinked":""},"_z_index":"2","_margin_mobile":{"unit":"px","top":"0","right":"0","bottom":"-9","left":"0","isLinked":""},"pause_on_interaction":"no"},"elements":[],"widgetType":"image-carousel"},{"id":"13d37f79","elType":"widget","settings":{"space":{"unit":"px","size":"155","sizes":[]},"space_tablet":{"unit":"px","size":"145","sizes":[]},"space_mobile":{"unit":"px","size":"105","sizes":[]},"_margin":{"unit":"px","top":"0","right":"-45","bottom":"0","left":"453","isLinked":""},"_margin_tablet":{"unit":"px","top":"0","right":"0","bottom":"0","left":"300","isLinked":""},"_margin_mobile":{"unit":"px","top":"0","right":"0","bottom":"0","left":"0","isLinked":""},"_background_background":"classic","_background_color":"#003AF1","hide_tablet":"hidden-tablet","hide_mobile":"hidden-phone","motion_fx_motion_fx_scrolling":"yes","motion_fx_translateX_effect":"yes","motion_fx_translateX_speed":{"unit":"px","size":"0.8","sizes":[]},"motion_fx_devices":["desktop"]},"elements":[],"widgetType":"spacer"}],"isInner":""}],"isInner":""},{"id":"20a79b81","elType":"section","settings":{"layout":"full_width","custom_height":{"unit":"vh","size":"90","sizes":[]},"column_position":"stretch","structure":"20","_title":"pictures section2","custom_height_tablet":{"unit":"vh","size":"100","sizes":[]},"custom_height_mobile":{"unit":"vh","size":"100","sizes":[]},"margin":{"unit":"%","top":"12","right":"0","bottom":"16","left":"0","isLinked":""},"margin_tablet":{"unit":"%","top":"20","right":"0","bottom":"20","left":"0","isLinked":"1"},"margin_mobile":{"unit":"%","top":"32","right":"0","bottom":"32","left":"0","isLinked":"1"},"overflow":"hidden","_timestamp_":"v1WjRwWEVHZkY3VVJWVEwzdFhhT0JXdz09"},"elements":[{"id":"283bceac","elType":"column","settings":{"_column_size":"50","background_background":"classic","background_position":"center center","background_size":"cover","padding":{"unit":"px","top":"0","right":"0","bottom":"0","left":"0","isLinked":""},"_inline_size_tablet":"100","background_overlay_background":"classic","background_overlay_opacity":{"unit":"px","size":"1","sizes":[]},"background_overlay_position":"center center","background_overlay_repeat":"no-repeat","background_overlay_size":"cover","css_filters_css_filter":"custom","css_filters_contrast":{"unit":"px","size":"68","sizes":[]},"css_filters_saturate":{"unit":"px","size":"0","sizes":[]},"padding_tablet":{"unit":"%","top":"0","right":"0","bottom":"0","left":"0","isLinked":""},"padding_mobile":{"unit":"%","top":"","right":"","bottom":"","left":"","isLinked":"1"},"space_between_widgets":"0"},"elements":[{"id":"367b8e0e","elType":"widget","settings":{"image":{"id":13576,"url":"https:\/\/library.elementor.com\/wp-content\/uploads\/2020\/05\/pic-section2-left-pic.jpg"},"width":{"unit":"%","size":"100","sizes":[]},"css_filters_contrast":{"unit":"px","size":"68","sizes":[]},"css_filters_saturate":{"unit":"px","size":"0","sizes":[]},"align_tablet":"right","width_tablet":{"unit":"%","size":"80","sizes":[]},"align_mobile":"left"},"elements":[],"widgetType":"image"},{"id":"13e69e5","elType":"widget","settings":{"space":{"unit":"px","size":"64","sizes":[]},"space_tablet":{"unit":"px","size":"145","sizes":[]},"space_mobile":{"unit":"px","size":"105","sizes":[]},"_margin":{"unit":"px","top":"-1","right":"325","bottom":"0","left":"-30","isLinked":""},"_margin_tablet":{"unit":"px","top":"0","right":"0","bottom":"0","left":"300","isLinked":""},"_margin_mobile":{"unit":"px","top":"-20","right":"0","bottom":"0","left":"0","isLinked":""},"_background_background":"classic","_background_color":"#003AF1","hide_tablet":"hidden-tablet","hide_mobile":"hidden-phone","motion_fx_motion_fx_scrolling":"yes","motion_fx_translateX_effect":"yes","motion_fx_translateX_direction":"negative","motion_fx_translateX_speed":{"unit":"px","size":"0.8","sizes":[]},"motion_fx_devices":["desktop"]},"elements":[],"widgetType":"spacer"}],"isInner":""},{"id":"4bbaad1c","elType":"column","settings":{"_column_size":"50","content_position":"center","space_between_widgets":"0","padding":{"unit":"%","top":"0","right":"0","bottom":"0","left":"30","isLinked":""},"_inline_size_tablet":"100","content_position_tablet":"top","padding_tablet":{"unit":"%","top":"0","right":"0","bottom":"0","left":"0","isLinked":"1"},"background_background":"classic","background_position":"initial","background_xpos":{"unit":"%","size":"0","sizes":[]},"background_ypos":{"unit":"%","size":"70","sizes":[]},"background_repeat":"no-repeat"},"elements":[{"id":"2fddae54","elType":"widget","settings":{"image":{"id":13577,"url":"https:\/\/library.elementor.com\/wp-content\/uploads\/2020\/05\/pic-section2-right-pic.jpg"},"css_filters_contrast":{"unit":"px","size":"68","sizes":[]},"css_filters_saturate":{"unit":"px","size":"0","sizes":[]},"_element_width":"initial","_element_custom_width":{"unit":"%","size":"100","sizes":[]},"width":{"unit":"%","size":"100","sizes":[]},"width_tablet":{"unit":"%","size":"100","sizes":[]},"_margin_tablet":{"unit":"px","top":"0","right":"0","bottom":"0","left":"0","isLinked":"1"},"_z_index":"0","align":"right","align_tablet":"left"},"elements":[],"widgetType":"image"},{"id":"3525f40b","elType":"widget","settings":{"image":{"id":13578,"url":"https:\/\/library.elementor.com\/wp-content\/uploads\/2020\/05\/pic-section2-bnw-pic.jpg"},"css_filters_contrast":{"unit":"px","size":"68","sizes":[]},"css_filters_saturate":{"unit":"px","size":"0","sizes":[]},"_element_width":"initial","_element_custom_width":{"unit":"%","size":"100","sizes":[]},"width":{"unit":"%","size":"88","sizes":[]},"width_tablet":{"unit":"%","size":"80","sizes":[]},"_margin_tablet":{"unit":"px","top":"0","right":"0","bottom":"0","left":"0","isLinked":"1"},"_z_index":"0","align":"right","align_tablet":"left","align_mobile":"right","css_filters_css_filter":"custom"},"elements":[],"widgetType":"image"}],"isInner":""}],"isInner":""}],"page_settings":{"background_background":"classic","background_color":"#B0B6B6"}}