{"content":[{"id":"6f9e7a","elType":"section","settings":{"layout":"full_width","height":"min-height","custom_height":{"unit":"vh","size":"100","sizes":[]},"column_position":"stretch","structure":"20","_title":"hero section","reverse_order_tablet":"reverse-tablet","reverse_order_mobile":"reverse-mobile","custom_height_tablet":{"unit":"vh","size":"100","sizes":[]},"custom_height_mobile":{"unit":"vh","size":"100","sizes":[]},"_timestamp_":"v1WjRwWEVHZkY3VVJWVEwzdFhhT0JXdz09"},"elements":[{"id":"733c9687","elType":"column","settings":{"_column_size":"50","content_position":"center","space_between_widgets":"0","padding":{"unit":"%","top":"8","right":"0","bottom":"0","left":"0","isLinked":""},"_inline_size_tablet":"100","content_position_tablet":"top","padding_tablet":{"unit":"px","top":"1","right":"0","bottom":"0","left":"0","isLinked":""}},"elements":[{"id":"6b414dd1","elType":"section","settings":{"layout":"full_width","structure":"20","background_background":"classic","padding":{"unit":"%","top":"0","right":"37","bottom":"6","left":"0","isLinked":""},"padding_tablet":{"unit":"%","top":"0","right":"0","bottom":"8","left":"0","isLinked":""},"z_index":"1","margin_tablet":{"unit":"px","top":"0","right":"0","bottom":"0","left":"0","isLinked":""},"padding_mobile":{"unit":"%","top":"0","right":"0","bottom":"20","left":"0","isLinked":""}},"elements":[{"id":"56ea1de6","elType":"column","settings":{"_column_size":"50","background_background":"classic","background_color":"#003AF1","padding":{"unit":"%","top":"20","right":"2","bottom":"16","left":"23","isLinked":""},"padding_tablet":{"unit":"%","top":"13","right":"12","bottom":"10","left":"15","isLinked":""},"space_between_widgets":"14","padding_mobile":{"unit":"%","top":"12","right":"10","bottom":"10","left":"10","isLinked":""}},"elements":[{"id":"3d8ef44","elType":"widget","settings":{"title":"The Salon","header_size":"h4","title_color":"#FFFFFF","typography_typography":"custom","typography_font_family":"Domine","typography_font_size":{"unit":"px","size":"14","sizes":[]},"typography_font_weight":"bold","typography_text_transform":"uppercase","typography_letter_spacing":{"unit":"px","size":"2.3","sizes":[]}},"elements":[],"widgetType":"heading"},{"id":"2cc96c42","elType":"widget","settings":{"icon_list":[{"text":"512-555-0194","selected_icon":{"value":"","library":""},"_id":"96f9f54","link":{"url":"","is_external":"","nofollow":"","custom_attributes":""}},{"text":"3958\u00a0 Sundown Lane, Austin TX 78736 ","selected_icon":{"value":"","library":""},"link":{"url":"","is_external":"","nofollow":"","custom_attributes":""},"_id":"6b1ea19"}],"space_between":{"unit":"px","size":"0","sizes":[]},"text_color":"#FFFFFF","icon_typography_typography":"custom","icon_typography_font_size":{"unit":"px","size":"12","sizes":[]},"icon_typography_text_transform":"uppercase","icon_typography_letter_spacing":{"unit":"px","size":"2","sizes":[]},"icon_typography_line_height":{"unit":"em","size":"2.5","sizes":[]},"icon_typography_line_height_tablet":{"unit":"em","size":"2.4","sizes":[]},"_padding_tablet":{"unit":"%","top":"0","right":"12","bottom":"0","left":"0","isLinked":""},"_padding_mobile":{"unit":"%","top":"","right":"","bottom":"","left":"","isLinked":"1"}},"elements":[],"widgetType":"icon-list"}],"isInner":"1"},{"id":"4b6a8a8b","elType":"column","settings":{"_column_size":"50","background_background":"classic","background_color":"#003AF1","padding":{"unit":"%","top":"20","right":"2","bottom":"16","left":"6","isLinked":""},"padding_tablet":{"unit":"%","top":"13","right":"12","bottom":"10","left":"12","isLinked":""},"space_between_widgets":"14","padding_mobile":{"unit":"%","top":"0","right":"10","bottom":"10","left":"10","isLinked":""}},"elements":[{"id":"2c9db2ec","elType":"widget","settings":{"title":"Opening Hours","header_size":"h4","title_color":"#FFFFFF","typography_typography":"custom","typography_font_family":"Domine","typography_font_size":{"unit":"px","size":"14","sizes":[]},"typography_font_weight":"bold","typography_text_transform":"uppercase","typography_letter_spacing":{"unit":"px","size":"2.3","sizes":[]}},"elements":[],"widgetType":"heading"},{"id":"90241fb","elType":"widget","settings":{"icon_list":[{"text":"Mon - Fri: 10am-8pm","selected_icon":{"value":"","library":""},"_id":"96f9f54","link":{"url":"","is_external":"","nofollow":"","custom_attributes":""}},{"text":"Saturday: 10am-5pm","selected_icon":{"value":"","library":""},"link":{"url":"","is_external":"","nofollow":"","custom_attributes":""},"_id":"6b1ea19"},{"text":"Sunday: Closed","selected_icon":{"value":"","library":""},"link":{"url":"","is_external":"","nofollow":"","custom_attributes":""},"_id":"b0c100a"}],"space_between":{"unit":"px","size":"0","sizes":[]},"text_color":"#FFFFFF","icon_typography_typography":"custom","icon_typography_font_size":{"unit":"px","size":"12","sizes":[]},"icon_typography_text_transform":"uppercase","icon_typography_letter_spacing":{"unit":"px","size":"2","sizes":[]},"icon_typography_line_height":{"unit":"em","size":"2.5","sizes":[]},"icon_typography_line_height_tablet":{"unit":"em","size":"2.4","sizes":[]},"_padding_tablet":{"unit":"%","top":"0","right":"12","bottom":"0","left":"0","isLinked":""},"_padding_mobile":{"unit":"%","top":"","right":"","bottom":"","left":"","isLinked":"1"}},"elements":[],"widgetType":"icon-list"}],"isInner":"1"}],"isInner":"1"},{"id":"52da0fec","elType":"section","settings":{"layout":"full_width","padding":{"unit":"%","top":"0","right":"18","bottom":"0","left":"7","isLinked":""},"padding_mobile":{"unit":"%","top":"0","right":"8","bottom":"0","left":"8","isLinked":""}},"elements":[{"id":"4d569299","elType":"column","settings":{"_column_size":"100","padding":{"unit":"%","top":"0","right":"0","bottom":"0","left":"0","isLinked":""}},"elements":[{"id":"48d25ee1","elType":"widget","settings":{"editor":"Lorem ipsum dolor sit amet, consectetur adipisicing elit, sed do eiusmod tempor incididunt ut labore.","text_color":"#414C4C","typography_typography":"custom","typography_font_size":{"unit":"px","size":"16","sizes":[]},"typography_line_height":{"unit":"px","size":"26","sizes":[]},"_padding":{"unit":"%","top":"0","right":"20","bottom":"4","left":"0","isLinked":""},"_padding_mobile":{"unit":"%","top":"0","right":"0","bottom":"4","left":"0","isLinked":""},"typography_font_family":"Work Sans","typography_font_size_mobile":{"unit":"px","size":"14","sizes":[]},"typography_line_height_mobile":{"unit":"px","size":"24","sizes":[]}},"elements":[],"widgetType":"text-editor"},{"id":"3612b281","elType":"widget","settings":{"form_name":"contact page Form","form_fields":[{"custom_id":"name","field_type":"text","field_label":"Your Name","placeholder":"","width":"50","_id":"b1f7f1c","required":"","field_options":"","allow_multiple":"","select_size":"","inline_list":"","field_html":"","width_tablet":"","width_mobile":"","rows":"4","recaptcha_size":"normal","recaptcha_style":"light","recaptcha_badge":"bottomright","css_classes":"","field_value":"","file_sizes":"","file_types":"","allow_multiple_upload":"","max_files":"","acceptance_text":"","checked_by_default":"","field_min":"","field_max":"","min_date":"","max_date":"","use_native_date":"","use_native_time":""},{"custom_id":"email","field_type":"email","required":"","field_label":"Your Email","placeholder":"","width":"50","_id":"84f0622","field_options":"","allow_multiple":"","select_size":"","inline_list":"","field_html":"","width_tablet":"","width_mobile":"","rows":"4","recaptcha_size":"normal","recaptcha_style":"light","recaptcha_badge":"bottomright","css_classes":"","field_value":"","file_sizes":"","file_types":"","allow_multiple_upload":"","max_files":"","acceptance_text":"","checked_by_default":"","field_min":"","field_max":"","min_date":"","max_date":"","use_native_date":"","use_native_time":""},{"custom_id":"message","field_type":"textarea","field_label":"Message","placeholder":"Message","width":"100","_id":"3dfb8e1","required":"","field_options":"","allow_multiple":"","select_size":"","inline_list":"","field_html":"","width_tablet":"","width_mobile":"","rows":"6","recaptcha_size":"normal","recaptcha_style":"light","recaptcha_badge":"bottomright","css_classes":"","field_value":"","file_sizes":"","file_types":"","allow_multiple_upload":"","max_files":"","acceptance_text":"","checked_by_default":"","field_min":"","field_max":"","min_date":"","max_date":"","use_native_date":"","use_native_time":""}],"input_size":"md","button_text":"Send Messege","button_align":"end","button_align_mobile":"stretch","email_content":"[all-fields]","email_content_2":"[all-fields]","success_message":"The form was sent successfully.","error_message":"An error occured.","required_field_message":"This field is required.","invalid_message":"There's something wrong. The form is invalid.","column_gap":{"unit":"px","size":"26","sizes":[]},"row_gap":{"unit":"px","size":"24","sizes":[]},"label_spacing":{"unit":"px","size":"12","sizes":[]},"success_message_color":"#003AF1","error_message_color":"#FF0000","inline_message_color":"#FFFFFF","label_color":"#000000","mark_required_color":"#000000","label_typography_typography":"custom","label_typography_font_family":"Work Sans","label_typography_font_size":{"unit":"px","size":"12","sizes":[]},"label_typography_font_weight":"normal","label_typography_text_transform":"capitalize","field_text_color":"#000000","field_typography_typography":"custom","field_typography_font_family":"Work Sans","field_typography_font_size":{"unit":"px","size":"14","sizes":[]},"field_typography_text_transform":"capitalize","field_background_color":"#FFFFFF","field_border_color":"#B0B6B6","field_border_width":{"unit":"px","top":"0","right":"0","bottom":"0","left":"0","isLinked":"1"},"field_border_radius":{"unit":"px","top":"0","right":"0","bottom":"0","left":"0","isLinked":"1"},"button_background_color":"#003AF1","button_typography_typography":"custom","button_typography_font_family":"Work Sans","button_typography_font_size":{"unit":"px","size":"14","sizes":[]},"button_typography_font_weight":"bold","button_typography_text_transform":"uppercase","button_typography_line_height":{"unit":"px","size":"28","sizes":[]},"button_typography_letter_spacing":{"unit":"px","size":"2.92","sizes":[]},"button_border_radius":{"unit":"px","top":"0","right":"0","bottom":"0","left":"0","isLinked":"1"},"button_background_hover_color":"#000000","animation_duration":"slow","button_text_color":"#FFFFFF"},"elements":[],"widgetType":"form"}],"isInner":"1"}],"isInner":"1"}],"isInner":""},{"id":"41884755","elType":"column","settings":{"_column_size":"50","background_background":"classic","background_position":"center center","background_size":"cover","padding":{"unit":"px","top":"0","right":"0","bottom":"0","left":"0","isLinked":""},"_inline_size_tablet":"100","content_position":"top","background_overlay_background":"classic","background_overlay_opacity":{"unit":"px","size":"0.1","sizes":[]},"padding_tablet":{"unit":"%","top":"0","right":"0","bottom":"0","left":"0","isLinked":""},"padding_mobile":{"unit":"%","top":"0","right":"0","bottom":"0","left":"0","isLinked":""},"space_between_widgets":"0","background_color":"#FFFFFF"},"elements":[{"id":"24da7f0e","elType":"widget","settings":{"address":"Austin","zoom":{"unit":"px","size":"13","sizes":[]},"height":{"unit":"px","size":"720","sizes":[]},"css_filters_css_filter":"custom","css_filters_saturate":{"unit":"px","size":"0","sizes":[]},"css_filters_contrast":{"unit":"px","size":"90","sizes":[]},"height_tablet":{"unit":"px","size":"600","sizes":[]},"height_mobile":{"unit":"px","size":"500","sizes":[]}},"elements":[],"widgetType":"google_maps"},{"id":"3325227d","elType":"widget","settings":{"title":"get in touch","header_size":"h1","align":"center","_offset_x":{"size":"0","unit":"%"},"_offset_y":{"unit":"%","size":"0","sizes":[]},"_padding":{"unit":"%","top":"11","right":"13","bottom":"11","left":"13","isLinked":""},"_element_custom_width":{"unit":"%","size":"80","sizes":[]},"_element_custom_width_tablet":{"unit":"%","size":"","sizes":[]},"_offset_x_tablet":{"unit":"vw","size":"","sizes":[]},"_offset_y_tablet":{"unit":"%","size":"","sizes":[]},"_offset_x_mobile":{"unit":"%","size":"","sizes":[]},"_offset_y_mobile":{"unit":"%","size":"45","sizes":[]},"_background_background":"classic","_padding_mobile":{"unit":"%","top":"8","right":"4","bottom":"8","left":"10","isLinked":""},"_padding_tablet":{"unit":"%","top":"6","right":"4","bottom":"6","left":"4","isLinked":""},"align_mobile":"left","_background_color":"#FFFFFF","_position":"absolute","_offset_orientation_v":"end","title_color":"#003AF1","typography_typography":"custom","typography_font_family":"Domine","typography_font_size":{"unit":"px","size":"50","sizes":[]},"typography_font_size_tablet":{"unit":"px","size":"42","sizes":[]},"typography_font_size_mobile":{"unit":"px","size":"26","sizes":[]},"typography_font_weight":"bold","typography_text_transform":"uppercase","typography_line_height":{"unit":"px","size":"64","sizes":[]},"typography_line_height_tablet":{"unit":"px","size":"54","sizes":[]},"typography_line_height_mobile":{"unit":"px","size":"38","sizes":[]},"typography_letter_spacing":{"unit":"px","size":"3.43","sizes":[]},"typography_letter_spacing_mobile":{"unit":"px","size":"2.5","sizes":[]},"_margin":{"unit":"px","top":"0","right":"0","bottom":"0","left":"0","isLinked":""},"_offset_y_end":{"size":"0","unit":"px"}},"elements":[],"widgetType":"heading"},{"id":"7c58f57a","elType":"widget","settings":{"selected_icon":{"value":{"id":"13484","url":"https:\/\/library.elementor.com\/wp-content\/uploads\/2020\/05\/hero-scrollicon.svg"},"library":"svg"},"view":"stacked","shape":"square","primary_color":"#003AF1","secondary_color":"#FFFFFF","size":{"unit":"px","size":"30","sizes":[]},"icon_padding":{"unit":"px","size":"20","sizes":[]},"_margin":{"unit":"px","top":"0","right":"0","bottom":"-6","left":"0","isLinked":""},"_element_vertical_align":"flex-end","_offset_x":{"unit":"%","size":"","sizes":[]},"_offset_orientation_v":"end","_offset_y_end":{"unit":"%","size":"0","sizes":[]},"_offset_y_end_tablet":{"unit":"vh","size":"","sizes":[]},"link":{"url":"#pictures","is_external":"","nofollow":"","custom_attributes":""},"_offset_x_tablet":{"unit":"%","size":"","sizes":[]},"_offset_x_mobile":{"unit":"%","size":"","sizes":[]},"size_mobile":{"unit":"px","size":"20","sizes":[]},"align":"left","align_tablet":"right","_position":"absolute","hide_tablet":"hidden-tablet","hide_mobile":"hidden-phone","hover_primary_color":"#000000","_animation":"fadeIn"},"elements":[],"widgetType":"icon"}],"isInner":""}],"isInner":""},{"id":"4953c4db","elType":"section","settings":{"layout":"full_width","custom_height":{"unit":"vh","size":"90","sizes":[]},"column_position":"stretch","structure":"20","_title":"pictures section","custom_height_tablet":{"unit":"vh","size":"100","sizes":[]},"custom_height_mobile":{"unit":"vh","size":"100","sizes":[]},"margin":{"unit":"%","top":"12","right":"0","bottom":"14","left":"0","isLinked":""},"margin_tablet":{"unit":"%","top":"20","right":"0","bottom":"20","left":"0","isLinked":"1"},"margin_mobile":{"unit":"%","top":"32","right":"0","bottom":"32","left":"0","isLinked":"1"},"_timestamp_":"v1WjRwWEVHZkY3VVJWVEwzdFhhT0JXdz09"},"elements":[{"id":"39d29381","elType":"column","settings":{"_column_size":"50","background_background":"classic","background_position":"center center","background_size":"cover","padding":{"unit":"px","top":"0","right":"0","bottom":"0","left":"0","isLinked":""},"_inline_size_tablet":"100","background_overlay_background":"classic","background_overlay_opacity":{"unit":"px","size":"1","sizes":[]},"background_overlay_position":"center center","background_overlay_repeat":"no-repeat","background_overlay_size":"cover","css_filters_css_filter":"custom","css_filters_contrast":{"unit":"px","size":"68","sizes":[]},"css_filters_saturate":{"unit":"px","size":"0","sizes":[]},"padding_tablet":{"unit":"%","top":"0","right":"0","bottom":"0","left":"0","isLinked":""},"padding_mobile":{"unit":"%","top":"","right":"","bottom":"","left":"","isLinked":"1"},"space_between_widgets":"0"},"elements":[{"id":"27693d72","elType":"widget","settings":{"image":{"id":13590,"url":"https:\/\/library.elementor.com\/wp-content\/uploads\/2020\/05\/contact-page-bnw-pic.jpg"},"width":{"unit":"%","size":"100","sizes":[]},"css_filters_contrast":{"unit":"px","size":"68","sizes":[]},"css_filters_saturate":{"unit":"px","size":"0","sizes":[]},"align_tablet":"right","width_tablet":{"unit":"%","size":"80","sizes":[]},"css_filters_css_filter":"custom","_element_id":"pictures"},"elements":[],"widgetType":"image"}],"isInner":""},{"id":"6db4f026","elType":"column","settings":{"_column_size":"50","content_position":"center","space_between_widgets":"0","padding":{"unit":"%","top":"0","right":"0","bottom":"0","left":"30","isLinked":""},"_inline_size_tablet":"100","content_position_tablet":"top","padding_tablet":{"unit":"%","top":"0","right":"0","bottom":"0","left":"0","isLinked":"1"},"background_background":"classic","background_image":{"url":"https:\/\/library.elementor.com\/wp-content\/uploads\/2020\/05\/contact-page-blu-Rectangle.jpg","id":13644},"background_position":"initial","background_xpos":{"unit":"vw","size":"13","sizes":[]},"background_ypos":{"unit":"vh","size":"32","sizes":[]},"background_repeat":"no-repeat","background_size":"initial","background_bg_width":{"unit":"%","size":"70","sizes":[]},"background_motion_fx_motion_fx_scrolling":"yes","background_motion_fx_translateY_direction":"negative","background_motion_fx_translateY_speed":{"unit":"px","size":"0.8","sizes":[]},"background_motion_fx_translateX_effect":"yes","background_motion_fx_translateX_speed":{"unit":"px","size":"0.6","sizes":[]},"background_position_tablet":"top left","background_motion_fx_devices":["desktop"]},"elements":[{"id":"70bd321e","elType":"widget","settings":{"carousel":[{"id":13591,"url":"https:\/\/library.elementor.com\/wp-content\/uploads\/2020\/05\/contactPgae-carousel1.jpg"},{"id":13592,"url":"https:\/\/library.elementor.com\/wp-content\/uploads\/2020\/05\/contactPgae-carousel2.jpg"},{"id":13593,"url":"https:\/\/library.elementor.com\/wp-content\/uploads\/2020\/05\/contactPgae-carousel3.jpg"},{"id":13594,"url":"https:\/\/library.elementor.com\/wp-content\/uploads\/2020\/05\/contactPgae-carousel4.jpg"},{"id":13595,"url":"https:\/\/library.elementor.com\/wp-content\/uploads\/2020\/05\/contactPgae-carousel5.jpg"},{"id":13596,"url":"https:\/\/library.elementor.com\/wp-content\/uploads\/2020\/05\/contactPgae-carousel6.jpg"},{"id":13597,"url":"https:\/\/library.elementor.com\/wp-content\/uploads\/2020\/05\/contactPgae-carousel7.jpg"}],"thumbnail_size":"large","slides_to_show":"1","image_stretch":"yes","navigation":"none","pause_on_hover":"no","autoplay_speed":"4000","effect":"fade","_margin":{"unit":"px","top":"0","right":"0","bottom":"-15","left":"0","isLinked":""}},"elements":[],"widgetType":"image-carousel"},{"id":"5d0dbf01","elType":"widget","settings":{"image":{"id":13598,"url":"https:\/\/library.elementor.com\/wp-content\/uploads\/2020\/05\/contact-page-right-pic.jpg"},"css_filters_contrast":{"unit":"px","size":"50","sizes":[]},"css_filters_saturate":{"unit":"px","size":"0","sizes":[]},"_element_width":"initial","_element_custom_width":{"unit":"%","size":"100","sizes":[]},"width":{"unit":"%","size":"88","sizes":[]},"width_tablet":{"unit":"%","size":"80","sizes":[]},"_margin_tablet":{"unit":"px","top":"0","right":"0","bottom":"0","left":"0","isLinked":"1"},"align":"right","align_tablet":"left"},"elements":[],"widgetType":"image"}],"isInner":""}],"isInner":""}],"page_settings":{"background_background":"classic","background_color":"#B0B6B6"}}