{"content":[{"id":"32bd806d","elType":"section","settings":{"height":"min-height","custom_height":{"unit":"vh","size":"80","sizes":[]},"content_position":"middle","structure":"20","background_position":"center right","background_repeat":"no-repeat","custom_height_tablet":{"unit":"vh","size":"","sizes":[]},"custom_height_mobile":{"unit":"vh","size":"80","sizes":[]},"column_position":"stretch","padding_tablet":{"unit":"%","top":"4","right":"5","bottom":"0","left":"5","isLinked":""},"padding_mobile":{"unit":"%","top":"0","right":"5","bottom":"0","left":"5","isLinked":""},"margin":{"unit":"%","top":"2","right":"0","bottom":"0","left":"0","isLinked":""},"margin_tablet":{"unit":"%","top":"","right":"0","bottom":"","left":"0","isLinked":"1"},"_title":"Hero","background_size_mobile":"initial","background_bg_width_mobile":{"unit":"%","size":"50","sizes":[]},"content_width":{"unit":"px","size":"1600","sizes":[]},"_timestamp_":"v1WjRwWEVHZkY3VVJWVEwzdFhhT0JXdz09"},"elements":[{"id":"55feecb2","elType":"column","settings":{"_column_size":"50","_inline_size_tablet":"100","space_between_widgets_tablet":"15","margin":{"unit":"%","top":"0","right":"15","bottom":"0","left":"0","isLinked":""},"margin_mobile":{"unit":"%","top":"0","right":"0","bottom":"3","left":"0","isLinked":""}},"elements":[{"id":"8ba7745","elType":"widget","settings":{"title":"Chef\u2019s menu","header_size":"h1","title_color":"#FEF8EE","typography_typography":"custom","typography_font_family":"Nanum Gothic","typography_font_size":{"unit":"px","size":"54","sizes":[]},"typography_font_size_tablet":{"unit":"px","size":"32","sizes":[]},"typography_font_size_mobile":{"unit":"px","size":"28","sizes":[]},"typography_font_weight":"300","typography_text_transform":"uppercase","typography_line_height":{"unit":"px","size":"64","sizes":[]},"typography_line_height_tablet":{"unit":"px","size":"44","sizes":[]},"typography_line_height_mobile":{"unit":"px","size":"36","sizes":[]},"typography_letter_spacing":{"unit":"px","size":"0.75","sizes":[]}},"elements":[],"widgetType":"heading"},{"id":"7a0f99dd","elType":"widget","settings":{"view":"inline","icon_list":[{"text":"","selected_icon":{"value":{"id":"13924","url":"https:\/\/library.elementor.com\/wp-content\/uploads\/2020\/06\/h2shape_4.svg"},"library":"svg"},"link":{"url":"","is_external":"","nofollow":"","custom_attributes":""},"_id":"b91cee1"},{"text":"","selected_icon":{"value":{"id":"13930","url":"https:\/\/library.elementor.com\/wp-content\/uploads\/2020\/06\/h2shape_10.svg"},"library":"svg"},"link":{"url":"","is_external":"","nofollow":"","custom_attributes":""},"_id":"f0e095c"},{"text":"","selected_icon":{"value":{"id":"13931","url":"https:\/\/library.elementor.com\/wp-content\/uploads\/2020\/06\/h2shape_11.svg"},"library":"svg"},"link":{"url":"","is_external":"","nofollow":"","custom_attributes":""},"_id":"528fbb5"},{"text":"","selected_icon":{"value":{"id":"13921","url":"https:\/\/library.elementor.com\/wp-content\/uploads\/2020\/06\/h2shape_1.svg"},"library":"svg"},"link":{"url":"","is_external":"","nofollow":"","custom_attributes":""},"_id":"7ac53fa"},{"text":"","selected_icon":{"value":{"id":"13920","url":"https:\/\/library.elementor.com\/wp-content\/uploads\/2020\/06\/h2shape_2.svg"},"library":"svg"},"link":{"url":"","is_external":"","nofollow":"","custom_attributes":""},"_id":"e13b96e"},{"text":"","selected_icon":{"value":{"id":"13930","url":"https:\/\/library.elementor.com\/wp-content\/uploads\/2020\/06\/h2shape_10.svg"},"library":"svg"},"link":{"url":"","is_external":"","nofollow":"","custom_attributes":""},"_id":"696b74a"}],"space_between":{"unit":"px","size":"0","sizes":[]},"icon_color":"#FEF8EE","icon_size":{"unit":"px","size":"37","sizes":[]},"icon_self_align":"left","text_indent":{"unit":"px","size":"0","sizes":[]},"space_between_tablet":{"unit":"px","size":"6","sizes":[]},"space_between_mobile":{"unit":"px","size":"6","sizes":[]},"icon_size_tablet":{"unit":"px","size":"16","sizes":[]},"icon_size_mobile":{"unit":"px","size":"14","sizes":[]},"icon_typography_line_height":{"unit":"em","size":"0.5","sizes":[]},"icon_typography_line_height_tablet":{"unit":"em","size":"0.1","sizes":[]},"icon_typography_line_height_mobile":{"unit":"em","size":"0.1","sizes":[]}},"elements":[],"widgetType":"icon-list"}],"isInner":""},{"id":"20aff0a4","elType":"column","settings":{"_column_size":"50","background_background":"classic","background_image":{"id":"13997","url":"https:\/\/library.elementor.com\/wp-content\/uploads\/2020\/06\/KitchenMenu-Hero-BG.jpg"},"background_position":"center center","background_repeat":"no-repeat","background_size":"cover","background_size_mobile":"cover","_inline_size_tablet":"100"},"elements":[{"id":"5599ad34","elType":"widget","settings":{"space_mobile":{"unit":"vh","size":"30","sizes":[]},"space_tablet":{"unit":"vh","size":"30","sizes":[]}},"elements":[],"widgetType":"spacer"},{"id":"115d0c03","elType":"widget","settings":{"image":{"id":"13996","url":"https:\/\/library.elementor.com\/wp-content\/uploads\/2020\/06\/KitchenMenuPage-Hero-Shape.png"},"_element_width":"auto","_element_custom_width":{"unit":"%","size":"39","sizes":[]},"_position":"absolute","_offset_orientation_h":"end","_offset_x_end":{"unit":"px","size":"-50","sizes":[]},"image_size":"full","align":"right","width_tablet":{"unit":"%","size":"70","sizes":[]},"width_mobile":{"unit":"%","size":"40","sizes":[]},"_offset_x_end_tablet":{"unit":"px","size":"-30","sizes":[]},"_offset_x_end_mobile":{"unit":"px","size":"-15","sizes":[]},"_offset_y":{"unit":"%","size":"0","sizes":[]},"_offset_y_tablet":{"unit":"px","size":"100","sizes":[]},"_offset_y_mobile":{"unit":"%","size":"","sizes":[]}},"elements":[],"widgetType":"image"}],"isInner":""}],"isInner":""},{"id":"5b53afca","elType":"section","settings":{"custom_height":{"unit":"px","size":"","sizes":[]},"background_background":"classic","background_color":"#0B0B0B","background_color_stop":{"unit":"%","size":"99","sizes":[]},"background_color_b":"rgba(255, 255, 255, 0.2)","background_color_b_stop":{"unit":"%","size":"99","sizes":[]},"background_motion_fx_opacity_effect":"yes","background_motion_fx_opacity_range":{"unit":"%","size":"","sizes":{"start":"75","end":"80"}},"margin":{"unit":"%","top":"3","right":"0","bottom":"0","left":"0","isLinked":""},"padding":{"unit":"%","top":"","right":"","bottom":"","left":"","isLinked":"1"},"_title":"Mobile Kitchen Menu","height":"min-height","custom_height_mobile":{"unit":"px","size":"80","sizes":[]},"content_position":"middle","margin_mobile":{"unit":"px","top":"","right":"0","bottom":"","left":"0","isLinked":"1"},"sticky":"top","z_index":"90","content_width":{"unit":"px","size":"1600","sizes":[]},"_timestamp_":"v1WjRwWEVHZkY3VVJWVEwzdFhhT0JXdz09"},"elements":[{"id":"5add8668","elType":"column","settings":{"_column_size":"100","space_between_widgets_mobile":"0","margin":{"unit":"px","top":"79","right":"0","bottom":"0","left":"0","isLinked":""}},"elements":[{"id":"60dc8fbc","elType":"widget","settings":{"align_items":"center","menu_typography_typography":"custom","menu_typography_font_size":{"unit":"px","size":"16","sizes":[]},"menu_typography_text_transform":"uppercase","menu_typography_letter_spacing":{"unit":"px","size":"-0.03","sizes":[]},"pointer_color_menu_item_hover":"#CB3522","color_menu_item_active":"#CB3522","pointer_color_menu_item_active":"#CB3522","pointer_width":{"unit":"px","size":"1","sizes":[]},"dropdown":"mobile","full_width":"stretch","toggle_align":"left","menu_typography_font_size_tablet":{"unit":"px","size":"12","sizes":[]},"background_color_dropdown_item":"#CB3522","color_dropdown_item_hover":"#0B0B0B","background_color_dropdown_item_hover":"rgba(218, 218, 218, 0)","dropdown_top_distance_mobile":{"unit":"px","size":"24","sizes":[]},"toggle_color":"#FFFFFF","toggle_color_hover":"#FFFFFF","_element_width_mobile":"initial","_element_custom_width_mobile":{"unit":"%","size":"12","sizes":[]},"pointer":"none","menu_typography_font_family":"Nanum Gothic","color_menu_item":"#FFFFFF","color_menu_item_hover":"#CB3522","color_dropdown_item":"#FFFFFF"},"elements":[],"widgetType":"nav-menu"},{"id":"79298107","elType":"widget","settings":{"width_mobile":{"unit":"%","size":"100","sizes":[]},"align_mobile":"left","look":"line_text","text":"Kitchen Menu","color":"#CB3522","gap_mobile":{"unit":"px","size":"5","sizes":[]},"text_color":"#DADADA","typography_typography":"custom","text_align":"left","_element_width_mobile":"initial","_element_custom_width_mobile":{"unit":"%","size":"86","sizes":[]},"hide_desktop":"hidden-desktop","hide_tablet":"hidden-tablet"},"elements":[],"widgetType":"divider"}],"isInner":""}],"isInner":""},{"id":"1d87d007","elType":"section","settings":{"height":"min-height","custom_height":{"unit":"vh","size":"100","sizes":[]},"content_position":"middle","structure":"20","background_position":"center right","background_repeat":"no-repeat","custom_height_tablet":{"unit":"vh","size":"","sizes":[]},"custom_height_mobile":{"unit":"vh","size":"80","sizes":[]},"column_position":"stretch","padding_tablet":{"unit":"%","top":"4","right":"5","bottom":"0","left":"5","isLinked":""},"padding_mobile":{"unit":"%","top":"0","right":"5","bottom":"0","left":"5","isLinked":""},"margin":{"unit":"%","top":"2","right":"0","bottom":"0","left":"0","isLinked":""},"margin_tablet":{"unit":"%","top":"","right":"0","bottom":"","left":"0","isLinked":"1"},"_title":"Appetizers &amp; Salads","background_size_mobile":"initial","background_bg_width_mobile":{"unit":"%","size":"50","sizes":[]},"_element_id":"appetizers_salads","content_width":{"unit":"px","size":"1600","sizes":[]},"_timestamp_":"v1WjRwWEVHZkY3VVJWVEwzdFhhT0JXdz09"},"elements":[{"id":"2a04cfba","elType":"column","settings":{"_column_size":"50","background_background":"classic","background_image":{"id":"13998","url":"https:\/\/library.elementor.com\/wp-content\/uploads\/2020\/06\/Appetizers_and_Salads.jpg"},"background_position":"center center","background_repeat":"no-repeat","background_size":"cover","background_size_mobile":"cover","_inline_size_tablet":"100"},"elements":[{"id":"ff06855","elType":"widget","settings":{"space_mobile":{"unit":"vh","size":"30","sizes":[]},"space_tablet":{"unit":"vh","size":"30","sizes":[]}},"elements":[],"widgetType":"spacer"}],"isInner":""},{"id":"41247cb5","elType":"column","settings":{"_column_size":"50","_inline_size_tablet":"100","space_between_widgets_tablet":"15","margin":{"unit":"%","top":"0","right":"0","bottom":"0","left":"15","isLinked":""},"margin_mobile":{"unit":"%","top":"3","right":"0","bottom":"0","left":"0","isLinked":""},"margin_tablet":{"unit":"%","top":"5","right":"0","bottom":"0","left":"0","isLinked":""}},"elements":[{"id":"3f93a280","elType":"section","settings":{"animation":"fadeIn","animation_duration":"slow"},"elements":[{"id":"1de0b718","elType":"column","settings":{"_column_size":"100","padding":{"unit":"px","top":"0","right":"0","bottom":"0","left":"0","isLinked":"1"}},"elements":[{"id":"4fe51c95","elType":"widget","settings":{"title":"APPETIZERS","header_size":"h4","_margin":{"unit":"%","top":"0","right":"0","bottom":"-1","left":"0","isLinked":""},"title_color":"#FFFFFF","typography_typography":"custom","typography_font_family":"Nanum Gothic","typography_font_size":{"unit":"px","size":"16","sizes":[]},"typography_font_size_tablet":{"unit":"px","size":"14","sizes":[]},"typography_font_weight":"300","typography_text_transform":"uppercase","typography_line_height":{"unit":"px","size":"19","sizes":[]},"typography_letter_spacing":{"unit":"px","size":"0.87","sizes":[]}},"elements":[],"widgetType":"heading"},{"id":"709d0559","elType":"widget","settings":{"align":"left","text":"Divider","color":"#CB3522","gap_tablet":{"unit":"px","size":"5","sizes":[]},"gap":{"unit":"px","size":"0","sizes":[]}},"elements":[],"widgetType":"divider"},{"id":"529371ae","elType":"widget","settings":{"price_list":[{"title":"First item on the list","item_description":"Lorem ipsum dolor sit amet, te putent habemus vis, per ei mundi feugiat ","price":"$16","link":{"url":"","is_external":"","nofollow":"","custom_attributes":""},"_id":"0e425d8","image":{"url":"","id":""}},{"title":"Second item on the list","item_description":"Lorem ipsum dolor sit amet, te putent habemus vis, per ei mundi feugiat ","price":"$16","link":{"url":"","is_external":"","nofollow":"","custom_attributes":""},"_id":"70c101a","image":{"url":"","id":""}},{"title":"Third item on the list","item_description":"Lorem ipsum dolor sit amet, te putent habemus vis, per ei mundi feugiat ","price":"$16","link":{"url":"","is_external":"","nofollow":"","custom_attributes":""},"_id":"0fd386e","image":{"url":"","id":""}},{"title":"Fourth item on the list","item_description":"Lorem ipsum dolor sit amet, te putent habemus vis, per ei mundi feugiat ","price":"$16","link":{"url":"","is_external":"","nofollow":"","custom_attributes":""},"image":{"url":"","id":""},"_id":"5483921"}],"heading_typography_typography":"custom","heading_typography_font_size":{"unit":"px","size":"12","sizes":[]},"heading_typography_font_weight":"300","heading_typography_line_height":{"unit":"px","size":"22","sizes":[]},"heading_typography_letter_spacing":{"unit":"px","size":"0.65","sizes":[]},"description_typography_typography":"custom","description_typography_font_size":{"unit":"px","size":"12","sizes":[]},"separator_style":"none","_margin":{"unit":"%","top":"4","right":"0","bottom":"0","left":"0","isLinked":""},"heading_color":"#DADADA","description_color":"#DADADA"},"elements":[],"widgetType":"price-list"}],"isInner":"1"}],"isInner":"1"},{"id":"7b4b9704","elType":"section","settings":{"margin":{"unit":"%","top":"10","right":"0","bottom":"0","left":"0","isLinked":""},"animation":"fadeIn","animation_duration":"slow"},"elements":[{"id":"679a05b","elType":"column","settings":{"_column_size":"100","padding":{"unit":"px","top":"0","right":"0","bottom":"0","left":"0","isLinked":"1"}},"elements":[{"id":"626b9062","elType":"widget","settings":{"title":"Salads","header_size":"h4","_margin":{"unit":"%","top":"0","right":"0","bottom":"-1","left":"0","isLinked":""},"title_color":"#FFFFFF","typography_typography":"custom","typography_font_family":"Nanum Gothic","typography_font_size":{"unit":"px","size":"16","sizes":[]},"typography_font_size_tablet":{"unit":"px","size":"14","sizes":[]},"typography_font_weight":"300","typography_text_transform":"uppercase","typography_line_height":{"unit":"px","size":"19","sizes":[]},"typography_letter_spacing":{"unit":"px","size":"0.87","sizes":[]}},"elements":[],"widgetType":"heading"},{"id":"7e7804d9","elType":"widget","settings":{"align":"left","text":"Divider","color":"#CB3522","gap_tablet":{"unit":"px","size":"5","sizes":[]},"gap":{"unit":"px","size":"0","sizes":[]}},"elements":[],"widgetType":"divider"},{"id":"53771e7b","elType":"widget","settings":{"price_list":[{"title":"First item on the list","item_description":"Lorem ipsum dolor sit amet, te putent habemus vis, per ei mundi feugiat ","price":"$16","link":{"url":"","is_external":"","nofollow":"","custom_attributes":""},"_id":"0e425d8","image":{"url":"","id":""}},{"title":"Second item on the list","item_description":"Lorem ipsum dolor sit amet, te putent habemus vis, per ei mundi feugiat ","price":"$16","link":{"url":"","is_external":"","nofollow":"","custom_attributes":""},"_id":"70c101a","image":{"url":"","id":""}},{"title":"Third item on the list","item_description":"Lorem ipsum dolor sit amet, te putent habemus vis, per ei mundi feugiat ","price":"$16","link":{"url":"","is_external":"","nofollow":"","custom_attributes":""},"_id":"0fd386e","image":{"url":"","id":""}},{"title":"Fourth item on the list","item_description":"Lorem ipsum dolor sit amet, te putent habemus vis, per ei mundi feugiat ","price":"$16","link":{"url":"","is_external":"","nofollow":"","custom_attributes":""},"image":{"url":"","id":""},"_id":"5483921"}],"heading_typography_typography":"custom","heading_typography_font_size":{"unit":"px","size":"12","sizes":[]},"heading_typography_font_weight":"300","heading_typography_line_height":{"unit":"px","size":"22","sizes":[]},"heading_typography_letter_spacing":{"unit":"px","size":"0.65","sizes":[]},"description_typography_typography":"custom","description_typography_font_size":{"unit":"px","size":"12","sizes":[]},"separator_style":"none","_margin":{"unit":"%","top":"4","right":"0","bottom":"0","left":"0","isLinked":""},"heading_color":"#DADADA","description_color":"#DADADA"},"elements":[],"widgetType":"price-list"}],"isInner":"1"}],"isInner":"1"}],"isInner":""}],"isInner":""},{"id":"2ae1f4d","elType":"section","settings":{"height":"min-height","custom_height":{"unit":"vh","size":"100","sizes":[]},"content_position":"middle","structure":"20","background_position":"bottom right","background_repeat":"no-repeat","custom_height_tablet":{"unit":"vh","size":"","sizes":[]},"custom_height_mobile":{"unit":"vh","size":"80","sizes":[]},"column_position":"stretch","padding_tablet":{"unit":"%","top":"8","right":"5","bottom":"0","left":"5","isLinked":""},"padding_mobile":{"unit":"%","top":"20","right":"5","bottom":"0","left":"5","isLinked":""},"margin":{"unit":"%","top":"8","right":"0","bottom":"0","left":"0","isLinked":""},"margin_tablet":{"unit":"%","top":"","right":"0","bottom":"","left":"0","isLinked":"1"},"_title":"Sashimi &amp; Nigiri","background_size_mobile":"initial","background_bg_width_mobile":{"unit":"%","size":"50","sizes":[]},"_element_id":"sashimi_nigiri","reverse_order_tablet":"reverse-tablet","reverse_order_mobile":"reverse-mobile","background_background":"classic","background_image":{"id":"13926","url":"https:\/\/library.elementor.com\/wp-content\/uploads\/2020\/06\/AboutPage-Hero-Shape.png"},"background_position_tablet":"top right","content_width":{"unit":"px","size":"1600","sizes":[]},"_timestamp_":"v1WjRwWEVHZkY3VVJWVEwzdFhhT0JXdz09"},"elements":[{"id":"21d18f91","elType":"column","settings":{"_column_size":"50","_inline_size_tablet":"100","space_between_widgets_tablet":"15","margin":{"unit":"%","top":"0","right":"15","bottom":"0","left":"0","isLinked":""},"margin_mobile":{"unit":"%","top":"3","right":"0","bottom":"0","left":"0","isLinked":""},"margin_tablet":{"unit":"%","top":"5","right":"0","bottom":"0","left":"0","isLinked":""}},"elements":[{"id":"1664e9b0","elType":"section","settings":{"animation":"fadeIn","animation_duration":"slow"},"elements":[{"id":"3dc8ec2e","elType":"column","settings":{"_column_size":"100","padding":{"unit":"px","top":"0","right":"0","bottom":"0","left":"0","isLinked":"1"}},"elements":[{"id":"2c1bedb6","elType":"widget","settings":{"title":"SASHIMI","header_size":"h4","_margin":{"unit":"%","top":"0","right":"0","bottom":"-1","left":"0","isLinked":""},"title_color":"#FFFFFF","typography_typography":"custom","typography_font_family":"Nanum Gothic","typography_font_size":{"unit":"px","size":"16","sizes":[]},"typography_font_size_tablet":{"unit":"px","size":"14","sizes":[]},"typography_font_weight":"300","typography_text_transform":"uppercase","typography_line_height":{"unit":"px","size":"19","sizes":[]},"typography_letter_spacing":{"unit":"px","size":"0.87","sizes":[]}},"elements":[],"widgetType":"heading"},{"id":"1b2e1907","elType":"widget","settings":{"align":"left","text":"Divider","color":"#CB3522","gap_tablet":{"unit":"px","size":"5","sizes":[]},"gap":{"unit":"px","size":"0","sizes":[]}},"elements":[],"widgetType":"divider"},{"id":"2cf94474","elType":"widget","settings":{"price_list":[{"title":"First item on the list","item_description":"Lorem ipsum dolor sit amet, te putent habemus vis, per ei mundi feugiat ","price":"$16","link":{"url":"","is_external":"","nofollow":"","custom_attributes":""},"_id":"0e425d8","image":{"url":"","id":""}},{"title":"Second item on the list","item_description":"Lorem ipsum dolor sit amet, te putent habemus vis, per ei mundi feugiat ","price":"$16","link":{"url":"","is_external":"","nofollow":"","custom_attributes":""},"_id":"70c101a","image":{"url":"","id":""}},{"title":"Third item on the list","item_description":"Lorem ipsum dolor sit amet, te putent habemus vis, per ei mundi feugiat ","price":"$16","link":{"url":"","is_external":"","nofollow":"","custom_attributes":""},"_id":"0fd386e","image":{"url":"","id":""}},{"title":"Fourth item on the list","item_description":"Lorem ipsum dolor sit amet, te putent habemus vis, per ei mundi feugiat ","price":"$16","link":{"url":"","is_external":"","nofollow":"","custom_attributes":""},"image":{"url":"","id":""},"_id":"5483921"}],"heading_typography_typography":"custom","heading_typography_font_size":{"unit":"px","size":"12","sizes":[]},"heading_typography_font_weight":"300","heading_typography_line_height":{"unit":"px","size":"22","sizes":[]},"heading_typography_letter_spacing":{"unit":"px","size":"0.65","sizes":[]},"description_typography_typography":"custom","description_typography_font_size":{"unit":"px","size":"12","sizes":[]},"separator_style":"none","_margin":{"unit":"%","top":"4","right":"0","bottom":"0","left":"0","isLinked":""},"heading_color":"#DADADA","description_color":"#DADADA"},"elements":[],"widgetType":"price-list"}],"isInner":"1"}],"isInner":"1"},{"id":"1c1d10a8","elType":"section","settings":{"margin":{"unit":"%","top":"10","right":"0","bottom":"0","left":"0","isLinked":""},"animation":"fadeIn","animation_duration":"slow"},"elements":[{"id":"5b3c0074","elType":"column","settings":{"_column_size":"100","padding":{"unit":"px","top":"0","right":"0","bottom":"0","left":"0","isLinked":"1"}},"elements":[{"id":"53d13c2","elType":"widget","settings":{"title":"NIGIRI","header_size":"h4","_margin":{"unit":"%","top":"0","right":"0","bottom":"-1","left":"0","isLinked":""},"title_color":"#FFFFFF","typography_typography":"custom","typography_font_family":"Nanum Gothic","typography_font_size":{"unit":"px","size":"16","sizes":[]},"typography_font_size_tablet":{"unit":"px","size":"14","sizes":[]},"typography_font_weight":"300","typography_text_transform":"uppercase","typography_line_height":{"unit":"px","size":"19","sizes":[]},"typography_letter_spacing":{"unit":"px","size":"0.87","sizes":[]}},"elements":[],"widgetType":"heading"},{"id":"46836373","elType":"widget","settings":{"align":"left","text":"Divider","color":"#CB3522","gap_tablet":{"unit":"px","size":"5","sizes":[]},"gap":{"unit":"px","size":"0","sizes":[]}},"elements":[],"widgetType":"divider"},{"id":"1074838e","elType":"widget","settings":{"price_list":[{"title":"First item on the list","item_description":"Lorem ipsum dolor sit amet, te putent habemus vis, per ei mundi feugiat ","price":"$16","link":{"url":"","is_external":"","nofollow":"","custom_attributes":""},"_id":"0e425d8","image":{"url":"","id":""}},{"title":"Second item on the list","item_description":"Lorem ipsum dolor sit amet, te putent habemus vis, per ei mundi feugiat ","price":"$16","link":{"url":"","is_external":"","nofollow":"","custom_attributes":""},"_id":"70c101a","image":{"url":"","id":""}},{"title":"Third item on the list","item_description":"Lorem ipsum dolor sit amet, te putent habemus vis, per ei mundi feugiat ","price":"$16","link":{"url":"","is_external":"","nofollow":"","custom_attributes":""},"_id":"0fd386e","image":{"url":"","id":""}},{"title":"Fourth item on the list","item_description":"Lorem ipsum dolor sit amet, te putent habemus vis, per ei mundi feugiat ","price":"$16","link":{"url":"","is_external":"","nofollow":"","custom_attributes":""},"image":{"url":"","id":""},"_id":"5483921"}],"heading_typography_typography":"custom","heading_typography_font_size":{"unit":"px","size":"12","sizes":[]},"heading_typography_font_weight":"300","heading_typography_line_height":{"unit":"px","size":"22","sizes":[]},"heading_typography_letter_spacing":{"unit":"px","size":"0.65","sizes":[]},"description_typography_typography":"custom","description_typography_font_size":{"unit":"px","size":"12","sizes":[]},"separator_style":"none","_margin":{"unit":"%","top":"4","right":"0","bottom":"0","left":"0","isLinked":""},"heading_color":"#DADADA","description_color":"#DADADA"},"elements":[],"widgetType":"price-list"}],"isInner":"1"}],"isInner":"1"}],"isInner":""},{"id":"4eda9115","elType":"column","settings":{"_column_size":"50","background_background":"classic","background_image":{"id":"13999","url":"https:\/\/library.elementor.com\/wp-content\/uploads\/2020\/06\/Sashimi_and_Nigiri.jpg"},"background_position":"center center","background_repeat":"no-repeat","background_size":"cover","background_size_mobile":"cover","_inline_size_tablet":"100"},"elements":[{"id":"7bebf118","elType":"widget","settings":{"space_mobile":{"unit":"vh","size":"30","sizes":[]},"space_tablet":{"unit":"vh","size":"30","sizes":[]}},"elements":[],"widgetType":"spacer"}],"isInner":""}],"isInner":""},{"id":"2de6ebad","elType":"section","settings":{"height":"min-height","custom_height":{"unit":"vh","size":"80","sizes":[]},"content_position":"middle","structure":"20","background_position":"center left","background_repeat":"no-repeat","custom_height_tablet":{"unit":"vh","size":"0","sizes":[]},"custom_height_mobile":{"unit":"vh","size":"30","sizes":[]},"column_position":"stretch","padding_tablet":{"unit":"%","top":"8","right":"5","bottom":"0","left":"5","isLinked":""},"padding_mobile":{"unit":"%","top":"","right":"","bottom":"","left":"","isLinked":"1"},"margin":{"unit":"%","top":"8","right":"0","bottom":"0","left":"0","isLinked":""},"margin_tablet":{"unit":"%","top":"","right":"0","bottom":"","left":"0","isLinked":"1"},"_title":"Images Section","margin_mobile":{"unit":"%","top":"20","right":"0","bottom":"0","left":"0","isLinked":""},"content_width":{"unit":"px","size":"1600","sizes":[]},"_timestamp_":"v1WjRwWEVHZkY3VVJWVEwzdFhhT0JXdz09"},"elements":[{"id":"5e01cf17","elType":"column","settings":{"_column_size":"50","background_background":"classic","background_image":{"id":"14001","url":"https:\/\/library.elementor.com\/wp-content\/uploads\/2020\/06\/Sushi_Rolls_1.jpg"},"background_position":"center center","background_repeat":"no-repeat","background_size":"cover","background_size_mobile":"cover","_inline_size_tablet":"50","background_ypos_tablet":{"unit":"px","size":"-142","sizes":[]},"background_hover_position":"top center","background_hover_repeat":"no-repeat","background_hover_size":"cover","background_hover_transition":{"unit":"px","size":"0.5","sizes":[]},"margin":{"unit":"%","top":"0","right":"2","bottom":"0","left":"0","isLinked":""},"margin_tablet":{"unit":"%","top":"0","right":"2","bottom":"0","left":"0","isLinked":""},"margin_mobile":{"unit":"%","top":"0","right":"2","bottom":"0","left":"0","isLinked":""},"_inline_size_mobile":"50"},"elements":[{"id":"75157220","elType":"widget","settings":{"space_mobile":{"unit":"vh","size":"30","sizes":[]},"space_tablet":{"unit":"vh","size":"30","sizes":[]}},"elements":[],"widgetType":"spacer"},{"id":"29b8177d","elType":"widget","settings":{"image":{"id":"14000","url":"https:\/\/library.elementor.com\/wp-content\/uploads\/2020\/06\/KitchenMenuPage-Shape_1.png"},"image_size":"full","align":"left","_margin":{"unit":"%","top":"","right":"","bottom":"","left":"","isLinked":"1"},"_element_width":"initial","_position":"absolute","_offset_y_end":{"unit":"vh","size":"25","sizes":[]},"_offset_y_end_tablet":{"unit":"vh","size":"0","sizes":[]},"_offset_y_end_mobile":{"unit":"vh","size":"-52","sizes":[]},"_element_width_tablet":"initial","_element_custom_width":{"unit":"%","size":"50","sizes":[]},"_element_custom_width_tablet":{"unit":"%","size":"30","sizes":[]},"_offset_x":{"unit":"px","size":"-50","sizes":[]},"_offset_x_tablet":{"unit":"px","size":"-45","sizes":[]},"_offset_y_tablet":{"unit":"px","size":"0","sizes":[]}},"elements":[],"widgetType":"image"}],"isInner":""},{"id":"53bce737","elType":"column","settings":{"_column_size":"50","background_background":"classic","background_image":{"id":"14002","url":"https:\/\/library.elementor.com\/wp-content\/uploads\/2020\/06\/Sushi_Rolls_2.jpg"},"background_position":"center center","background_repeat":"no-repeat","background_size":"cover","background_size_mobile":"cover","_inline_size_tablet":"50","background_position_tablet":"initial","background_xpos_tablet":{"unit":"%","size":"54","sizes":[]},"background_ypos_tablet":{"unit":"%","size":"20","sizes":[]},"background_hover_position":"top center","background_hover_repeat":"no-repeat","background_hover_size":"cover","background_hover_transition":{"unit":"px","size":"0.5","sizes":[]},"margin":{"unit":"%","top":"0","right":"0","bottom":"0","left":"2","isLinked":""},"margin_tablet":{"unit":"%","top":"0","right":"0","bottom":"0","left":"2","isLinked":""},"margin_mobile":{"unit":"%","top":"0","right":"0","bottom":"0","left":"2","isLinked":""},"_inline_size_mobile":"50"},"elements":[{"id":"505da75","elType":"widget","settings":{"space_mobile":{"unit":"vh","size":"30","sizes":[]},"space_tablet":{"unit":"vh","size":"30","sizes":[]}},"elements":[],"widgetType":"spacer"}],"isInner":""}],"isInner":""},{"id":"65003687","elType":"section","settings":{"height":"min-height","custom_height":{"unit":"vh","size":"50","sizes":[]},"content_position":"middle","structure":"20","background_position":"center right","background_repeat":"no-repeat","custom_height_tablet":{"unit":"vh","size":"","sizes":[]},"custom_height_mobile":{"unit":"vh","size":"80","sizes":[]},"column_position":"stretch","padding_tablet":{"unit":"%","top":"2","right":"5","bottom":"0","left":"5","isLinked":""},"padding_mobile":{"unit":"%","top":"0","right":"5","bottom":"0","left":"5","isLinked":""},"margin":{"unit":"%","top":"5","right":"0","bottom":"0","left":"0","isLinked":""},"margin_tablet":{"unit":"%","top":"","right":"0","bottom":"","left":"0","isLinked":"1"},"_title":"Sushi Rolls","background_size_mobile":"initial","background_bg_width_mobile":{"unit":"%","size":"50","sizes":[]},"_element_id":"sushi_rolls","content_width":{"unit":"px","size":"1600","sizes":[]},"_timestamp_":"v1WjRwWEVHZkY3VVJWVEwzdFhhT0JXdz09"},"elements":[{"id":"4a3fa79f","elType":"column","settings":{"_column_size":"50","_inline_size_tablet":"100","space_between_widgets_tablet":"15","margin":{"unit":"%","top":"0","right":"15","bottom":"0","left":"0","isLinked":""},"margin_mobile":{"unit":"%","top":"3","right":"0","bottom":"3","left":"0","isLinked":""},"margin_tablet":{"unit":"%","top":"","right":"","bottom":"","left":"","isLinked":""}},"elements":[{"id":"8bbe947","elType":"section","settings":{"animation":"fadeIn","animation_duration":"slow"},"elements":[{"id":"3536824f","elType":"column","settings":{"_column_size":"100","padding":{"unit":"px","top":"0","right":"0","bottom":"0","left":"0","isLinked":"1"}},"elements":[{"id":"75a2dfcf","elType":"widget","settings":{"title":"SPECIALTY ROLLS","header_size":"h4","_margin":{"unit":"%","top":"0","right":"0","bottom":"-1","left":"0","isLinked":""},"title_color":"#FFFFFF","typography_typography":"custom","typography_font_family":"Nanum Gothic","typography_font_size":{"unit":"px","size":"16","sizes":[]},"typography_font_size_tablet":{"unit":"px","size":"14","sizes":[]},"typography_font_weight":"300","typography_text_transform":"uppercase","typography_line_height":{"unit":"px","size":"19","sizes":[]},"typography_letter_spacing":{"unit":"px","size":"0.87","sizes":[]}},"elements":[],"widgetType":"heading"},{"id":"265058e5","elType":"widget","settings":{"align":"left","text":"Divider","color":"#CB3522","gap_tablet":{"unit":"px","size":"5","sizes":[]},"gap":{"unit":"px","size":"0","sizes":[]}},"elements":[],"widgetType":"divider"},{"id":"4bc7a2c5","elType":"widget","settings":{"price_list":[{"title":"First item on the list","item_description":"Lorem ipsum dolor sit amet, te putent habemus vis, per ei mundi feugiat ","price":"$16","link":{"url":"","is_external":"","nofollow":"","custom_attributes":""},"_id":"0e425d8","image":{"url":"","id":""}},{"title":"Second item on the list","item_description":"Lorem ipsum dolor sit amet, te putent habemus vis, per ei mundi feugiat ","price":"$16","link":{"url":"","is_external":"","nofollow":"","custom_attributes":""},"_id":"70c101a","image":{"url":"","id":""}},{"title":"Third item on the list","item_description":"Lorem ipsum dolor sit amet, te putent habemus vis, per ei mundi feugiat ","price":"$16","link":{"url":"","is_external":"","nofollow":"","custom_attributes":""},"_id":"0fd386e","image":{"url":"","id":""}},{"title":"Fourth item on the list","item_description":"Lorem ipsum dolor sit amet, te putent habemus vis, per ei mundi feugiat ","price":"$16","link":{"url":"","is_external":"","nofollow":"","custom_attributes":""},"image":{"url":"","id":""},"_id":"5483921"}],"heading_typography_typography":"custom","heading_typography_font_size":{"unit":"px","size":"12","sizes":[]},"heading_typography_font_weight":"300","heading_typography_line_height":{"unit":"px","size":"22","sizes":[]},"heading_typography_letter_spacing":{"unit":"px","size":"0.65","sizes":[]},"description_typography_typography":"custom","description_typography_font_size":{"unit":"px","size":"12","sizes":[]},"separator_style":"none","_margin":{"unit":"%","top":"4","right":"0","bottom":"0","left":"0","isLinked":""},"heading_color":"#DADADA","description_color":"#DADADA"},"elements":[],"widgetType":"price-list"}],"isInner":"1"}],"isInner":"1"}],"isInner":""},{"id":"71a72c59","elType":"column","settings":{"_column_size":"50","_inline_size_tablet":"100","space_between_widgets_tablet":"15","margin":{"unit":"%","top":"0","right":"0","bottom":"0","left":"15","isLinked":""},"margin_mobile":{"unit":"%","top":"0","right":"0","bottom":"3","left":"0","isLinked":""},"margin_tablet":{"unit":"%","top":"5","right":"0","bottom":"0","left":"0","isLinked":""}},"elements":[{"id":"2cbd59aa","elType":"section","settings":{"animation":"fadeIn","animation_duration":"slow"},"elements":[{"id":"49d21d80","elType":"column","settings":{"_column_size":"100","padding":{"unit":"px","top":"0","right":"0","bottom":"0","left":"0","isLinked":"1"}},"elements":[{"id":"8ada0ca","elType":"widget","settings":{"title":"MAKI ROLLS","header_size":"h4","_margin":{"unit":"%","top":"0","right":"0","bottom":"-1","left":"0","isLinked":""},"title_color":"#FFFFFF","typography_typography":"custom","typography_font_family":"Nanum Gothic","typography_font_size":{"unit":"px","size":"16","sizes":[]},"typography_font_size_tablet":{"unit":"px","size":"14","sizes":[]},"typography_font_weight":"300","typography_text_transform":"uppercase","typography_line_height":{"unit":"px","size":"19","sizes":[]},"typography_letter_spacing":{"unit":"px","size":"0.87","sizes":[]}},"elements":[],"widgetType":"heading"},{"id":"f3589a3","elType":"widget","settings":{"align":"left","text":"Divider","color":"#CB3522","gap_tablet":{"unit":"px","size":"5","sizes":[]},"gap":{"unit":"px","size":"0","sizes":[]}},"elements":[],"widgetType":"divider"},{"id":"458b3ea3","elType":"widget","settings":{"price_list":[{"title":"First item on the list","item_description":"Lorem ipsum dolor sit amet, te putent habemus vis, per ei mundi feugiat ","price":"$16","link":{"url":"","is_external":"","nofollow":"","custom_attributes":""},"_id":"0e425d8","image":{"url":"","id":""}},{"title":"Second item on the list","item_description":"Lorem ipsum dolor sit amet, te putent habemus vis, per ei mundi feugiat ","price":"$16","link":{"url":"","is_external":"","nofollow":"","custom_attributes":""},"_id":"70c101a","image":{"url":"","id":""}},{"title":"Third item on the list","item_description":"Lorem ipsum dolor sit amet, te putent habemus vis, per ei mundi feugiat ","price":"$16","link":{"url":"","is_external":"","nofollow":"","custom_attributes":""},"_id":"0fd386e","image":{"url":"","id":""}},{"title":"Fourth item on the list","item_description":"Lorem ipsum dolor sit amet, te putent habemus vis, per ei mundi feugiat ","price":"$16","link":{"url":"","is_external":"","nofollow":"","custom_attributes":""},"image":{"url":"","id":""},"_id":"5483921"}],"heading_typography_typography":"custom","heading_typography_font_size":{"unit":"px","size":"12","sizes":[]},"heading_typography_font_weight":"300","heading_typography_line_height":{"unit":"px","size":"22","sizes":[]},"heading_typography_letter_spacing":{"unit":"px","size":"0.65","sizes":[]},"description_typography_typography":"custom","description_typography_font_size":{"unit":"px","size":"12","sizes":[]},"separator_style":"none","_margin":{"unit":"%","top":"4","right":"0","bottom":"0","left":"0","isLinked":""},"heading_color":"#DADADA","description_color":"#DADADA"},"elements":[],"widgetType":"price-list"}],"isInner":"1"}],"isInner":"1"}],"isInner":""}],"isInner":""},{"id":"e5b21bc","elType":"section","settings":{"height":"min-height","custom_height":{"unit":"vh","size":"100","sizes":[]},"content_position":"middle","structure":"20","background_position":"center right","background_repeat":"no-repeat","custom_height_tablet":{"unit":"vh","size":"","sizes":[]},"custom_height_mobile":{"unit":"vh","size":"80","sizes":[]},"column_position":"stretch","padding_tablet":{"unit":"%","top":"8","right":"5","bottom":"0","left":"5","isLinked":""},"padding_mobile":{"unit":"%","top":"20","right":"5","bottom":"0","left":"5","isLinked":""},"margin":{"unit":"%","top":"8","right":"0","bottom":"0","left":"0","isLinked":""},"margin_tablet":{"unit":"%","top":"","right":"0","bottom":"","left":"0","isLinked":"1"},"_title":"Noodles + Donburi","background_size_mobile":"initial","background_bg_width_mobile":{"unit":"%","size":"50","sizes":[]},"reverse_order_tablet":"reverse-tablet","reverse_order_mobile":"reverse-mobile","content_width":{"unit":"px","size":"1600","sizes":[]},"_timestamp_":"v1WjRwWEVHZkY3VVJWVEwzdFhhT0JXdz09"},"elements":[{"id":"60eb1db8","elType":"column","settings":{"_column_size":"50","_inline_size_tablet":"100","space_between_widgets_tablet":"15","margin":{"unit":"%","top":"0","right":"15","bottom":"0","left":"0","isLinked":""},"margin_mobile":{"unit":"%","top":"3","right":"0","bottom":"0","left":"0","isLinked":""},"margin_tablet":{"unit":"%","top":"5","right":"0","bottom":"0","left":"0","isLinked":""}},"elements":[{"id":"75f37bfb","elType":"section","settings":{"_element_id":"noodles","animation":"fadeIn","animation_duration":"slow"},"elements":[{"id":"5ef3b1e0","elType":"column","settings":{"_column_size":"100","padding":{"unit":"px","top":"0","right":"0","bottom":"0","left":"0","isLinked":"1"}},"elements":[{"id":"59b69e1e","elType":"widget","settings":{"title":"NOODLES","header_size":"h4","_margin":{"unit":"%","top":"0","right":"0","bottom":"-1","left":"0","isLinked":""},"title_color":"#FFFFFF","typography_typography":"custom","typography_font_family":"Nanum Gothic","typography_font_size":{"unit":"px","size":"16","sizes":[]},"typography_font_size_tablet":{"unit":"px","size":"14","sizes":[]},"typography_font_weight":"300","typography_text_transform":"uppercase","typography_line_height":{"unit":"px","size":"19","sizes":[]},"typography_letter_spacing":{"unit":"px","size":"0.87","sizes":[]}},"elements":[],"widgetType":"heading"},{"id":"2f701887","elType":"widget","settings":{"align":"left","text":"Divider","color":"#CB3522","gap_tablet":{"unit":"px","size":"5","sizes":[]},"gap":{"unit":"px","size":"0","sizes":[]}},"elements":[],"widgetType":"divider"},{"id":"7b652037","elType":"widget","settings":{"price_list":[{"title":"First item on the list","item_description":"Lorem ipsum dolor sit amet, te putent habemus vis, per ei mundi feugiat ","price":"$16","link":{"url":"","is_external":"","nofollow":"","custom_attributes":""},"_id":"0e425d8","image":{"url":"","id":""}},{"title":"Second item on the list","item_description":"Lorem ipsum dolor sit amet, te putent habemus vis, per ei mundi feugiat ","price":"$16","link":{"url":"","is_external":"","nofollow":"","custom_attributes":""},"_id":"70c101a","image":{"url":"","id":""}},{"title":"Third item on the list","item_description":"Lorem ipsum dolor sit amet, te putent habemus vis, per ei mundi feugiat ","price":"$16","link":{"url":"","is_external":"","nofollow":"","custom_attributes":""},"_id":"0fd386e","image":{"url":"","id":""}},{"title":"Fourth item on the list","item_description":"Lorem ipsum dolor sit amet, te putent habemus vis, per ei mundi feugiat ","price":"$16","link":{"url":"","is_external":"","nofollow":"","custom_attributes":""},"image":{"url":"","id":""},"_id":"5483921"}],"heading_typography_typography":"custom","heading_typography_font_size":{"unit":"px","size":"12","sizes":[]},"heading_typography_font_weight":"300","heading_typography_line_height":{"unit":"px","size":"22","sizes":[]},"heading_typography_letter_spacing":{"unit":"px","size":"0.65","sizes":[]},"description_typography_typography":"custom","description_typography_font_size":{"unit":"px","size":"12","sizes":[]},"separator_style":"none","_margin":{"unit":"%","top":"4","right":"0","bottom":"0","left":"0","isLinked":""},"heading_color":"#DADADA","description_color":"#DADADA"},"elements":[],"widgetType":"price-list"}],"isInner":"1"}],"isInner":"1"},{"id":"361ba36d","elType":"section","settings":{"margin":{"unit":"%","top":"10","right":"0","bottom":"0","left":"0","isLinked":""},"_element_id":"donburi","animation":"fadeIn","animation_duration":"slow"},"elements":[{"id":"2dab3357","elType":"column","settings":{"_column_size":"100","padding":{"unit":"px","top":"0","right":"0","bottom":"0","left":"0","isLinked":"1"}},"elements":[{"id":"bd9a3c5","elType":"widget","settings":{"title":"Donburi","header_size":"h4","_margin":{"unit":"%","top":"0","right":"0","bottom":"-1","left":"0","isLinked":""},"title_color":"#FFFFFF","typography_typography":"custom","typography_font_family":"Nanum Gothic","typography_font_size":{"unit":"px","size":"16","sizes":[]},"typography_font_size_tablet":{"unit":"px","size":"14","sizes":[]},"typography_font_weight":"300","typography_text_transform":"uppercase","typography_line_height":{"unit":"px","size":"19","sizes":[]},"typography_letter_spacing":{"unit":"px","size":"0.87","sizes":[]}},"elements":[],"widgetType":"heading"},{"id":"3a2fb255","elType":"widget","settings":{"align":"left","text":"Divider","color":"#CB3522","gap_tablet":{"unit":"px","size":"5","sizes":[]},"gap":{"unit":"px","size":"0","sizes":[]}},"elements":[],"widgetType":"divider"},{"id":"12108ca3","elType":"widget","settings":{"price_list":[{"title":"First item on the list","item_description":"Lorem ipsum dolor sit amet, te putent habemus vis, per ei mundi feugiat ","price":"$16","link":{"url":"","is_external":"","nofollow":"","custom_attributes":""},"_id":"0e425d8","image":{"url":"","id":""}},{"title":"Second item on the list","item_description":"Lorem ipsum dolor sit amet, te putent habemus vis, per ei mundi feugiat ","price":"$16","link":{"url":"","is_external":"","nofollow":"","custom_attributes":""},"_id":"70c101a","image":{"url":"","id":""}},{"title":"Third item on the list","item_description":"Lorem ipsum dolor sit amet, te putent habemus vis, per ei mundi feugiat ","price":"$16","link":{"url":"","is_external":"","nofollow":"","custom_attributes":""},"_id":"0fd386e","image":{"url":"","id":""}},{"title":"Fourth item on the list","item_description":"Lorem ipsum dolor sit amet, te putent habemus vis, per ei mundi feugiat ","price":"$16","link":{"url":"","is_external":"","nofollow":"","custom_attributes":""},"image":{"url":"","id":""},"_id":"5483921"}],"heading_typography_typography":"custom","heading_typography_font_size":{"unit":"px","size":"12","sizes":[]},"heading_typography_font_weight":"300","heading_typography_line_height":{"unit":"px","size":"22","sizes":[]},"heading_typography_letter_spacing":{"unit":"px","size":"0.65","sizes":[]},"description_typography_typography":"custom","description_typography_font_size":{"unit":"px","size":"12","sizes":[]},"separator_style":"none","_margin":{"unit":"%","top":"4","right":"0","bottom":"0","left":"0","isLinked":""},"heading_color":"#DADADA","description_color":"#DADADA"},"elements":[],"widgetType":"price-list"}],"isInner":"1"}],"isInner":"1"}],"isInner":""},{"id":"aa33535","elType":"column","settings":{"_column_size":"50","background_background":"classic","background_image":{"id":"14004","url":"https:\/\/library.elementor.com\/wp-content\/uploads\/2020\/06\/Noodles.jpg"},"background_position":"center center","background_repeat":"no-repeat","background_size":"cover","background_size_mobile":"cover","_inline_size_tablet":"100"},"elements":[{"id":"305952a4","elType":"widget","settings":{"space_mobile":{"unit":"vh","size":"30","sizes":[]},"space_tablet":{"unit":"vh","size":"30","sizes":[]}},"elements":[],"widgetType":"spacer"},{"id":"2b31158d","elType":"widget","settings":{"image":{"id":"14003","url":"https:\/\/library.elementor.com\/wp-content\/uploads\/2020\/06\/EventsPage-TestimonialsSection-Shape.png"},"_element_width":"auto","_element_custom_width":{"unit":"%","size":"39","sizes":[]},"_position":"absolute","_offset_orientation_h":"end","_offset_x_end":{"unit":"px","size":"-50","sizes":[]},"image_size":"full","align":"right","width_tablet":{"unit":"%","size":"70","sizes":[]},"width_mobile":{"unit":"%","size":"40","sizes":[]},"_offset_x_end_tablet":{"unit":"px","size":"-30","sizes":[]},"_offset_x_end_mobile":{"unit":"px","size":"-15","sizes":[]},"_offset_y":{"unit":"%","size":"70","sizes":[]},"_offset_y_tablet":{"unit":"px","size":"100","sizes":[]},"_offset_y_mobile":{"unit":"%","size":"","sizes":[]}},"elements":[],"widgetType":"image"}],"isInner":""}],"isInner":""},{"id":"524957cd","elType":"section","settings":{"height":"min-height","custom_height":{"unit":"vh","size":"100","sizes":[]},"content_position":"middle","structure":"20","background_position":"center right","background_repeat":"no-repeat","custom_height_tablet":{"unit":"vh","size":"","sizes":[]},"custom_height_mobile":{"unit":"vh","size":"80","sizes":[]},"column_position":"stretch","padding_tablet":{"unit":"%","top":"8","right":"5","bottom":"0","left":"5","isLinked":""},"padding_mobile":{"unit":"%","top":"20","right":"5","bottom":"0","left":"5","isLinked":""},"margin":{"unit":"%","top":"8","right":"0","bottom":"0","left":"0","isLinked":""},"margin_tablet":{"unit":"%","top":"","right":"0","bottom":"","left":"0","isLinked":"1"},"_title":"Desserts","background_size_mobile":"initial","background_bg_width_mobile":{"unit":"%","size":"50","sizes":[]},"_element_id":"desserts","content_width":{"unit":"px","size":"1600","sizes":[]},"_timestamp_":"v1WjRwWEVHZkY3VVJWVEwzdFhhT0JXdz09"},"elements":[{"id":"5e601c6c","elType":"column","settings":{"_column_size":"50","background_background":"classic","background_image":{"id":"14005","url":"https:\/\/library.elementor.com\/wp-content\/uploads\/2020\/06\/Desserts.jpg"},"background_position":"center center","background_repeat":"no-repeat","background_size":"cover","background_size_mobile":"cover","_inline_size_tablet":"100"},"elements":[{"id":"3036f003","elType":"widget","settings":{"space_mobile":{"unit":"vh","size":"30","sizes":[]},"space_tablet":{"unit":"vh","size":"30","sizes":[]}},"elements":[],"widgetType":"spacer"}],"isInner":""},{"id":"d6c5e98","elType":"column","settings":{"_column_size":"50","_inline_size_tablet":"100","space_between_widgets_tablet":"15","margin":{"unit":"%","top":"0","right":"0","bottom":"0","left":"15","isLinked":""},"margin_mobile":{"unit":"%","top":"3","right":"0","bottom":"0","left":"0","isLinked":""},"margin_tablet":{"unit":"px","top":"0","right":"0","bottom":"0","left":"0","isLinked":""}},"elements":[{"id":"5b105221","elType":"section","settings":{"animation":"fadeIn","animation_duration":"slow"},"elements":[{"id":"809b02e","elType":"column","settings":{"_column_size":"100","padding":{"unit":"px","top":"0","right":"0","bottom":"0","left":"0","isLinked":"1"}},"elements":[{"id":"3c420d69","elType":"widget","settings":{"title":"Desserts","header_size":"h4","_margin":{"unit":"%","top":"0","right":"0","bottom":"-1","left":"0","isLinked":""},"title_color":"#FFFFFF","typography_typography":"custom","typography_font_family":"Nanum Gothic","typography_font_size":{"unit":"px","size":"16","sizes":[]},"typography_font_size_tablet":{"unit":"px","size":"14","sizes":[]},"typography_font_weight":"300","typography_text_transform":"uppercase","typography_line_height":{"unit":"px","size":"19","sizes":[]},"typography_letter_spacing":{"unit":"px","size":"0.87","sizes":[]}},"elements":[],"widgetType":"heading"},{"id":"25d9cfd2","elType":"widget","settings":{"align":"left","text":"Divider","color":"#CB3522","gap_tablet":{"unit":"px","size":"5","sizes":[]},"gap":{"unit":"px","size":"0","sizes":[]}},"elements":[],"widgetType":"divider"},{"id":"4b07551","elType":"widget","settings":{"price_list":[{"title":"First item on the list","item_description":"Lorem ipsum dolor sit amet, te putent habemus vis, per ei mundi feugiat ","price":"$16","link":{"url":"","is_external":"","nofollow":"","custom_attributes":""},"_id":"0e425d8","image":{"url":"","id":""}},{"title":"Second item on the list","item_description":"Lorem ipsum dolor sit amet, te putent habemus vis, per ei mundi feugiat ","price":"$16","link":{"url":"","is_external":"","nofollow":"","custom_attributes":""},"_id":"70c101a","image":{"url":"","id":""}},{"title":"Third item on the list","item_description":"Lorem ipsum dolor sit amet, te putent habemus vis, per ei mundi feugiat ","price":"$16","link":{"url":"","is_external":"","nofollow":"","custom_attributes":""},"_id":"0fd386e","image":{"url":"","id":""}},{"title":"Fourth item on the list","item_description":"Lorem ipsum dolor sit amet, te putent habemus vis, per ei mundi feugiat ","price":"$16","link":{"url":"","is_external":"","nofollow":"","custom_attributes":""},"image":{"url":"","id":""},"_id":"5483921"}],"heading_typography_typography":"custom","heading_typography_font_size":{"unit":"px","size":"12","sizes":[]},"heading_typography_font_weight":"300","heading_typography_line_height":{"unit":"px","size":"22","sizes":[]},"heading_typography_letter_spacing":{"unit":"px","size":"0.65","sizes":[]},"description_typography_typography":"custom","description_typography_font_size":{"unit":"px","size":"12","sizes":[]},"separator_style":"none","_margin":{"unit":"%","top":"4","right":"0","bottom":"0","left":"0","isLinked":""},"heading_color":"#DADADA","description_color":"#DADADA"},"elements":[],"widgetType":"price-list"}],"isInner":"1"}],"isInner":"1"}],"isInner":""}],"isInner":""},{"id":"2315e004","elType":"section","settings":{"height":"min-height","custom_height":{"unit":"vh","size":"80","sizes":[]},"content_position":"middle","structure":"20","background_position":"top left","background_repeat":"no-repeat","custom_height_tablet":{"unit":"vh","size":"","sizes":[]},"custom_height_mobile":{"unit":"vh","size":"80","sizes":[]},"column_position":"stretch","padding_tablet":{"unit":"%","top":"4","right":"5","bottom":"0","left":"5","isLinked":""},"padding_mobile":{"unit":"%","top":"20","right":"5","bottom":"0","left":"5","isLinked":""},"margin":{"unit":"%","top":"","right":"0","bottom":"","left":"0","isLinked":"1"},"margin_tablet":{"unit":"%","top":"","right":"0","bottom":"","left":"0","isLinked":"1"},"_title":"Free Delivery","background_bg_width_mobile":{"unit":"%","size":"20","sizes":[]},"background_background":"classic","background_image":{"id":"14006","url":"https:\/\/library.elementor.com\/wp-content\/uploads\/2020\/06\/KitchenMenuPage-DeliverySection-Shape.png"},"background_xpos":{"unit":"%","size":"0","sizes":[]},"background_ypos":{"unit":"%","size":"-95","sizes":[]},"background_size":"auto","background_size_tablet":"initial","background_bg_width_tablet":{"unit":"%","size":"20","sizes":[]},"background_motion_fx_motion_fx_scrolling":"yes","background_motion_fx_translateY_effect":"yes","background_motion_fx_devices":["desktop","tablet"],"padding":{"unit":"%","top":"8","right":"0","bottom":"0","left":"0","isLinked":""},"content_width":{"unit":"px","size":"1600","sizes":[]},"_timestamp_":"v1WjRwWEVHZkY3VVJWVEwzdFhhT0JXdz09"},"elements":[{"id":"495f41e5","elType":"column","settings":{"_column_size":"50","_inline_size_tablet":"100","space_between_widgets_tablet":"15","padding":{"unit":"%","top":"0","right":"10","bottom":"0","left":"18","isLinked":""},"padding_tablet":{"unit":"%","top":"0","right":"0","bottom":"3","left":"0","isLinked":""}},"elements":[{"id":"63bdf2eb","elType":"widget","settings":{"title":"Free Delivery","align_tablet":"center","title_color":"#FEF8EE","typography_typography":"custom","typography_font_family":"Nanum Gothic","typography_font_size":{"unit":"px","size":"42","sizes":[]},"typography_font_size_tablet":{"unit":"px","size":"22","sizes":[]},"typography_font_size_mobile":{"unit":"px","size":"18","sizes":[]},"typography_font_weight":"300","typography_text_transform":"uppercase","typography_line_height":{"unit":"px","size":"64","sizes":[]},"typography_line_height_tablet":{"unit":"px","size":"22","sizes":[]},"typography_line_height_mobile":{"unit":"px","size":"18","sizes":[]},"typography_letter_spacing":{"unit":"px","size":"0.58","sizes":[]}},"elements":[],"widgetType":"heading"},{"id":"1ca1e83b","elType":"widget","settings":{"view":"inline","icon_list":[{"text":"","selected_icon":{"value":{"id":"13921","url":"https:\/\/library.elementor.com\/wp-content\/uploads\/2020\/06\/h2shape_1.svg"},"library":"svg"},"link":{"url":"","is_external":"","nofollow":"","custom_attributes":""},"_id":"696b74a"},{"text":"","selected_icon":{"value":{"id":"13920","url":"https:\/\/library.elementor.com\/wp-content\/uploads\/2020\/06\/h2shape_2.svg"},"library":"svg"},"link":{"url":"","is_external":"","nofollow":"","custom_attributes":""},"_id":"7ac53fa"},{"text":"","selected_icon":{"value":{"id":"13923","url":"https:\/\/library.elementor.com\/wp-content\/uploads\/2020\/06\/h2shape_5.svg"},"library":"svg"},"link":{"url":"","is_external":"","nofollow":"","custom_attributes":""},"_id":"30bd558"},{"text":"","selected_icon":{"value":{"id":"13971","url":"https:\/\/library.elementor.com\/wp-content\/uploads\/2020\/06\/h2shape_7.svg"},"library":"svg"},"link":{"url":"","is_external":"","nofollow":"","custom_attributes":""},"_id":"528fbb5"}],"space_between":{"unit":"px","size":"0","sizes":[]},"icon_color":"#FEF8EE","icon_size":{"unit":"px","size":"37","sizes":[]},"icon_self_align":"left","text_indent":{"unit":"px","size":"0","sizes":[]},"space_between_tablet":{"unit":"px","size":"6","sizes":[]},"space_between_mobile":{"unit":"px","size":"6","sizes":[]},"icon_size_tablet":{"unit":"px","size":"16","sizes":[]},"icon_size_mobile":{"unit":"px","size":"14","sizes":[]},"icon_align_tablet":"center","icon_typography_line_height":{"unit":"em","size":"0.5","sizes":[]},"icon_typography_line_height_tablet":{"unit":"em","size":"0.1","sizes":[]},"icon_typography_line_height_mobile":{"unit":"em","size":"0.1","sizes":[]}},"elements":[],"widgetType":"icon-list"},{"id":"17d49670","elType":"widget","settings":{"width":{"unit":"px","size":"42.5","sizes":[]},"text":"Divider","color":"#CB3522","align_tablet":"center","align_mobile":"center","gap_tablet":{"unit":"px","size":"5","sizes":[]}},"elements":[],"widgetType":"divider"},{"id":"2d90106b","elType":"widget","settings":{"editor":"<p>Order minimum $25 | Within a 0.5 mile radius<br \/>For deliveries please call +1 212-203-7540<\/p>","align_tablet":"center","text_color":"#DADADA","typography_typography":"custom","typography_font_family":"Poppins","typography_font_size":{"unit":"px","size":"14","sizes":[]},"typography_font_size_mobile":{"unit":"px","size":"12","sizes":[]},"typography_font_weight":"300","typography_line_height":{"unit":"px","size":"22","sizes":[]},"typography_letter_spacing":{"unit":"px","size":"0.76","sizes":[]},"column_gap":{"unit":"%","size":"","sizes":[]},"_margin":{"unit":"%","top":"","right":"","bottom":"","left":"","isLinked":"1"},"_margin_tablet":{"unit":"px","top":"0","right":"0","bottom":"0","left":"0","isLinked":"1"}},"elements":[],"widgetType":"text-editor"}],"isInner":""},{"id":"129046f2","elType":"column","settings":{"_column_size":"50","background_background":"classic","background_image":{"id":"13976","url":"https:\/\/library.elementor.com\/wp-content\/uploads\/2020\/06\/FreeDelivery.jpg"},"background_position":"center center","background_repeat":"no-repeat","background_size":"cover","background_size_mobile":"cover","_inline_size_tablet":"100"},"elements":[{"id":"97bc2c9","elType":"widget","settings":{"space_mobile":{"unit":"vh","size":"30","sizes":[]},"space_tablet":{"unit":"vh","size":"30","sizes":[]}},"elements":[],"widgetType":"spacer"}],"isInner":""}],"isInner":""}],"page_settings":{"background_background":"classic","background_color":"#0B0B0B"}}