{"content":[{"id":"1b33c4d6","elType":"section","settings":{"height":"min-height","custom_height":{"unit":"vh","size":"80","sizes":[]},"content_position":"middle","structure":"21","background_position":"center right","background_repeat":"no-repeat","custom_height_tablet":{"unit":"vh","size":"80","sizes":[]},"custom_height_mobile":{"unit":"vh","size":"80","sizes":[]},"column_position":"stretch","padding_tablet":{"unit":"%","top":"4","right":"5","bottom":"0","left":"5","isLinked":""},"padding_mobile":{"unit":"%","top":"0","right":"5","bottom":"0","left":"5","isLinked":""},"margin":{"unit":"%","top":"2","right":"0","bottom":"0","left":"0","isLinked":""},"margin_tablet":{"unit":"%","top":"","right":"0","bottom":"","left":"0","isLinked":"1"},"_title":"Hero","background_position_tablet":"bottom right","background_size_tablet":"initial","background_bg_width_tablet":{"unit":"%","size":"67","sizes":[]},"background_bg_width_mobile":{"unit":"%","size":"67","sizes":[]},"content_width":{"unit":"px","size":"1600","sizes":[]},"_timestamp_":"v1WjRwWEVHZkY3VVJWVEwzdFhhT0JXdz09"},"elements":[{"id":"4ab7e4f0","elType":"column","settings":{"_column_size":"33","_inline_size_tablet":"100","space_between_widgets_tablet":"15","margin":{"unit":"%","top":"0","right":"5","bottom":"0","left":"0","isLinked":""},"margin_mobile":{"unit":"%","top":"0","right":"0","bottom":"3","left":"0","isLinked":""},"_inline_size":"40"},"elements":[{"id":"2edf610d","elType":"widget","settings":{"title":"page not found","header_size":"h1","title_color":"#FEF8EE","typography_typography":"custom","typography_font_family":"Nanum Gothic","typography_font_size":{"unit":"px","size":"54","sizes":[]},"typography_font_size_tablet":{"unit":"px","size":"32","sizes":[]},"typography_font_size_mobile":{"unit":"px","size":"28","sizes":[]},"typography_font_weight":"300","typography_text_transform":"uppercase","typography_line_height":{"unit":"px","size":"64","sizes":[]},"typography_line_height_tablet":{"unit":"px","size":"44","sizes":[]},"typography_line_height_mobile":{"unit":"px","size":"36","sizes":[]},"typography_letter_spacing":{"unit":"px","size":"0.75","sizes":[]}},"elements":[],"widgetType":"heading"},{"id":"d9a0be5","elType":"widget","settings":{"view":"inline","icon_list":[{"text":"","selected_icon":{"value":{"id":"13920","url":"https:\/\/library.elementor.com\/wp-content\/uploads\/2020\/06\/h2shape_2.svg"},"library":"svg"},"link":{"url":"","is_external":"","nofollow":"","custom_attributes":""},"_id":"7ac53fa"},{"text":"","selected_icon":{"value":{"id":"13923","url":"https:\/\/library.elementor.com\/wp-content\/uploads\/2020\/06\/h2shape_5.svg"},"library":"svg"},"link":{"url":"","is_external":"","nofollow":"","custom_attributes":""},"_id":"30bd558"},{"text":"","selected_icon":{"value":{"id":"13963","url":"https:\/\/library.elementor.com\/wp-content\/uploads\/2020\/06\/h2shape_6.svg"},"library":"svg"},"link":{"url":"","is_external":"","nofollow":"","custom_attributes":""},"_id":"528fbb5"},{"text":"","selected_icon":{"value":{"id":"13921","url":"https:\/\/library.elementor.com\/wp-content\/uploads\/2020\/06\/h2shape_1.svg"},"library":"svg"},"link":{"url":"","is_external":"","nofollow":"","custom_attributes":""},"_id":"696b74a"},{"text":"","selected_icon":{"value":{"id":"14061","url":"https:\/\/library.elementor.com\/wp-content\/uploads\/2020\/06\/h2shape_12.svg"},"library":"svg"},"link":{"url":"","is_external":"","nofollow":"","custom_attributes":""},"_id":"91f5f4c"},{"text":"","selected_icon":{"value":{"id":"13930","url":"https:\/\/library.elementor.com\/wp-content\/uploads\/2020\/06\/h2shape_10.svg"},"library":"svg"},"link":{"url":"","is_external":"","nofollow":"","custom_attributes":""},"_id":"4bf9d41"}],"space_between":{"unit":"px","size":"0","sizes":[]},"icon_color":"#FEF8EE","icon_size":{"unit":"px","size":"37","sizes":[]},"icon_self_align":"left","text_indent":{"unit":"px","size":"0","sizes":[]},"space_between_tablet":{"unit":"px","size":"6","sizes":[]},"space_between_mobile":{"unit":"px","size":"6","sizes":[]},"icon_size_tablet":{"unit":"px","size":"16","sizes":[]},"icon_size_mobile":{"unit":"px","size":"14","sizes":[]},"icon_typography_line_height":{"unit":"em","size":"0.5","sizes":[]},"icon_typography_line_height_tablet":{"unit":"em","size":"0.1","sizes":[]},"icon_typography_line_height_mobile":{"unit":"em","size":"0.1","sizes":[]}},"elements":[],"widgetType":"icon-list"},{"id":"10fbb2b","elType":"widget","settings":{"width":{"unit":"px","size":"42.5","sizes":[]},"align":"left","text":"Divider","color":"#CB3522","gap_tablet":{"unit":"px","size":"5","sizes":[]}},"elements":[],"widgetType":"divider"},{"id":"6da1b586","elType":"section","settings":{"padding":{"unit":"%","top":"0","right":"30","bottom":"0","left":"0","isLinked":""},"padding_tablet":{"unit":"px","top":"0","right":"0","bottom":"0","left":"0","isLinked":"1"}},"elements":[{"id":"541c3507","elType":"column","settings":{"_column_size":"100","padding":{"unit":"px","top":"0","right":"0","bottom":"0","left":"0","isLinked":"1"}},"elements":[{"id":"4487e745","elType":"widget","settings":{"editor":"Oops, something went wrong. The page you\u2019re looking for either doesn\u2019t exist or has been moved.","column_gap":{"unit":"%","size":"","sizes":[]},"_margin":{"unit":"%","top":"","right":"","bottom":"","left":"","isLinked":"1"},"_margin_tablet":{"unit":"px","top":"","right":"","bottom":"","left":"","isLinked":"1"},"text_color":"#DADADA","typography_typography":"custom","typography_font_family":"Poppins","typography_font_size":{"unit":"px","size":"14","sizes":[]},"typography_font_size_mobile":{"unit":"px","size":"12","sizes":[]},"typography_font_weight":"300","typography_line_height":{"unit":"px","size":"22","sizes":[]},"typography_letter_spacing":{"unit":"px","size":"0.76","sizes":[]},"_margin_mobile":{"unit":"%","top":"","right":"","bottom":"","left":"","isLinked":"1"}},"elements":[],"widgetType":"text-editor"},{"id":"5c809566","elType":"widget","settings":{"text":"Back to homepage","__dynamic__":{"link":"[elementor-tag id=\"0492b25\" name=\"site-url\" settings=\"%7B%7D\"]"},"typography_typography":"custom","typography_font_family":"Nanum Gothic","typography_font_size":{"unit":"px","size":"14","sizes":[]},"typography_font_weight":"300","typography_text_transform":"uppercase","typography_line_height":{"unit":"px","size":"16","sizes":[]},"typography_letter_spacing":{"unit":"px","size":"0.19","sizes":[]},"button_text_color":"#FFFFFF","hover_color":"#CB3522","border_border":"solid","border_width":{"unit":"px","top":"0","right":"0","bottom":"1","left":"0","isLinked":""},"border_color":"#CB3522","border_radius":{"unit":"px","top":"0","right":"0","bottom":"0","left":"0","isLinked":"1"},"text_padding":{"unit":"px","top":"14.5","right":"36","bottom":"14.5","left":"36","isLinked":""},"_margin":{"unit":"%","top":"3","right":"0","bottom":"0","left":"0","isLinked":""},"background_color":"rgba(2, 1, 1, 0)"},"elements":[],"widgetType":"button"}],"isInner":"1"}],"isInner":"1"}],"isInner":""},{"id":"60708f98","elType":"column","settings":{"_column_size":"66","background_position":"center center","background_repeat":"no-repeat","background_size":"cover","background_size_mobile":"cover","_inline_size_tablet":"100","_inline_size":"59.665"},"elements":[{"id":"3bf3550c","elType":"widget","settings":{"selected_icon":{"value":{"id":"14062","url":"https:\/\/library.elementor.com\/wp-content\/uploads\/2020\/06\/404Page_Hero-JapanShape.svg"},"library":"svg"},"align":"right","align_tablet":"center","primary_color":"#FEF8EE","size":{"unit":"px","size":"900","sizes":[]},"size_tablet":{"unit":"px","size":"600","sizes":[]},"size_mobile":{"unit":"px","size":"290","sizes":[]},"_margin":{"unit":"px","top":"-260","right":"0","bottom":"-267","left":"0","isLinked":""},"_margin_tablet":{"unit":"px","top":"-110","right":"0","bottom":"-115","left":"0","isLinked":""},"_margin_mobile":{"unit":"px","top":"-85","right":"0","bottom":"-90","left":"0","isLinked":""},"__dynamic__":[]},"elements":[],"widgetType":"icon"}],"isInner":""}],"isInner":""}],"page_settings":{"background_background":"classic","background_color":"#0B0B0B"}}