{"content":[{"id":"d2a83d5","elType":"section","settings":{"content_width":{"unit":"px","size":"1400","sizes":[]},"height":"min-height","custom_height":{"unit":"px","size":"600","sizes":[]},"column_position":"stretch","structure":"20","background_background":"classic","background_color":"#FFF7F1","_title":"Hero","custom_height_tablet":{"unit":"px","size":"500","sizes":[]},"padding_tablet":{"unit":"%","top":"0","right":"5","bottom":"0","left":"5","isLinked":""},"custom_height_mobile":{"unit":"vh","size":"100","sizes":[]},"_timestamp_":"v1WjRwWEVHZkY3VVJWVEwzdFhhT0JXdz09"},"elements":[{"id":"6be004fc","elType":"column","settings":{"_column_size":"50","content_position":"center","border_border":"solid","border_width":{"unit":"px","top":"0","right":"0","bottom":"0","left":"1","isLinked":""},"border_color":"rgba(1, 22, 64, 0.05)","padding":{"unit":"px","top":"0","right":"0","bottom":"0","left":"0","isLinked":"1"},"_inline_size_tablet":"100","padding_tablet":{"unit":"%","top":"15","right":"15","bottom":"0","left":"15","isLinked":""},"border_width_tablet":{"unit":"px","top":"0","right":"1","bottom":"0","left":"1","isLinked":""},"padding_mobile":{"unit":"%","top":"60","right":"5","bottom":"0","left":"5","isLinked":""}},"elements":[{"id":"38a327dc","elType":"widget","settings":{"title":"We will be happy to assist","title_color":"#848484","typography_typography":"custom","typography_font_family":"Montserrat","typography_font_size":{"unit":"px","size":"15","sizes":[]},"typography_font_weight":"400","typography_text_transform":"capitalize","header_size":"h3","align_tablet":"center"},"elements":[],"widgetType":"heading"},{"id":"35a603b4","elType":"widget","settings":{"title":"CONTACT US TO<br>FIND OUT MORE\n","title_color":"#011640","typography_typography":"custom","typography_font_family":"Montserrat","typography_font_size":{"unit":"px","size":"60","sizes":[]},"typography_font_weight":"300","typography_text_transform":"uppercase","align":"left","header_size":"h1","align_tablet":"center","typography_font_size_tablet":{"unit":"px","size":"50","sizes":[]},"typography_font_size_mobile":{"unit":"px","size":"35","sizes":[]}},"elements":[],"widgetType":"heading"}],"isInner":""},{"id":"67143d8f","elType":"column","settings":{"_column_size":"50","content_position":"center","border_border":"solid","border_width":{"unit":"px","top":"0","right":"1","bottom":"0","left":"0","isLinked":""},"border_color":"rgba(1, 22, 64, 0.05)","padding":{"unit":"%","top":"0","right":"0","bottom":"0","left":"12","isLinked":""},"_inline_size_tablet":"100","padding_tablet":{"unit":"%","top":"0","right":"10","bottom":"5","left":"10","isLinked":""},"border_width_tablet":{"unit":"px","top":"0","right":"1","bottom":"0","left":"1","isLinked":""},"padding_mobile":{"unit":"%","top":"0","right":"5","bottom":"5","left":"5","isLinked":""}},"elements":[{"id":"12039925","elType":"widget","settings":{"editor":"Lorem ipsum dolor sit amet, consectetur adipiscing elit. Quisque in tempor nulla. Etiam nec vulputate odionec vitae sem ornare, hedrerit tortor all eget, vestibulum libero auisque in exllert ante.","align":"left","text_color":"#848484","typography_typography":"custom","typography_font_family":"Montserrat","typography_font_size":{"unit":"px","size":"16","sizes":[]},"typography_font_weight":"300","typography_line_height":{"unit":"em","size":"2","sizes":[]},"align_tablet":"center"},"elements":[],"widgetType":"text-editor"}],"isInner":""}],"isInner":""},{"id":"2ea89912","elType":"section","settings":{"content_width":{"unit":"px","size":"1400","sizes":[]},"_title":"Contact Info","padding_tablet":{"unit":"%","top":"0","right":"5","bottom":"0","left":"5","isLinked":""},"_timestamp_":"v1WjRwWEVHZkY3VVJWVEwzdFhhT0JXdz09"},"elements":[{"id":"31f662a","elType":"column","settings":{"_column_size":"100","padding":{"unit":"px","top":"0","right":"0","bottom":"0","left":"0","isLinked":"1"},"border_border":"solid","border_width":{"unit":"px","top":"0","right":"1","bottom":"0","left":"1","isLinked":""},"border_color":"rgba(1, 22, 64, 0.05)"},"elements":[{"id":"2b4aefce","elType":"section","settings":{"content_width":{"unit":"px","size":"650","sizes":[]},"margin":{"unit":"%","top":"10","right":"0","bottom":"0","left":"0","isLinked":""},"margin_mobile":{"unit":"px","top":"75","right":"0","bottom":"0","left":"0","isLinked":""}},"elements":[{"id":"7a8e2b4f","elType":"column","settings":{"_column_size":"100","padding_tablet":{"unit":"%","top":"0","right":"10","bottom":"0","left":"10","isLinked":""},"padding_mobile":{"unit":"px","top":"0","right":"0","bottom":"0","left":"0","isLinked":"1"}},"elements":[{"id":"1bc99292","elType":"widget","settings":{"title":"call to find your luxury home","title_color":"#848484","typography_typography":"custom","typography_font_family":"Montserrat","typography_font_size":{"unit":"px","size":"15","sizes":[]},"typography_font_weight":"400","typography_text_transform":"capitalize","align":"center","header_size":"h3"},"elements":[],"widgetType":"heading"},{"id":"6446a762","elType":"widget","settings":{"title":"Contact Us Directly For More Information Or Leave A Message Below And We'll Get Back To You ASAP","title_color":"#011640","typography_typography":"custom","typography_font_family":"Montserrat","typography_font_size":{"unit":"px","size":"30","sizes":[]},"typography_font_weight":"300","typography_text_transform":"capitalize","align":"center","typography_line_height":{"unit":"em","size":"1.2","sizes":[]},"typography_font_size_tablet":{"unit":"px","size":"25","sizes":[]},"typography_font_size_mobile":{"unit":"px","size":"25","sizes":[]}},"elements":[],"widgetType":"heading"}],"isInner":"1"}],"isInner":"1"},{"id":"4086b87","elType":"section","settings":{"content_width":{"unit":"px","size":"1400","sizes":[]},"structure":"40","margin":{"unit":"px","top":"100","right":"0","bottom":"0","left":"0","isLinked":""},"margin_tablet":{"unit":"px","top":"50","right":"0","bottom":"0","left":"0","isLinked":""}},"elements":[{"id":"2da616da","elType":"column","settings":{"_column_size":"25","_inline_size":"21.531","content_position":"top","padding":{"unit":"px","top":"0","right":"0","bottom":"0","left":"0","isLinked":"1"},"_inline_size_tablet":"50"},"elements":[{"id":"683457cd","elType":"widget","settings":{"title":"Phone","title_color":"#011640","typography_typography":"custom","typography_font_family":"Montserrat","typography_font_size":{"unit":"px","size":"20","sizes":[]},"typography_font_weight":"500","header_size":"h3","typography_text_transform":"capitalize","align_tablet":"center"},"elements":[],"widgetType":"heading"},{"id":"7399b46b","elType":"widget","settings":{"editor":"<p>+1(456)657-887<br \/>+1(456)657-997<\/p>","align":"left","text_color":"#848484","typography_typography":"custom","typography_font_family":"Montserrat","typography_font_size":{"unit":"px","size":"16","sizes":[]},"typography_font_weight":"300","align_tablet":"center"},"elements":[],"widgetType":"text-editor"}],"isInner":"1"},{"id":"2c26e535","elType":"column","settings":{"_column_size":"25","_inline_size":"30.615","content_position":"top","padding":{"unit":"px","top":"0","right":"0","bottom":"0","left":"0","isLinked":"1"},"_inline_size_tablet":"50","margin_mobile":{"unit":"px","top":"30","right":"0","bottom":"0","left":"0","isLinked":""}},"elements":[{"id":"4f30620e","elType":"widget","settings":{"title":"Email Address","title_color":"#011640","typography_typography":"custom","typography_font_family":"Montserrat","typography_font_size":{"unit":"px","size":"20","sizes":[]},"typography_font_weight":"500","header_size":"h3","typography_text_transform":"capitalize","align_tablet":"center"},"elements":[],"widgetType":"heading"},{"id":"4abe7152","elType":"widget","settings":{"editor":"<p class=\"p1\"><span class=\"s1\">info@realet.com<br \/><\/span><span class=\"s1\">sales@realet.com<\/span><\/p>","align":"left","text_color":"#848484","typography_typography":"custom","typography_font_family":"Montserrat","typography_font_size":{"unit":"px","size":"16","sizes":[]},"typography_font_weight":"300","align_tablet":"center"},"elements":[],"widgetType":"text-editor"}],"isInner":"1"},{"id":"a6e0ef6","elType":"column","settings":{"_column_size":"25","_inline_size":"30.901","content_position":"top","padding":{"unit":"px","top":"0","right":"0","bottom":"0","left":"0","isLinked":"1"},"_inline_size_tablet":"50","margin_tablet":{"unit":"px","top":"30","right":"0","bottom":"0","left":"0","isLinked":""}},"elements":[{"id":"7094d754","elType":"widget","settings":{"title":"Opening Hours","title_color":"#011640","typography_typography":"custom","typography_font_family":"Montserrat","typography_font_size":{"unit":"px","size":"20","sizes":[]},"typography_font_weight":"500","header_size":"h3","typography_text_transform":"capitalize","align_tablet":"center"},"elements":[],"widgetType":"heading"},{"id":"300e6b2a","elType":"widget","settings":{"editor":"<p class=\"p1\"><span class=\"s1\">Monday - Thursday: 10am - 6pm<br \/><\/span><span class=\"s1\">Friday: 10am - 3am <\/span><\/p>","align":"left","text_color":"#848484","typography_typography":"custom","typography_font_family":"Montserrat","typography_font_size":{"unit":"px","size":"16","sizes":[]},"typography_font_weight":"300","align_tablet":"center"},"elements":[],"widgetType":"text-editor"}],"isInner":"1"},{"id":"655be8cc","elType":"column","settings":{"_column_size":"25","_inline_size":"16.89","content_position":"top","padding":{"unit":"px","top":"0","right":"0","bottom":"0","left":"0","isLinked":"1"},"_inline_size_tablet":"50","margin_tablet":{"unit":"px","top":"30","right":"0","bottom":"0","left":"0","isLinked":""}},"elements":[{"id":"1fa57a2f","elType":"widget","settings":{"title":"Address","title_color":"#011640","typography_typography":"custom","typography_font_family":"Montserrat","typography_font_size":{"unit":"px","size":"20","sizes":[]},"typography_font_weight":"500","header_size":"h3","typography_text_transform":"capitalize","align_tablet":"center"},"elements":[],"widgetType":"heading"},{"id":"4fef4d08","elType":"widget","settings":{"editor":"<p class=\"p1\"><span class=\"s1\">3557<span class=\"Apple-converted-space\">\u00a0 <\/span>Derek Drive,<br \/>Orlando, Florida<\/span><\/p>","align":"left","text_color":"#848484","typography_typography":"custom","typography_font_family":"Montserrat","typography_font_size":{"unit":"px","size":"16","sizes":[]},"typography_font_weight":"300","align_tablet":"center"},"elements":[],"widgetType":"text-editor"}],"isInner":"1"}],"isInner":"1"},{"id":"35d5aa13","elType":"widget","settings":{"selected_icon":{"value":{"id":"14725","url":"https:\/\/library.elementor.com\/wp-content\/uploads\/2020\/07\/Shape.svg"},"library":"svg"},"primary_color":"rgba(1, 22, 64, 0.05)","_element_width":"auto","_position":"absolute","_offset_y":{"size":"123","unit":"px"},"_offset_x":{"size":"1399","unit":"px"},"_offset_orientation_h":"end","_offset_x_tablet":{"unit":"px","size":"0","sizes":[]},"_offset_y_tablet":{"unit":"px","size":"0","sizes":[]}},"elements":[],"widgetType":"icon"}],"isInner":""}],"isInner":""},{"id":"57ab3924","elType":"section","settings":{"content_width":{"unit":"px","size":"1400","sizes":[]},"structure":"22","_title":"Form + Map","padding_tablet":{"unit":"%","top":"0","right":"5","bottom":"0","left":"5","isLinked":""},"_timestamp_":"v1WjRwWEVHZkY3VVJWVEwzdFhhT0JXdz09"},"elements":[{"id":"15bf876","elType":"column","settings":{"_column_size":"66","padding":{"unit":"px","top":"0","right":"0","bottom":"0","left":"0","isLinked":"1"},"border_border":"solid","border_width":{"unit":"px","top":"0","right":"0","bottom":"0","left":"1","isLinked":""},"border_color":"rgba(1, 22, 64, 0.05)","_inline_size_tablet":"100","border_width_tablet":{"unit":"px","top":"0","right":"1","bottom":"0","left":"1","isLinked":""}},"elements":[{"id":"9bd4f0d","elType":"section","settings":{"height_inner":"min-height","custom_height_inner":{"unit":"px","size":"560","sizes":[]},"box_shadow_box_shadow_type":"yes","box_shadow_box_shadow":{"horizontal":"0","vertical":"15","blur":"35","spread":"0","color":"rgba(0, 0, 0, 0.05)"},"margin":{"unit":"px","top":"100","right":"0","bottom":"200","left":"0","isLinked":""},"custom_height_inner_tablet":{"unit":"px","size":"0","sizes":[]},"margin_tablet":{"unit":"%","top":"15","right":"0","bottom":"0","left":"0","isLinked":""},"padding_mobile":{"unit":"px","top":"20","right":"0","bottom":"20","left":"0","isLinked":""}},"elements":[{"id":"d047822","elType":"column","settings":{"_column_size":"100","content_position":"center","space_between_widgets":"30","padding":{"unit":"px","top":"0","right":"60","bottom":"0","left":"60","isLinked":""},"padding_tablet":{"unit":"%","top":"5","right":"5","bottom":"5","left":"5","isLinked":"1"}},"elements":[{"id":"7d62aae3","elType":"widget","settings":{"title":"Write Us and we'll get back to you","title_color":"#011640","typography_typography":"custom","typography_font_family":"Montserrat","typography_font_size":{"unit":"px","size":"20","sizes":[]},"typography_font_weight":"500","header_size":"h3","typography_text_transform":"capitalize","align_mobile":"center"},"elements":[],"widgetType":"heading"},{"id":"3816063","elType":"widget","settings":{"form_name":"New Form","form_fields":[{"custom_id":"email","field_type":"text","required":"true","field_label":"","placeholder":"First Name","width":"50","_id":"f4461d3","field_options":"","allow_multiple":"","select_size":"","inline_list":"","field_html":"","width_tablet":"","width_mobile":"","rows":"4","recaptcha_size":"normal","recaptcha_style":"light","recaptcha_badge":"bottomright","css_classes":"","field_value":"","selected_icon":{"value":"fas fa-star","library":"fa-solid"},"file_sizes":"","file_types":"","allow_multiple_upload":"","max_files":"","acceptance_text":"","checked_by_default":"","field_min":"","field_max":"","min_date":"","max_date":"","use_native_date":"","use_native_time":"","previous_button":"","next_button":""},{"custom_id":"field_a074beb","field_type":"text","required":"true","field_label":"","placeholder":"Last Name","width":"50","field_options":"","allow_multiple":"","select_size":"","inline_list":"","field_html":"","width_tablet":"","width_mobile":"","rows":"4","recaptcha_size":"normal","recaptcha_style":"light","recaptcha_badge":"bottomright","css_classes":"","field_value":"","_id":"a074beb","selected_icon":{"value":"fas fa-star","library":"fa-solid"},"file_sizes":"","file_types":"","allow_multiple_upload":"","max_files":"","acceptance_text":"","checked_by_default":"","field_min":"","field_max":"","min_date":"","max_date":"","use_native_date":"","use_native_time":"","previous_button":"","next_button":""},{"custom_id":"field_6f7b0a2","field_type":"tel","required":"true","field_label":"","placeholder":"Phone","width":"50","field_options":"","allow_multiple":"","select_size":"","inline_list":"","field_html":"","width_tablet":"","width_mobile":"","rows":"4","recaptcha_size":"normal","recaptcha_style":"light","recaptcha_badge":"bottomright","css_classes":"","field_value":"","_id":"6f7b0a2","selected_icon":{"value":"fas fa-star","library":"fa-solid"},"file_sizes":"","file_types":"","allow_multiple_upload":"","max_files":"","acceptance_text":"","checked_by_default":"","field_min":"","field_max":"","min_date":"","max_date":"","use_native_date":"","use_native_time":"","previous_button":"","next_button":""},{"custom_id":"field_ded525d","field_type":"email","required":"true","field_label":"","placeholder":"Email","width":"50","field_options":"","allow_multiple":"","select_size":"","inline_list":"","field_html":"","width_tablet":"","width_mobile":"","rows":"4","recaptcha_size":"normal","recaptcha_style":"light","recaptcha_badge":"bottomright","css_classes":"","field_value":"","_id":"ded525d","selected_icon":{"value":"fas fa-star","library":"fa-solid"},"file_sizes":"","file_types":"","allow_multiple_upload":"","max_files":"","acceptance_text":"","checked_by_default":"","field_min":"","field_max":"","min_date":"","max_date":"","use_native_date":"","use_native_time":"","previous_button":"","next_button":""},{"custom_id":"field_e389c4e","field_type":"textarea","required":"true","field_label":"","placeholder":"Your Message","width":"100","field_options":"","allow_multiple":"","select_size":"","inline_list":"","field_html":"","width_tablet":"","width_mobile":"","rows":"5","recaptcha_size":"normal","recaptcha_style":"light","recaptcha_badge":"bottomright","css_classes":"","field_value":"","_id":"e389c4e","selected_icon":{"value":"fas fa-star","library":"fa-solid"},"file_sizes":"","file_types":"","allow_multiple_upload":"","max_files":"","acceptance_text":"","checked_by_default":"","field_min":"","field_max":"","min_date":"","max_date":"","use_native_date":"","use_native_time":"","previous_button":"","next_button":""}],"show_labels":"","button_text":"Send","button_width":"","email_content":"[all-fields]","email_content_2":"[all-fields]","success_message":"The form was sent successfully.","error_message":"An error occured.","required_field_message":"This field is required.","invalid_message":"There's something wrong. The form is invalid.","column_gap":{"unit":"px","size":"25","sizes":[]},"field_text_color":"rgba(1, 22, 64, 0.47)","field_typography_typography":"custom","field_typography_font_family":"Montserrat","field_typography_font_size":{"unit":"px","size":"16","sizes":[]},"field_background_color":"","field_border_color":"rgba(1, 22, 64, 0.21)","field_border_width":{"unit":"px","top":"1","right":"1","bottom":"1","left":"1","isLinked":"1"},"field_border_radius":{"unit":"px","top":"0","right":"0","bottom":"0","left":"0","isLinked":"1"},"button_background_color":"#011640","button_text_color":"#FFF7F1","button_typography_typography":"custom","button_typography_font_family":"Montserrat","button_typography_font_size":{"unit":"px","size":"16","sizes":[]},"button_typography_font_weight":"300","button_typography_text_transform":"capitalize","button_border_radius":{"unit":"px","top":"0","right":"0","bottom":"0","left":"0","isLinked":"1"},"button_align":"end","row_gap":{"unit":"px","size":"25","sizes":[]},"button_text_padding":{"unit":"px","top":"15","right":"40","bottom":"15","left":"40","isLinked":""},"button_background_hover_color":"#FFD6D6","button_hover_color":"#011640","field_typography_text_transform":"capitalize","message_typography_typography":"custom","message_typography_font_family":"Montserrat","message_typography_font_size":{"unit":"px","size":"16","sizes":[]},"message_typography_font_weight":"300","success_message_color":"#011640","error_message_color":"#011640","inline_message_color":"#011640","button_width_mobile":"100","button_align_mobile":"stretch","step_next_label":"Next","step_previous_label":"Previous"},"elements":[],"widgetType":"form"}],"isInner":"1"}],"isInner":"1"}],"isInner":""},{"id":"6d3bfd72","elType":"column","settings":{"_column_size":"33","space_between_widgets":"0","padding":{"unit":"px","top":"0","right":"0","bottom":"0","left":"0","isLinked":"1"},"border_border":"solid","border_width":{"unit":"px","top":"0","right":"1","bottom":"0","left":"0","isLinked":""},"border_color":"rgba(1, 22, 64, 0.05)","_inline_size_tablet":"100","align_tablet":"flex-end","border_width_tablet":{"unit":"px","top":"0","right":"1","bottom":"0","left":"1","isLinked":""}},"elements":[{"id":"45a79fff","elType":"widget","settings":{"address":"Orlando, Florida","height":{"unit":"px","size":"450","sizes":[]},"css_filters_css_filter":"custom","css_filters_saturate":{"unit":"px","size":"0","sizes":[]},"_margin":{"unit":"px","top":"100","right":"0","bottom":"0","left":"0","isLinked":""},"_margin_tablet":{"unit":"px","top":"0","right":"0","bottom":"0","left":"0","isLinked":""},"_margin_mobile":{"unit":"px","top":"50","right":"0","bottom":"0","left":"0","isLinked":""}},"elements":[],"widgetType":"google_maps"},{"id":"3f6352c1","elType":"widget","settings":{"selected_icon":{"value":"fas fa-square-full","library":"fa-solid"},"primary_color":"#FFD6D6","size":{"unit":"px","size":"110","sizes":[]},"_element_width":"auto","_element_custom_width":{"unit":"px","size":"90","sizes":[]},"_margin":{"unit":"px","top":"0","right":"0","bottom":"-6","left":"0","isLinked":""},"_offset_orientation_h":"end","_offset_x":{"unit":"px","size":"-41","sizes":[]},"_offset_x_end":{"size":"613","unit":"px"},"_offset_orientation_v":"end","_offset_y":{"unit":"px","size":"429","sizes":[]},"_offset_y_end":{"size":"224","unit":"px"},"size_tablet":{"unit":"px","size":"75","sizes":[]}},"elements":[],"widgetType":"icon"}],"isInner":""}],"isInner":""},{"id":"4222f18e","elType":"section","settings":{"content_width":{"unit":"px","size":"1400","sizes":[]},"margin":{"unit":"%","top":"","right":"0","bottom":"","left":"0","isLinked":"1"},"padding":{"unit":"%","top":"","right":"","bottom":"","left":"","isLinked":"1"},"_title":"Explore Properties","padding_tablet":{"unit":"%","top":"0","right":"5","bottom":"0","left":"5","isLinked":""},"margin_mobile":{"unit":"px","top":"","right":"0","bottom":"","left":"0","isLinked":"1"},"_timestamp_":"v1WjRwWEVHZkY3VVJWVEwzdFhhT0JXdz09"},"elements":[{"id":"4c65d25f","elType":"column","settings":{"_column_size":"100","border_border":"solid","border_width":{"unit":"px","top":"0","right":"1","bottom":"0","left":"1","isLinked":""},"border_color":"rgba(1, 22, 64, 0.05)","padding":{"unit":"px","top":"0","right":"0","bottom":"200","left":"0","isLinked":""}},"elements":[{"id":"26779051","elType":"widget","settings":{"selected_icon":{"value":{"id":"14725","url":"https:\/\/library.elementor.com\/wp-content\/uploads\/2020\/07\/Shape.svg"},"library":"svg"},"primary_color":"rgba(1, 22, 64, 0.05)","rotate":{"unit":"deg","size":"270","sizes":[]},"_element_width":"auto","_position":"absolute","_offset_y":{"size":"0","unit":"px"},"_offset_x":{"size":"-51","unit":"px"},"_offset_x_tablet":{"size":"0","unit":"px"},"_offset_y_tablet":{"size":"2","unit":"px"},"_element_width_mobile":"initial","_element_custom_width_mobile":{"unit":"px","size":"50"},"_offset_x_mobile":{"size":"0","unit":"px"},"_offset_y_mobile":{"size":"38","unit":"px"}},"elements":[],"widgetType":"icon"},{"id":"72f28f80","elType":"section","settings":{"content_width":{"unit":"px","size":"1400","sizes":[]},"margin":{"unit":"px","top":"0","right":"0","bottom":"80","left":"0","isLinked":""},"padding":{"unit":"%","top":"10","right":"0","bottom":"0","left":"0","isLinked":""},"structure":"20","margin_mobile":{"unit":"%","top":"25","right":"0","bottom":"0","left":"0","isLinked":""}},"elements":[{"id":"abe37b3","elType":"column","settings":{"_column_size":"50","space_between_widgets":"10","content_position":"center","padding":{"unit":"px","top":"0","right":"0","bottom":"0","left":"0","isLinked":"1"},"_inline_size_tablet":"100"},"elements":[{"id":"7a668147","elType":"widget","settings":{"title":"We'll find you a home","title_color":"#848484","typography_typography":"custom","typography_font_family":"Montserrat","typography_font_size":{"unit":"px","size":"15","sizes":[]},"typography_font_weight":"400","typography_text_transform":"capitalize","align":"left","header_size":"h3","align_tablet":"center"},"elements":[],"widgetType":"heading"},{"id":"7374cbb6","elType":"widget","settings":{"title":"Explore Our Properties","title_color":"#011640","typography_typography":"custom","typography_font_family":"Montserrat","typography_font_size":{"unit":"px","size":"30","sizes":[]},"typography_font_weight":"300","typography_text_transform":"capitalize","align":"left","typography_line_height":{"unit":"em","size":"1.2","sizes":[]},"align_tablet":"center"},"elements":[],"widgetType":"heading"}],"isInner":"1"},{"id":"1ebfbb85","elType":"column","settings":{"_column_size":"50","space_between_widgets":"0","content_position":"center","padding":{"unit":"%","top":"0","right":"10","bottom":"0","left":"5","isLinked":""},"_inline_size_tablet":"100"},"elements":[{"id":"74f4ac96","elType":"widget","settings":{"editor":"Lorem ipsum dolor sit amet, consectetur adipiscing elit, sed do eiusmod tempor incid idunt ut labore ellt dolore magna the alora aliqua alora the tolda on  fouter.","align":"left","text_color":"#848484","typography_typography":"custom","typography_font_family":"Montserrat","typography_font_size":{"unit":"px","size":"16","sizes":[]},"typography_font_weight":"200","typography_line_height":{"unit":"em","size":"1.8","sizes":[]},"align_tablet":"center"},"elements":[],"widgetType":"text-editor"}],"isInner":"1"}],"isInner":"1"},{"id":"688e6101","elType":"widget","settings":{"classic_meta_separator":"\/\/\/","classic_read_more_text":"Property Details","cards_meta_separator":"","cards_read_more_text":"Read More \u00bb","full_content_meta_separator":"\/\/\/","pagination_page_limit":"5","pagination_prev_label":"&laquo; Previous","pagination_next_label":"Next &raquo;","classic_columns":"2","classic_posts_per_page":"2","classic_thumbnail_size_size":"full","classic_item_ratio":{"unit":"px","size":"0.77","sizes":[]},"classic_meta_data":[],"cards_columns":"2","cards_posts_per_page":"4","cards_thumbnail_size_size":"full","cards_item_ratio":{"unit":"px","size":"0.77","sizes":[]},"cards_meta_data":[],"cards_show_read_more":"","cards_show_badge":"","cards_show_avatar":"","classic_column_gap":{"unit":"px","size":"50","sizes":[]},"classic_row_gap":{"unit":"px","size":"50","sizes":[]},"classic_content_padding":{"unit":"px","top":"0","right":"50","bottom":"0","left":"50","isLinked":""},"classic_box_bg_color":"#FFF7F1","classic_image_spacing":{"unit":"px","size":"30","sizes":[]},"classic_title_color":"#011640","classic_title_typography_typography":"custom","classic_title_typography_font_family":"Montserrat","classic_title_typography_font_size":{"unit":"px","size":"20","sizes":[]},"classic_title_typography_font_weight":"400","classic_title_spacing":{"unit":"px","size":"10","sizes":[]},"classic_excerpt_color":"#848484","classic_excerpt_typography_typography":"custom","classic_excerpt_typography_font_family":"Montserrat","classic_excerpt_typography_font_size":{"unit":"px","size":"18","sizes":[]},"classic_excerpt_typography_font_weight":"300","classic_excerpt_spacing":{"unit":"px","size":"25","sizes":[]},"cards_card_bg_color":"#FFF7F1","cards_box_shadow_box_shadow_type":"","posts_include":[],"posts_include_term_ids":["5"],"classic_show_excerpt":"","classic_read_more_color":"#848484","classic_read_more_typography_typography":"custom","classic_read_more_typography_font_family":"Montserrat","classic_read_more_typography_font_size":{"unit":"px","size":"18","sizes":[]},"classic_read_more_typography_font_weight":"300","classic_read_more_spacing":{"unit":"px","size":"30","sizes":[]},"classic_title_typography_text_transform":"capitalize","classic_title_typography_font_size_tablet":{"unit":"px","size":"18","sizes":[]},"classic_title_typography_line_height_tablet":{"unit":"em","size":"1.4","sizes":[]},"_margin_tablet":{"unit":"%","top":"0","right":"0","bottom":"0","left":"0","isLinked":""},"_margin_mobile":{"unit":"%","top":"10","right":"0","bottom":"0","left":"0","isLinked":""},"classic_box_shadow_hover_box_shadow_type":"yes","classic_box_shadow_hover_box_shadow":{"horizontal":"0","vertical":"10","blur":"35","spread":"0","color":"rgba(0, 0, 0, 0.1)"},"_padding":{"unit":"%","top":"","right":"","bottom":"","left":"","isLinked":"1"}},"elements":[],"widgetType":"posts"}],"isInner":""}],"isInner":""}],"page_settings":[]}