{"content":[{"id":"771628ac","elType":"section","settings":{"content_width":{"unit":"px","size":"1400","sizes":[]},"height":"min-height","custom_height":{"unit":"px","size":"600","sizes":[]},"column_position":"stretch","structure":"20","background_background":"classic","background_color":"#FFF7F1","_title":"Hero - Post Title","custom_height_tablet":{"unit":"px","size":"500","sizes":[]},"padding":{"unit":"%","top":"","right":"","bottom":"","left":"","isLinked":"1"},"padding_tablet":{"unit":"%","top":"0","right":"5","bottom":"0","left":"5","isLinked":""},"custom_height_mobile":{"unit":"vh","size":"100","sizes":[]},"_timestamp_":"v1WjRwWEVHZkY3VVJWVEwzdFhhT0JXdz09"},"elements":[{"id":"13535a4d","elType":"column","settings":{"_column_size":"50","content_position":"center","border_border":"solid","border_width":{"unit":"px","top":"0","right":"0","bottom":"0","left":"1","isLinked":""},"border_color":"rgba(1, 22, 64, 0.05)","padding":{"unit":"px","top":"0","right":"0","bottom":"0","left":"0","isLinked":"1"},"_inline_size_tablet":"100","border_width_tablet":{"unit":"px","top":"0","right":"1","bottom":"0","left":"1","isLinked":""},"padding_tablet":{"unit":"%","top":"15","right":"10","bottom":"0","left":"10","isLinked":""},"padding_mobile":{"unit":"%","top":"50","right":"5","bottom":"0","left":"5","isLinked":""}},"elements":[{"id":"700c6d70","elType":"widget","settings":{"icon_list":[{"type":"date","selected_icon":{"value":"far fa-user-circle","library":"fa-regular"},"_id":"07d5219","date_format":"default","custom_date_format":"F j, Y","time_format":"default","custom_time_format":"g:i a","taxonomy":[],"text_prefix":"","show_avatar":"","avatar_size":{"unit":"px","size":"","sizes":[]},"avatar_size_tablet":{"unit":"px","size":"","sizes":[]},"avatar_size_mobile":{"unit":"px","size":"","sizes":[]},"comments_custom_strings":"","string_no_comments":"","string_one_comment":"","string_comments":"","custom_text":"","link":"yes","custom_url":{"url":"","is_external":"","nofollow":"","custom_attributes":""},"show_icon":"default"}],"space_between":{"unit":"px","size":"0","sizes":[]},"icon_size":{"unit":"px","size":"0","sizes":[]},"text_indent":{"unit":"px","size":"0","sizes":[]},"text_color":"#848484","icon_typography_typography":"custom","icon_typography_font_family":"Montserrat","icon_typography_font_size":{"unit":"px","size":"15","sizes":[]},"icon_typography_text_transform":"capitalize","icon_align_tablet":"center"},"elements":[],"widgetType":"post-info"},{"id":"332878f7","elType":"widget","settings":{"__dynamic__":{"title":"[elementor-tag id=\"\" name=\"post-title\" settings=\"%7B%22before%22%3A%22%22%2C%22after%22%3A%22%22%2C%22fallback%22%3A%22%22%7D\"]"},"title":"Add Your Heading Text Here","title_color":"#011640","typography_typography":"custom","typography_font_family":"Montserrat","typography_font_size":{"unit":"px","size":"50","sizes":[]},"typography_font_weight":"300","typography_text_transform":"uppercase","align_tablet":"center","typography_font_size_tablet":{"unit":"px","size":"40","sizes":[]},"typography_font_size_mobile":{"unit":"px","size":"30","sizes":[]}},"elements":[],"widgetType":"theme-post-title"}],"isInner":""},{"id":"4070f98a","elType":"column","settings":{"_column_size":"50","content_position":"center","border_border":"solid","border_width":{"unit":"px","top":"0","right":"1","bottom":"0","left":"0","isLinked":""},"border_color":"rgba(1, 22, 64, 0.05)","padding":{"unit":"%","top":"0","right":"10","bottom":"0","left":"12","isLinked":""},"_inline_size_tablet":"100","border_width_tablet":{"unit":"px","top":"0","right":"1","bottom":"0","left":"1","isLinked":""},"padding_tablet":{"unit":"%","top":"0","right":"10","bottom":"5","left":"10","isLinked":""},"padding_mobile":{"unit":"%","top":"0","right":"5","bottom":"0","left":"5","isLinked":""}},"elements":[{"id":"36d4bbb6","elType":"widget","settings":{"author_name":"John Doe","author_bio":"Lorem ipsum dolor sit amet consectetur adipiscing elit dolor","link_text":"All Posts","layout":"left","alignment":"left","image_size":{"unit":"px","size":"100","sizes":[]},"image_gap":{"unit":"px","size":"20","sizes":[]},"name_color":"#011640","name_typography_typography":"custom","name_typography_font_family":"Montserrat","name_typography_font_size":{"unit":"px","size":"18","sizes":[]},"name_typography_font_weight":"400","name_typography_text_transform":"capitalize","name_gap":{"unit":"px","size":"15","sizes":[]},"bio_color":"#848484","bio_typography_typography":"custom","bio_typography_font_family":"Montserrat","bio_typography_font_size":{"unit":"px","size":"16","sizes":[]},"bio_typography_font_weight":"300","image_size_mobile":{"unit":"px","size":"75","sizes":[]},"image_size_tablet":{"unit":"px","size":"75","sizes":[]},"_margin_tablet":{"unit":"px","top":"25","right":"0","bottom":"0","left":"0","isLinked":""},"author_avatar":{"id":"12826","url":"https:\/\/library.elementor.com\/wp-content\/uploads\/2020\/02\/placeholder.png"}},"elements":[],"widgetType":"author-box"}],"isInner":""}],"isInner":""},{"id":"429e79a9","elType":"section","settings":{"content_width":{"unit":"px","size":"1400","sizes":[]},"_title":"Post Content","padding_tablet":{"unit":"%","top":"0","right":"5","bottom":"0","left":"5","isLinked":""},"_timestamp_":"v1WjRwWEVHZkY3VVJWVEwzdFhhT0JXdz09"},"elements":[{"id":"4cbba0b","elType":"column","settings":{"_column_size":"100","border_border":"solid","border_width":{"unit":"px","top":"0","right":"1","bottom":"0","left":"1","isLinked":""},"border_color":"rgba(1, 22, 64, 0.05)","padding":{"unit":"px","top":"0","right":"0","bottom":"0","left":"0","isLinked":"1"}},"elements":[{"id":"3e8f0ab6","elType":"section","settings":{"content_width":{"unit":"px","size":"985","sizes":[]},"structure":"20","margin":{"unit":"px","top":"200","right":"0","bottom":"0","left":"0","isLinked":""},"margin_tablet":{"unit":"%","top":"15","right":"0","bottom":"0","left":"0","isLinked":""},"margin_mobile":{"unit":"%","top":"15","right":"0","bottom":"0","left":"0","isLinked":""}},"elements":[{"id":"470ed821","elType":"column","settings":{"_column_size":"50","padding":{"unit":"px","top":"0","right":"15","bottom":"0","left":"0","isLinked":""},"_inline_size_tablet":"100","padding_tablet":{"unit":"%","top":"0","right":"15","bottom":"0","left":"15","isLinked":""},"padding_mobile":{"unit":"px","top":"0","right":"0","bottom":"0","left":"0","isLinked":"1"},"content_position":"center"},"elements":[{"id":"eb363b2","elType":"widget","settings":{"title":"Add Your Heading Text Here","align_tablet":"center","title_color":"#011640","typography_typography":"custom","typography_font_family":"Montserrat","typography_font_size":{"unit":"px","size":"20","sizes":[]},"typography_font_weight":"400","typography_text_transform":"capitalize","__dynamic__":{"title":"[elementor-tag id=\"fd359e4\" name=\"post-excerpt\" settings=\"%7B%7D\"]"},"typography_font_size_mobile":{"unit":"px","size":"16","sizes":[]},"typography_line_height_mobile":{"unit":"em","size":"1.4","sizes":[]},"typography_line_height":{"unit":"em","size":"1.4","sizes":[]}},"elements":[],"widgetType":"heading"}],"isInner":"1"},{"id":"ad7122f","elType":"column","settings":{"_column_size":"50","content_position":"center","padding":{"unit":"%","top":"0","right":"0","bottom":"0","left":"10","isLinked":""},"_inline_size_tablet":"100","margin_tablet":{"unit":"%","top":"5","right":"0","bottom":"0","left":"0","isLinked":""},"padding_tablet":{"unit":"px","top":"0","right":"0","bottom":"0","left":"0","isLinked":"1"},"padding_mobile":{"unit":"px","top":"50","right":"0","bottom":"0","left":"0","isLinked":""}},"elements":[{"id":"22902543","elType":"widget","settings":{"title":"Share Post:","title_color":"#848484","typography_typography":"custom","typography_font_family":"Montserrat","typography_font_size":{"unit":"px","size":"15","sizes":[]},"typography_font_weight":"400","typography_text_transform":"capitalize","align":"left","header_size":"h3","align_tablet":"center"},"elements":[],"widgetType":"heading"},{"id":"70d026e4","elType":"widget","settings":{"share_buttons":[{"button":"facebook","_id":"f98f324","text":""},{"button":"linkedin","_id":"97a63b7","text":""},{"button":"twitter","_id":"d48853f","text":""},{"button":"pinterest","text":"","_id":"7da1ae3"},{"button":"email","text":"","_id":"f484616"}],"view":"icon","skin":"flat","alignment":"left","alignment_tablet":"center","alignment_mobile":"center","column_gap":{"unit":"px","size":"40","sizes":[]},"column_gap_mobile":{"unit":"px","size":"12","sizes":[]},"row_gap":{"unit":"px","size":"0","sizes":[]},"button_size":{"unit":"px","size":"1.2","sizes":[]},"icon_size":{"unit":"px","size":"18","sizes":[]},"icon_size_tablet":{"unit":"px","size":"","sizes":[]},"icon_size_mobile":{"unit":"px","size":"","sizes":[]},"button_height":{"unit":"em","size":"4.8","sizes":[]},"color_source":"custom","primary_color":"#FFF7F1","secondary_color":"#011640"},"elements":[],"widgetType":"share-buttons"}],"isInner":"1"}],"isInner":"1"},{"id":"5f0f79b3","elType":"section","settings":{"content_width":{"unit":"px","size":"985","sizes":[]},"margin":{"unit":"px","top":"50","right":"0","bottom":"0","left":"0","isLinked":""}},"elements":[{"id":"5177fdbd","elType":"column","settings":{"_column_size":"100","space_between_widgets":"0","padding":{"unit":"px","top":"0","right":"0","bottom":"0","left":"0","isLinked":"1"}},"elements":[{"id":"3065c9ee","elType":"widget","settings":{"__dynamic__":{"image":"[elementor-tag id=\"\" name=\"post-featured-image\" settings=\"%7B%22fallback%22%3A%7B%22url%22%3A%22%22%2C%22id%22%3A%22%22%7D%7D\"]"},"image_size":"full","image":{"id":"12826","url":"https:\/\/library.elementor.com\/wp-content\/uploads\/2020\/02\/placeholder.png"}},"elements":[],"widgetType":"theme-post-featured-image"},{"id":"54aea6cb","elType":"widget","settings":{"align":"left","text_color":"#848484","typography_typography":"custom","typography_font_family":"Montserrat","typography_font_size":{"unit":"px","size":"16","sizes":[]},"typography_font_weight":"200","_margin":{"unit":"px","top":"50","right":"0","bottom":"50","left":"0","isLinked":""},"_margin_tablet":{"unit":"%","top":"10","right":"5","bottom":"0","left":"5","isLinked":""},"align_mobile":"center"},"elements":[],"widgetType":"theme-post-content"},{"id":"60b33fde","elType":"widget","settings":{"prev_label":"Previous","next_label":"Next","show_title":"","show_borders":"","label_color":"#011640","label_typography_typography":"custom","label_typography_font_family":"Montserrat","label_typography_font_size":{"unit":"px","size":"15","sizes":[]},"arrow_color":"#011640","arrow_size":{"unit":"px","size":"15","sizes":[]},"arrow_padding":{"unit":"px","size":"10","sizes":[]},"_padding":{"unit":"px","top":"30","right":"0","bottom":"30","left":"0","isLinked":""},"_border_border":"solid","_border_width":{"unit":"px","top":"1","right":"0","bottom":"1","left":"0","isLinked":""},"_border_color":"#EBECEF","label_typography_text_transform":"capitalize","in_same_term":["post"],"post_taxonomy":"category","_margin_tablet":{"unit":"%","top":"10","right":"5","bottom":"0","left":"5","isLinked":""}},"elements":[],"widgetType":"post-navigation"}],"isInner":"1"}],"isInner":"1"}],"isInner":""}],"isInner":""},{"id":"3e56dc80","elType":"section","settings":{"content_width":{"unit":"px","size":"1400","sizes":[]},"_title":"More Updates","padding_tablet":{"unit":"%","top":"0","right":"5","bottom":"0","left":"5","isLinked":""},"margin_mobile":{"unit":"px","top":"0","right":"0","bottom":"0","left":"0","isLinked":"1"},"_timestamp_":"v1WjRwWEVHZkY3VVJWVEwzdFhhT0JXdz09"},"elements":[{"id":"2c5855d2","elType":"column","settings":{"_column_size":"100","padding":{"unit":"px","top":"0200","right":"0","bottom":"200","left":"0","isLinked":""},"border_border":"solid","border_width":{"unit":"px","top":"0","right":"1","bottom":"0","left":"1","isLinked":""},"border_color":"rgba(1, 22, 64, 0.05)","padding_tablet":{"unit":"px","top":"0","right":"0","bottom":"0","left":"0","isLinked":"1"},"margin_mobile":{"unit":"px","top":"0","right":"0","bottom":"0","left":"0","isLinked":"1"},"padding_mobile":{"unit":"px","top":"0","right":"0","bottom":"0","left":"0","isLinked":"1"}},"elements":[{"id":"3d9f26c3","elType":"section","settings":{"content_width":{"unit":"px","size":"1400","sizes":[]},"margin_tablet":{"unit":"%","top":"15","right":"0","bottom":"5","left":"0","isLinked":""},"margin_mobile":{"unit":"%","top":"20","right":"0","bottom":"0","left":"0","isLinked":""},"padding_mobile":{"unit":"px","top":"0","right":"0","bottom":"0","left":"0","isLinked":"1"}},"elements":[{"id":"7e768152","elType":"column","settings":{"_column_size":"100","space_between_widgets":"10","content_position":"center","padding":{"unit":"%","top":"","right":"","bottom":"","left":"","isLinked":"1"}},"elements":[{"id":"7777c629","elType":"widget","settings":{"title":"Stay Connected\n","title_color":"#848484","typography_typography":"custom","typography_font_family":"Montserrat","typography_font_size":{"unit":"px","size":"15","sizes":[]},"typography_font_weight":"400","typography_text_transform":"capitalize","align":"center","header_size":"h3"},"elements":[],"widgetType":"heading"},{"id":"6e2e73a0","elType":"widget","settings":{"title":"More Updates","title_color":"#011640","typography_typography":"custom","typography_font_family":"Montserrat","typography_font_size":{"unit":"px","size":"30","sizes":[]},"typography_font_weight":"300","typography_text_transform":"capitalize","align":"center","typography_line_height":{"unit":"em","size":"1.2","sizes":[]}},"elements":[],"widgetType":"heading"}],"isInner":"1"}],"isInner":"1"},{"id":"7cca3e85","elType":"section","settings":{"content_width":{"unit":"px","size":"1400","sizes":[]},"margin":{"unit":"px","top":"50","right":"0","bottom":"0","left":"0","isLinked":""},"margin_tablet":{"unit":"%","top":"0","right":"0","bottom":"15","left":"0","isLinked":""},"margin_mobile":{"unit":"%","top":"10","right":"0","bottom":"30","left":"0","isLinked":""}},"elements":[{"id":"55d91d5f","elType":"column","settings":{"_column_size":"100","padding":{"unit":"%","top":"0","right":"0","bottom":"0","left":"0","isLinked":"1"}},"elements":[{"id":"3ee50f2b","elType":"widget","settings":{"classic_meta_separator":"","classic_read_more_text":"Read More \u00bb","cards_meta_separator":"","cards_read_more_text":"Read More \u00bb","full_content_meta_separator":"\/\/\/","posts_include":["terms"],"posts_include_term_ids":["7"],"pagination_page_limit":"5","pagination_prev_label":"&laquo; Previous","pagination_next_label":"Next &raquo;","_skin":"cards","classic_meta_data":["date"],"classic_show_read_more":"","cards_posts_per_page":"3","cards_thumbnail_size_size":"full","cards_item_ratio":{"unit":"px","size":"0.62","sizes":[]},"cards_meta_data":["date"],"cards_show_read_more":"","cards_show_badge":"","cards_show_avatar":"","cards_column_gap":{"unit":"px","size":"50","sizes":[]},"cards_card_padding":{"unit":"px","size":"0","sizes":[]},"cards_box_shadow_box_shadow_type":"","cards_hover_effect":"none","cards_meta_border_color":"#FFFFFF","cards_image_spacing":{"unit":"px","size":"15","sizes":[]},"cards_title_color":"#011640","cards_title_typography_typography":"custom","cards_title_typography_font_family":"Montserrat","cards_title_typography_font_size":{"unit":"px","size":"18","sizes":[]},"cards_title_typography_font_weight":"400","cards_title_typography_text_transform":"uppercase","cards_title_spacing":{"unit":"px","size":"15","sizes":[]},"cards_meta_color":"#011640","cards_meta_typography_typography":"custom","cards_meta_typography_font_family":"Montserrat","cards_meta_typography_font_size":{"unit":"px","size":"15","sizes":[]},"cards_meta_typography_font_weight":"300","cards_excerpt_color":"#848484","cards_excerpt_typography_typography":"custom","cards_excerpt_typography_font_family":"Montserrat","cards_excerpt_typography_font_size":{"unit":"px","size":"16","sizes":[]},"cards_excerpt_typography_font_weight":"300","cards_excerpt_spacing":{"unit":"px","size":"5","sizes":[]},"cards_meta_typography_text_transform":"capitalize","posts_exclude":["current_post"],"posts_avoid_duplicates":"yes","cards_title_typography_font_size_tablet":{"unit":"px","size":"18","sizes":[]},"cards_meta_typography_font_size_tablet":{"unit":"px","size":"14","sizes":[]},"cards_excerpt_typography_font_size_tablet":{"unit":"px","size":"15","sizes":[]}},"elements":[],"widgetType":"posts"}],"isInner":"1"}],"isInner":"1"}],"isInner":""}],"isInner":""}],"page_settings":[]}