{"content":[{"id":"2d493856","elType":"section","settings":{"layout":"full_width","gap":"no","height":"min-height","custom_height":{"unit":"vh","size":"85","sizes":[]},"column_position":"stretch","content_position":"bottom","structure":"20","_title":"Hero","_timestamp_":"v1bnVUUHJ2THdCOGhycjdXanhqVEJXdz09"},"elements":[{"id":"26ffba26","elType":"column","settings":{"_column_size":"50","_inline_size":"70","background_background":"classic","background_color":"#6C7C69","padding":{"unit":"%","top":"0","right":"25","bottom":"13","left":"10","isLinked":""},"_inline_size_tablet":"88","margin_tablet":{"unit":"%","top":"","right":"","bottom":"","left":"","isLinked":"1"},"padding_tablet":{"unit":"%","top":"25","right":"5","bottom":"45","left":"10","isLinked":""},"padding_mobile":{"unit":"%","top":"30","right":"5","bottom":"30","left":"10","isLinked":""}},"elements":[{"id":"7e8764f2","elType":"widget","settings":{"title":"Finest Flooring Service\nfor Every Living Space\n&amp; Style","header_size":"h1","title_color":"#FFFFFF","typography_typography":"custom","typography_font_family":"Playfair Display","typography_font_size":{"unit":"px","size":"80","sizes":[]},"typography_font_size_tablet":{"unit":"px","size":"56","sizes":[]},"typography_font_size_mobile":{"unit":"px","size":"38","sizes":[]},"typography_font_weight":"700","typography_text_transform":"capitalize","typography_line_height":{"unit":"px","size":"80","sizes":[]},"typography_line_height_tablet":{"unit":"px","size":"56","sizes":[]},"typography_line_height_mobile":{"unit":"px","size":"42","sizes":[]},"typography_letter_spacing":{"unit":"px","size":"-2.25","sizes":[]}},"elements":[],"widgetType":"heading"},{"id":"57040f53","elType":"widget","settings":{"title":"Expert flooring installation, repair and refinishing, based in Los Angeles","header_size":"h6","_margin":{"unit":"%","top":"1","right":"0","bottom":"0","left":"0","isLinked":""},"title_color":"#FFFFFF","typography_typography":"custom","typography_font_family":"Helvetica","typography_font_size":{"unit":"px","size":"18","sizes":[]},"typography_font_size_tablet":{"unit":"px","size":"16","sizes":[]},"typography_font_size_mobile":{"unit":"px","size":"14","sizes":[]},"typography_font_weight":"300","typography_line_height":{"unit":"px","size":"22","sizes":[]},"typography_letter_spacing":{"unit":"px","size":"1.5","sizes":[]}},"elements":[],"widgetType":"heading"},{"id":"19b512bb","elType":"widget","settings":{"text":"Learn More","button_text_color":"#FFFAF5","border_width":{"unit":"px","top":"2","right":"2","bottom":"2","left":"2","isLinked":"1"},"hover_color":"#6C7C69","button_background_hover_color":"#FFFBF6","border_color":"#FFFAF5","_margin":{"unit":"%","top":"2","right":"0","bottom":"0","left":"0","isLinked":""},"border_border":"solid","typography_typography":"custom","typography_font_family":"Helvetica","typography_font_size":{"unit":"px","size":"14","sizes":[]},"typography_font_weight":"700","typography_text_transform":"capitalize","typography_letter_spacing":{"unit":"px","size":"-0.45","sizes":[]},"border_radius":{"unit":"px","top":"0","right":"0","bottom":"0","left":"0","isLinked":"1"},"text_padding":{"unit":"px","top":"18","right":"43","bottom":"18","left":"43","isLinked":""},"text_padding_mobile":{"unit":"px","top":"15","right":"36","bottom":"15","left":"36","isLinked":""},"background_color":"rgba(2, 1, 1, 0)"},"elements":[],"widgetType":"button"}],"isInner":""},{"id":"9dd1e7f","elType":"column","settings":{"_column_size":"50","_inline_size":"30","margin":{"unit":"%","top":"","right":"","bottom":"","left":"","isLinked":"1"},"_inline_size_tablet":"100","margin_tablet":{"unit":"%","top":"0","right":"5","bottom":"0","left":"0","isLinked":""},"margin_mobile":{"unit":"%","top":"0","right":"5","bottom":"0","left":"0","isLinked":""},"padding_tablet":{"unit":"%","top":"","right":"","bottom":"","left":"","isLinked":"1"}},"elements":[{"id":"3865d8fd","elType":"widget","settings":{"image":{"id":"14904","url":"https:\/\/library.elementor.com\/wp-content\/uploads\/2020\/08\/HomePage-Hero-img_1.jpg"},"image_size":"full","_margin":{"unit":"%","top":"0","right":"0","bottom":"-40","left":"-70","isLinked":""},"_margin_tablet":{"unit":"%","top":"-45","right":"0","bottom":"0","left":"45","isLinked":""},"_margin_mobile":{"unit":"%","top":"-15","right":"0","bottom":"0","left":"34","isLinked":""}},"elements":[],"widgetType":"image"},{"id":"3408d634","elType":"widget","settings":{"image":{"id":"14905","url":"https:\/\/library.elementor.com\/wp-content\/uploads\/2020\/08\/HomePage-Hero-img_2.jpg"},"image_size":"full","image_box_shadow_box_shadow_type":"yes","image_box_shadow_box_shadow":{"horizontal":"0","vertical":"15","blur":"15","spread":"0","color":"rgba(0, 0, 0, 0.06)"},"_element_width":"auto","_position":"absolute","_offset_x":{"unit":"px","size":"-330","sizes":[]},"_offset_orientation_v":"end","_offset_y":{"unit":"px","size":"","sizes":[]},"_offset_y_end":{"unit":"px","size":"-70","sizes":[]},"width_tablet":{"unit":"%","size":"70","sizes":[]},"width_mobile":{"unit":"%","size":"55","sizes":[]},"_offset_y_end_mobile":{"unit":"px","size":"40","sizes":[]},"_animation":"fadeInRight","animation_duration":"slow","_offset_x_tablet":{"unit":"px","size":"200","sizes":[]},"_offset_y_end_tablet":{"unit":"px","size":"122","sizes":[]},"_offset_x_mobile":{"unit":"px","size":"0","sizes":[]}},"elements":[],"widgetType":"image"}],"isInner":""}],"isInner":""},{"id":"295ed5ce","elType":"section","settings":{"layout":"full_width","gap":"no","custom_height":{"unit":"vh","size":"28","sizes":[]},"column_position":"top","structure":"40","_title":"Our Services","margin":{"unit":"%","top":"10","right":"0","bottom":"0","left":"0","isLinked":""},"padding":{"unit":"%","top":"10","right":"0","bottom":"0","left":"0","isLinked":""},"margin_tablet":{"unit":"%","top":"5","right":"0","bottom":"0","left":"0","isLinked":""},"margin_mobile":{"unit":"%","top":"20","right":"0","bottom":"0","left":"0","isLinked":""},"_timestamp_":"v1bnVUUHJ2THdCOGhycjdXanhqVEJXdz09"},"elements":[{"id":"1d65d916","elType":"column","settings":{"_column_size":"25","_inline_size":"5","background_color":"#6C7C69","padding":{"unit":"%","top":"","right":"","bottom":"","left":"","isLinked":"1"},"margin":{"unit":"%","top":"-100","right":"0","bottom":"0","left":"0","isLinked":""},"_inline_size_tablet":"4","_inline_size_mobile":"7","margin_tablet":{"unit":"%","top":"-50","right":"0","bottom":"0","left":"0","isLinked":""},"margin_mobile":{"unit":"%","top":"","right":"","bottom":"","left":"","isLinked":"1"}},"elements":[{"id":"7581b0e6","elType":"widget","settings":{"space":{"unit":"vh","size":"40","sizes":[]},"_background_background":"classic","_background_color":"#6C7C69","_element_custom_width":{"unit":"px","size":"138","sizes":[]},"_offset_x":{"unit":"%","size":"0","sizes":[]},"_offset_y":{"unit":"%","size":"","sizes":[]},"_element_custom_width_tablet":{"unit":"vw","size":"","sizes":[]},"_offset_orientation_v":"end","_element_width_mobile":"initial","_element_custom_width_mobile":{"unit":"px","size":"30","sizes":[]},"space_tablet":{"unit":"vh","size":"20","sizes":[]},"_margin":{"unit":"%","top":"","right":"","bottom":"","left":"","isLinked":"1"},"space_mobile":{"unit":"vh","size":"30","sizes":[]},"_animation":"fadeInLeft","animation_duration":"slow"},"elements":[],"widgetType":"spacer"}],"isInner":""},{"id":"250b78a1","elType":"column","settings":{"_column_size":"25","_inline_size":"30","_inline_size_tablet":"50","margin":{"unit":"%","top":"","right":"","bottom":"","left":"","isLinked":"1"},"_inline_size_mobile":"93","margin_tablet":{"unit":"%","top":"","right":"","bottom":"","left":"","isLinked":"1"},"padding":{"unit":"%","top":"0","right":"0","bottom":"0","left":"10","isLinked":""},"padding_tablet":{"unit":"%","top":"0","right":"0","bottom":"0","left":"6","isLinked":""},"padding_mobile":{"unit":"%","top":"0","right":"5","bottom":"0","left":"5","isLinked":""}},"elements":[{"id":"61a94009","elType":"widget","settings":{"title":"Our Services","title_color":"#6C7C69","typography_typography":"custom","typography_font_family":"Playfair Display","typography_font_size":{"unit":"px","size":"40","sizes":[]},"typography_font_size_tablet":{"unit":"px","size":"32","sizes":[]},"typography_font_size_mobile":{"unit":"px","size":"28","sizes":[]},"typography_font_weight":"400","typography_text_transform":"capitalize","typography_line_height":{"unit":"px","size":"44","sizes":[]},"typography_line_height_tablet":{"unit":"px","size":"36","sizes":[]},"typography_line_height_mobile":{"unit":"px","size":"32","sizes":[]},"typography_letter_spacing":{"unit":"px","size":"-1.13","sizes":[]}},"elements":[],"widgetType":"heading"},{"id":"167f2982","elType":"widget","settings":{"editor":"Lorem ipsum dolor sit amet consectet adipisc\u00a0elit, sed do eiusm por  incididut laboreLorem ipsum dolor sit amet, consectet adipiscing\u00a0elit.","text_color":"#000000","typography_typography":"custom","typography_font_family":"Helvetica","typography_font_size":{"unit":"px","size":"16","sizes":[]},"typography_font_size_tablet":{"unit":"px","size":"14","sizes":[]},"typography_font_weight":"300","typography_line_height":{"unit":"px","size":"22","sizes":[]},"typography_line_height_tablet":{"unit":"px","size":"20","sizes":[]},"typography_letter_spacing":{"unit":"px","size":"0","sizes":[]}},"elements":[],"widgetType":"text-editor"},{"id":"5a58b78b","elType":"widget","settings":{"text":"Learn More","hover_color":"#000000","button_background_hover_color":"rgba(2, 1, 1, 0)","border_border":"solid","border_width":{"unit":"px","top":"0","right":"0","bottom":"1","left":"0","isLinked":""},"border_color":"#6C7C69","text_padding":{"unit":"px","top":"0","right":"0","bottom":"0","left":"0","isLinked":"1"},"_margin":{"unit":"%","top":"","right":"","bottom":"","left":"","isLinked":"1"},"typography_typography":"custom","typography_font_family":"Helvetica","typography_font_size":{"unit":"px","size":"14","sizes":[]},"typography_font_weight":"700","typography_text_transform":"capitalize","typography_line_height":{"unit":"px","size":"","sizes":[]},"typography_letter_spacing":{"unit":"px","size":"-0.45","sizes":[]},"button_text_color":"#6C7C69","button_hover_border_color":"#000000","border_radius":{"unit":"px","top":"0","right":"0","bottom":"0","left":"0","isLinked":"1"},"background_color":"rgba(2, 1, 1, 0)"},"elements":[],"widgetType":"button"}],"isInner":""},{"id":"2ad770dc","elType":"column","settings":{"_column_size":"25","_inline_size":"60","margin":{"unit":"%","top":"","right":"","bottom":"","left":"","isLinked":"1"},"_inline_size_tablet":"95","margin_mobile":{"unit":"%","top":"5","right":"0","bottom":"0","left":"0","isLinked":""}},"elements":[{"id":"7df70ea4","elType":"section","settings":{"content_width":{"unit":"px","size":"840","sizes":[]},"gap":"extended","structure":"30","margin":{"unit":"px","top":"0","right":"0","bottom":"0","left":"0","isLinked":"1"},"padding_tablet":{"unit":"%","top":"0","right":"5","bottom":"0","left":"5","isLinked":""}},"elements":[{"id":"61097b40","elType":"column","settings":{"_column_size":"33"},"elements":[{"id":"1ec20fcf","elType":"widget","settings":{"graphic_element":"none","selected_icon":{"value":"","library":""},"title_text_a":"Hardwood","description_text_a":"","background_a_background":"classic","background_a_color":"rgba(2, 1, 1, 0)","background_a_image":{"id":"14906","url":"https:\/\/library.elementor.com\/wp-content\/uploads\/2020\/08\/HomePage-OurServices-Hardwood.jpg"},"background_a_position":"center center","background_a_repeat":"no-repeat","background_a_bg_width":{"unit":"%","size":"56","sizes":[]},"background_overlay_a":"rgba(59, 61, 59, 0.3607843137254902)","title_text_b":"","description_text_b":"Lorem ipsum dolor sit amet consectet adipisc\u00a0elit, sed do eiusm por  incididut labore\nLorem ipsum dolor sit amet, consectet adipiscing\u00a0elit.","button_text":"","background_b_background":"classic","background_b_color":"rgba(108, 124, 105, 0.8509803921568627)","background_overlay_b":"rgba(59, 61, 59, 0.3607843137254902)","height":{"unit":"px","size":"250","sizes":[]},"height_tablet":{"unit":"px","size":"190","sizes":[]},"flip_effect":"push","padding_a":{"unit":"%","top":"","right":"","bottom":"","left":"","isLinked":"1"},"title_typography_a_typography":"custom","title_typography_a_font_weight":"300","title_typography_a_text_transform":"capitalize","alignment_b":"left","_element_custom_width":{"unit":"px","size":"265","sizes":[]},"_element_custom_width_tablet":{"unit":"px","size":"220","sizes":[]},"_element_custom_width_mobile":{"unit":"px","size":"280","sizes":[]},"background_a_size":"cover","title_typography_a_font_size_tablet":{"unit":"px","size":"18","sizes":[]},"link_click":"box","title_typography_a_font_family":"Helvetica","description_typography_b_typography":"custom","description_typography_b_font_family":"Helvetica","image":{"id":"12826","url":"https:\/\/library.elementor.com\/wp-content\/uploads\/2020\/02\/placeholder.png"}},"elements":[],"widgetType":"flip-box"}],"isInner":"1"},{"id":"3a3a5d5a","elType":"column","settings":{"_column_size":"33"},"elements":[{"id":"7adb368f","elType":"widget","settings":{"graphic_element":"none","selected_icon":{"value":"","library":""},"title_text_a":"Laminate","description_text_a":"","background_a_background":"classic","background_a_color":"rgba(2, 1, 1, 0)","background_a_image":{"id":"14907","url":"https:\/\/library.elementor.com\/wp-content\/uploads\/2020\/08\/HomePage-OurServices-Laminate.jpg"},"background_a_position":"center center","background_a_repeat":"no-repeat","background_a_bg_width":{"unit":"%","size":"56","sizes":[]},"background_overlay_a":"rgba(59, 61, 59, 0.3607843137254902)","title_text_b":"","description_text_b":"Lorem ipsum dolor sit amet consectet adipisc\u00a0elit, sed do eiusm por  incididut labore\nLorem ipsum dolor sit amet, consectet adipiscing\u00a0elit.","button_text":"","background_b_background":"classic","background_b_color":"rgba(108, 124, 105, 0.8509803921568627)","background_overlay_b":"rgba(59, 61, 59, 0.3607843137254902)","height":{"unit":"px","size":"250","sizes":[]},"height_tablet":{"unit":"px","size":"190","sizes":[]},"flip_effect":"push","padding_a":{"unit":"%","top":"","right":"","bottom":"","left":"","isLinked":"1"},"title_typography_a_typography":"custom","title_typography_a_font_weight":"300","title_typography_a_text_transform":"capitalize","alignment_b":"left","_element_custom_width":{"unit":"px","size":"265","sizes":[]},"_element_custom_width_tablet":{"unit":"px","size":"220","sizes":[]},"_element_custom_width_mobile":{"unit":"px","size":"280","sizes":[]},"background_a_size":"cover","title_typography_a_font_size_tablet":{"unit":"px","size":"18","sizes":[]},"title_typography_a_font_family":"Helvetica","description_typography_b_typography":"custom","description_typography_b_font_family":"Helvetica","image":{"id":"12826","url":"https:\/\/library.elementor.com\/wp-content\/uploads\/2020\/02\/placeholder.png"}},"elements":[],"widgetType":"flip-box"}],"isInner":"1"},{"id":"5a343614","elType":"column","settings":{"_column_size":"33"},"elements":[{"id":"71632061","elType":"widget","settings":{"graphic_element":"none","selected_icon":{"value":"","library":""},"title_text_a":"Ceramic Tile","description_text_a":"","background_a_background":"classic","background_a_color":"rgba(2, 1, 1, 0)","background_a_image":{"id":"14908","url":"https:\/\/library.elementor.com\/wp-content\/uploads\/2020\/08\/HomePage-OurServices-Ceramic_Tyle.jpg"},"background_a_position":"center center","background_a_repeat":"no-repeat","background_a_bg_width":{"unit":"%","size":"56","sizes":[]},"background_overlay_a":"rgba(59, 61, 59, 0.3607843137254902)","title_text_b":"","description_text_b":"Lorem ipsum dolor sit amet consectet adipisc\u00a0elit, sed do eiusm por  incididut labore\nLorem ipsum dolor sit amet, consectet adipiscing\u00a0elit.","button_text":"","background_b_background":"classic","background_b_color":"rgba(108, 124, 105, 0.8509803921568627)","background_overlay_b":"rgba(59, 61, 59, 0.3607843137254902)","height":{"unit":"px","size":"250","sizes":[]},"height_tablet":{"unit":"px","size":"190","sizes":[]},"flip_effect":"push","padding_a":{"unit":"%","top":"","right":"","bottom":"","left":"","isLinked":"1"},"title_typography_a_typography":"custom","title_typography_a_font_weight":"300","title_typography_a_text_transform":"capitalize","alignment_b":"left","_element_custom_width":{"unit":"px","size":"265","sizes":[]},"_element_custom_width_tablet":{"unit":"px","size":"220","sizes":[]},"_element_custom_width_mobile":{"unit":"px","size":"280","sizes":[]},"background_a_size":"cover","title_typography_a_font_size_tablet":{"unit":"px","size":"18","sizes":[]},"title_typography_a_font_family":"Helvetica","description_typography_b_typography":"custom","description_typography_b_font_family":"Helvetica","image":{"id":"12826","url":"https:\/\/library.elementor.com\/wp-content\/uploads\/2020\/02\/placeholder.png"}},"elements":[],"widgetType":"flip-box"}],"isInner":"1"}],"isInner":"1"},{"id":"6cd3871a","elType":"section","settings":{"content_width":{"unit":"px","size":"840","sizes":[]},"gap":"extended","structure":"30","padding_tablet":{"unit":"%","top":"0","right":"5","bottom":"0","left":"5","isLinked":""}},"elements":[{"id":"194b711c","elType":"column","settings":{"_column_size":"33"},"elements":[{"id":"4ef1b737","elType":"widget","settings":{"graphic_element":"none","selected_icon":{"value":"","library":""},"title_text_a":"Vinyl Tile","description_text_a":"","background_a_background":"classic","background_a_color":"rgba(2, 1, 1, 0)","background_a_image":{"id":"14909","url":"https:\/\/library.elementor.com\/wp-content\/uploads\/2020\/08\/HomePage-OurServices-Vinyl_Tile.jpg"},"background_a_position":"center center","background_a_repeat":"no-repeat","background_a_bg_width":{"unit":"%","size":"56","sizes":[]},"background_overlay_a":"rgba(59, 61, 59, 0.3607843137254902)","title_text_b":"","description_text_b":"Lorem ipsum dolor sit amet consectet adipisc\u00a0elit, sed do eiusm por  incididut labore\nLorem ipsum dolor sit amet, consectet adipiscing\u00a0elit.","button_text":"","background_b_background":"classic","background_b_color":"rgba(108, 124, 105, 0.8509803921568627)","background_overlay_b":"rgba(59, 61, 59, 0.3607843137254902)","height":{"unit":"px","size":"250","sizes":[]},"height_tablet":{"unit":"px","size":"190","sizes":[]},"flip_effect":"push","padding_a":{"unit":"%","top":"","right":"","bottom":"","left":"","isLinked":"1"},"title_typography_a_typography":"custom","title_typography_a_font_weight":"300","title_typography_a_text_transform":"capitalize","alignment_b":"left","_element_custom_width":{"unit":"px","size":"265","sizes":[]},"_element_custom_width_tablet":{"unit":"px","size":"220","sizes":[]},"_element_custom_width_mobile":{"unit":"px","size":"280","sizes":[]},"background_a_size":"cover","title_typography_a_font_size_tablet":{"unit":"px","size":"18","sizes":[]},"title_typography_a_font_family":"Helvetica","description_typography_b_typography":"custom","description_typography_b_font_family":"Helvetica","image":{"id":"12826","url":"https:\/\/library.elementor.com\/wp-content\/uploads\/2020\/02\/placeholder.png"}},"elements":[],"widgetType":"flip-box"}],"isInner":"1"},{"id":"35eb15f","elType":"column","settings":{"_column_size":"33"},"elements":[{"id":"61cbf9a","elType":"widget","settings":{"graphic_element":"none","selected_icon":{"value":"","library":""},"title_text_a":"Carpeted","description_text_a":"","background_a_background":"classic","background_a_color":"rgba(2, 1, 1, 0)","background_a_image":{"id":"14910","url":"https:\/\/library.elementor.com\/wp-content\/uploads\/2020\/08\/HomePage-OurServices-Carpeting.jpg"},"background_a_position":"center center","background_a_repeat":"no-repeat","background_a_bg_width":{"unit":"%","size":"56","sizes":[]},"background_overlay_a":"rgba(59, 61, 59, 0.3607843137254902)","title_text_b":"","description_text_b":"Lorem ipsum dolor sit amet consectet adipisc\u00a0elit, sed do eiusm por  incididut labore\nLorem ipsum dolor sit amet, consectet adipiscing\u00a0elit.","button_text":"","background_b_background":"classic","background_b_color":"rgba(108, 124, 105, 0.8509803921568627)","background_overlay_b":"rgba(59, 61, 59, 0.3607843137254902)","height":{"unit":"px","size":"250","sizes":[]},"height_tablet":{"unit":"px","size":"190","sizes":[]},"flip_effect":"push","padding_a":{"unit":"%","top":"","right":"","bottom":"","left":"","isLinked":"1"},"title_typography_a_typography":"custom","title_typography_a_font_weight":"300","title_typography_a_text_transform":"capitalize","alignment_b":"left","_element_custom_width":{"unit":"px","size":"265","sizes":[]},"_element_custom_width_tablet":{"unit":"px","size":"220","sizes":[]},"_element_custom_width_mobile":{"unit":"px","size":"280","sizes":[]},"background_a_size":"cover","title_typography_a_font_size_tablet":{"unit":"px","size":"18","sizes":[]},"title_typography_a_font_family":"Helvetica","description_typography_b_typography":"custom","description_typography_b_font_family":"Helvetica","image":{"id":"12826","url":"https:\/\/library.elementor.com\/wp-content\/uploads\/2020\/02\/placeholder.png"}},"elements":[],"widgetType":"flip-box"}],"isInner":"1"},{"id":"24972d2b","elType":"column","settings":{"_column_size":"33"},"elements":[{"id":"12d50982","elType":"widget","settings":{"graphic_element":"none","selected_icon":{"value":"","library":""},"title_text_a":"Concrete","description_text_a":"","background_a_background":"classic","background_a_color":"rgba(2, 1, 1, 0)","background_a_image":{"id":"14911","url":"https:\/\/library.elementor.com\/wp-content\/uploads\/2020\/08\/HomePage-OurServices-Concrete.jpg"},"background_a_position":"center center","background_a_repeat":"no-repeat","background_a_bg_width":{"unit":"%","size":"56","sizes":[]},"background_overlay_a":"rgba(59, 61, 59, 0.3607843137254902)","title_text_b":"","description_text_b":"Lorem ipsum dolor sit amet consectet adipisc\u00a0elit, sed do eiusm por  incididut labore\nLorem ipsum dolor sit amet, consectet adipiscing\u00a0elit.","button_text":"","background_b_background":"classic","background_b_color":"rgba(108, 124, 105, 0.8509803921568627)","background_overlay_b":"rgba(59, 61, 59, 0.3607843137254902)","height":{"unit":"px","size":"250","sizes":[]},"height_tablet":{"unit":"px","size":"190","sizes":[]},"flip_effect":"push","padding_a":{"unit":"%","top":"","right":"","bottom":"","left":"","isLinked":"1"},"title_typography_a_typography":"custom","title_typography_a_font_weight":"300","title_typography_a_text_transform":"capitalize","alignment_b":"left","_element_custom_width":{"unit":"px","size":"265","sizes":[]},"_element_custom_width_tablet":{"unit":"px","size":"220","sizes":[]},"_element_custom_width_mobile":{"unit":"px","size":"280","sizes":[]},"background_a_size":"cover","title_typography_a_font_size_tablet":{"unit":"px","size":"18","sizes":[]},"title_typography_a_font_family":"Helvetica","description_typography_b_typography":"custom","description_typography_b_font_family":"Helvetica","image":{"id":"12826","url":"https:\/\/library.elementor.com\/wp-content\/uploads\/2020\/02\/placeholder.png"}},"elements":[],"widgetType":"flip-box"}],"isInner":"1"}],"isInner":"1"}],"isInner":""},{"id":"5929d178","elType":"column","settings":{"_column_size":"25","_inline_size":"5","content_position":"center","margin_tablet":{"unit":"%","top":"","right":"","bottom":"","left":"","isLinked":"1"},"align_mobile":"flex-end"},"elements":[{"id":"115a9edf","elType":"widget","settings":{"space":{"unit":"px","size":"90","sizes":[]},"_background_background":"classic","_background_color":"#6C7C69","_element_custom_width":{"unit":"px","size":"138","sizes":[]},"_offset_x":{"unit":"%","size":"0","sizes":[]},"_offset_y":{"unit":"%","size":"","sizes":[]},"_element_custom_width_tablet":{"unit":"vw","size":"","sizes":[]},"_offset_orientation_v":"end","_element_width_mobile":"initial","_element_custom_width_mobile":{"unit":"px","size":"30","sizes":[]}},"elements":[],"widgetType":"spacer"}],"isInner":""}],"isInner":""},{"id":"be501f9","elType":"section","settings":{"margin":{"unit":"%","top":"10","right":"0","bottom":"0","left":"0","isLinked":""},"padding_tablet":{"unit":"%","top":"0","right":"3","bottom":"0","left":"3","isLinked":""},"margin_tablet":{"unit":"%","top":"20","right":"0","bottom":"0","left":"0","isLinked":""},"margin_mobile":{"unit":"%","top":"20","right":"0","bottom":"0","left":"0","isLinked":""},"_title":"About Us","content_width":{"unit":"px","size":"1400","sizes":[]},"_timestamp_":"v1bnVUUHJ2THdCOGhycjdXanhqVEJXdz09"},"elements":[{"id":"4f9daec0","elType":"column","settings":{"_column_size":"100"},"elements":[{"id":"685eae32","elType":"widget","settings":{"title":"Professional and Reliable<br>\nFlooring Service You Can Trust","align":"center","title_color":"#6C7C69","typography_typography":"custom","typography_font_family":"Playfair Display","typography_font_size":{"unit":"px","size":"40","sizes":[]},"typography_font_size_tablet":{"unit":"px","size":"32","sizes":[]},"typography_font_size_mobile":{"unit":"px","size":"28","sizes":[]},"typography_font_weight":"400","typography_text_transform":"capitalize","typography_line_height":{"unit":"px","size":"44","sizes":[]},"typography_line_height_tablet":{"unit":"px","size":"36","sizes":[]},"typography_line_height_mobile":{"unit":"px","size":"32","sizes":[]},"typography_letter_spacing":{"unit":"px","size":"-1.13","sizes":[]}},"elements":[],"widgetType":"heading"},{"id":"51aaa49f","elType":"section","settings":{"structure":"40","margin":{"unit":"%","top":"4","right":"0","bottom":"0","left":"0","isLinked":""},"margin_mobile":{"unit":"%","top":"10","right":"0","bottom":"0","left":"0","isLinked":""},"content_width":{"unit":"px","size":"1400","sizes":[]}},"elements":[{"id":"20c48730","elType":"column","settings":{"_column_size":"25","_inline_size_mobile":"50"},"elements":[{"id":"72dee434","elType":"widget","settings":{"space":{"unit":"px","size":"43","sizes":[]},"_background_background":"classic","_background_color":"rgba(108, 124, 105, 0.26)","_element_width":"initial","_element_custom_width":{"unit":"px","size":"43","sizes":[]},"_position":"absolute","_offset_x":{"unit":"px","size":"120","sizes":[]},"_offset_y":{"unit":"px","size":"-13","sizes":[]},"_offset_x_tablet":{"unit":"px","size":"40","sizes":[]},"_offset_x_mobile":{"unit":"px","size":"28","sizes":[]},"motion_fx_motion_fx_scrolling":"yes","motion_fx_blur_level":{"unit":"px","size":"15","sizes":[]},"motion_fx_blur_range":{"unit":"%","size":"","sizes":{"start":"0","end":"49"}},"motion_fx_scale_effect":"yes","motion_fx_scale_direction":"in-out","motion_fx_scale_speed":{"unit":"px","size":"-10","sizes":[]},"motion_fx_scale_range":{"unit":"%","size":"","sizes":{"start":"0","end":"40"}},"motion_fx_transform_origin_x":"right","motion_fx_transform_origin_y":"bottom","motion_fx_mouseTrack_effect":"yes","motion_fx_mouseTrack_speed":{"unit":"px","size":"0.1","sizes":[]},"motion_fx_tilt_direction":"negative","_element_custom_width_tablet":{"unit":"px","size":"33","sizes":[]}},"elements":[],"widgetType":"spacer"},{"id":"505e8ff4","elType":"widget","settings":{"title_text":"","description_text":"Fully Licensed &amp; Insured","_z_index":"2","selected_icon":{"value":{"id":"14912","url":"https:\/\/library.elementor.com\/wp-content\/uploads\/2020\/08\/Fully_Licensed_Insured-260720.svg"},"library":"svg"},"primary_color":"#6C7C69","icon_space":{"unit":"px","size":"20","sizes":[]},"icon_size":{"unit":"px","size":"50","sizes":[]},"description_color":"#000000","description_typography_typography":"custom","description_typography_font_family":"Helvetica","description_typography_font_size":{"unit":"px","size":"16","sizes":[]},"description_typography_font_size_tablet":{"unit":"px","size":"14","sizes":[]},"description_typography_font_weight":"300","description_typography_line_height":{"unit":"px","size":"22","sizes":[]},"description_typography_line_height_tablet":{"unit":"px","size":"20","sizes":[]},"description_typography_letter_spacing":{"unit":"px","size":"0","sizes":[]}},"elements":[],"widgetType":"icon-box"}],"isInner":"1"},{"id":"4e0dbf86","elType":"column","settings":{"_column_size":"25","_inline_size_mobile":"50"},"elements":[{"id":"26e7ba68","elType":"widget","settings":{"title_text":"","description_text":"Affordable Rates","_z_index":"2","selected_icon":{"value":{"id":"14913","url":"https:\/\/library.elementor.com\/wp-content\/uploads\/2020\/08\/Affordable_Rates.svg"},"library":"svg"},"primary_color":"#6C7C69","icon_space":{"unit":"px","size":"20","sizes":[]},"icon_size":{"unit":"px","size":"50","sizes":[]},"description_color":"#000000","description_typography_typography":"custom","description_typography_font_family":"Helvetica","description_typography_font_size":{"unit":"px","size":"16","sizes":[]},"description_typography_font_size_tablet":{"unit":"px","size":"14","sizes":[]},"description_typography_font_weight":"300","description_typography_line_height":{"unit":"px","size":"22","sizes":[]},"description_typography_line_height_tablet":{"unit":"px","size":"20","sizes":[]},"description_typography_letter_spacing":{"unit":"px","size":"0","sizes":[]}},"elements":[],"widgetType":"icon-box"},{"id":"5a3bae74","elType":"widget","settings":{"space":{"unit":"px","size":"43","sizes":[]},"_background_background":"classic","_background_color":"rgba(108, 124, 105, 0.26)","_element_width":"initial","_element_custom_width":{"unit":"px","size":"43","sizes":[]},"_position":"absolute","_offset_x":{"unit":"px","size":"120","sizes":[]},"_offset_y":{"unit":"px","size":"-13","sizes":[]},"_offset_x_tablet":{"unit":"px","size":"40","sizes":[]},"_offset_x_mobile":{"unit":"px","size":"28","sizes":[]},"motion_fx_motion_fx_scrolling":"yes","motion_fx_scale_effect":"yes","motion_fx_scale_direction":"in-out","motion_fx_scale_speed":{"unit":"px","size":"-10","sizes":[]},"motion_fx_scale_range":{"unit":"%","size":"","sizes":{"start":"0","end":"45"}},"motion_fx_transform_origin_x":"right","motion_fx_transform_origin_y":"bottom","motion_fx_mouseTrack_effect":"yes","motion_fx_mouseTrack_speed":{"unit":"px","size":"0.1","sizes":[]},"motion_fx_tilt_direction":"negative"},"elements":[],"widgetType":"spacer"}],"isInner":"1"},{"id":"2fb6ff90","elType":"column","settings":{"_column_size":"25","_inline_size_mobile":"50","margin_mobile":{"unit":"%","top":"15","right":"0","bottom":"0","left":"0","isLinked":""}},"elements":[{"id":"1c696b4e","elType":"widget","settings":{"title_text":"","description_text":"Quality Craftsmanship","_z_index":"2","selected_icon":{"value":{"id":"14914","url":"https:\/\/library.elementor.com\/wp-content\/uploads\/2020\/08\/Quality_Craftsmanship.svg"},"library":"svg"},"primary_color":"#6C7C69","icon_space":{"unit":"px","size":"20","sizes":[]},"icon_size":{"unit":"px","size":"50","sizes":[]},"description_color":"#000000","description_typography_typography":"custom","description_typography_font_family":"Helvetica","description_typography_font_size":{"unit":"px","size":"16","sizes":[]},"description_typography_font_size_tablet":{"unit":"px","size":"14","sizes":[]},"description_typography_font_weight":"300","description_typography_line_height":{"unit":"px","size":"22","sizes":[]},"description_typography_line_height_tablet":{"unit":"px","size":"20","sizes":[]},"description_typography_letter_spacing":{"unit":"px","size":"0","sizes":[]}},"elements":[],"widgetType":"icon-box"},{"id":"77a1878a","elType":"widget","settings":{"space":{"unit":"px","size":"43","sizes":[]},"_background_background":"classic","_background_color":"rgba(108, 124, 105, 0.26)","_element_width":"initial","_element_custom_width":{"unit":"px","size":"43","sizes":[]},"_position":"absolute","_offset_x":{"unit":"px","size":"120","sizes":[]},"_offset_x_tablet":{"unit":"px","size":"40","sizes":[]},"_offset_y":{"unit":"px","size":"-13","sizes":[]},"_offset_x_mobile":{"unit":"px","size":"28","sizes":[]},"motion_fx_motion_fx_scrolling":"yes","motion_fx_scale_effect":"yes","motion_fx_scale_direction":"in-out","motion_fx_scale_speed":{"unit":"px","size":"-10","sizes":[]},"motion_fx_scale_range":{"unit":"%","size":"","sizes":{"start":"0","end":"50"}},"motion_fx_transform_origin_x":"right","motion_fx_transform_origin_y":"bottom","motion_fx_mouseTrack_effect":"yes","motion_fx_mouseTrack_speed":{"unit":"px","size":"0.1","sizes":[]},"motion_fx_tilt_direction":"negative"},"elements":[],"widgetType":"spacer"}],"isInner":"1"},{"id":"54c27831","elType":"column","settings":{"_column_size":"25","_inline_size_mobile":"50","margin_mobile":{"unit":"%","top":"15","right":"0","bottom":"0","left":"0","isLinked":""}},"elements":[{"id":"32e894d0","elType":"widget","settings":{"title_text":"","description_text":"Years Of Experience","_z_index":"2","selected_icon":{"value":{"id":"14915","url":"https:\/\/library.elementor.com\/wp-content\/uploads\/2020\/08\/YearsOfExperienced.svg"},"library":"svg"},"primary_color":"#6C7C69","icon_space":{"unit":"px","size":"20","sizes":[]},"icon_size":{"unit":"px","size":"50","sizes":[]},"description_color":"#000000","description_typography_typography":"custom","description_typography_font_family":"Helvetica","description_typography_font_size":{"unit":"px","size":"16","sizes":[]},"description_typography_font_size_tablet":{"unit":"px","size":"14","sizes":[]},"description_typography_font_weight":"300","description_typography_line_height":{"unit":"px","size":"22","sizes":[]},"description_typography_line_height_tablet":{"unit":"px","size":"20","sizes":[]},"description_typography_letter_spacing":{"unit":"px","size":"0","sizes":[]}},"elements":[],"widgetType":"icon-box"},{"id":"51fa3f16","elType":"widget","settings":{"space":{"unit":"px","size":"43","sizes":[]},"_background_background":"classic","_background_color":"rgba(108, 124, 105, 0.26)","_element_width":"initial","_element_custom_width":{"unit":"px","size":"43","sizes":[]},"_position":"absolute","_offset_x":{"unit":"px","size":"120","sizes":[]},"_offset_x_tablet":{"unit":"px","size":"40","sizes":[]},"_offset_y":{"unit":"px","size":"-13","sizes":[]},"_offset_x_mobile":{"unit":"px","size":"28","sizes":[]},"motion_fx_motion_fx_scrolling":"yes","motion_fx_scale_effect":"yes","motion_fx_scale_direction":"in-out","motion_fx_scale_speed":{"unit":"px","size":"-10","sizes":[]},"motion_fx_scale_range":{"unit":"%","size":"","sizes":{"start":"0","end":"55"}},"motion_fx_transform_origin_x":"right","motion_fx_transform_origin_y":"bottom","motion_fx_mouseTrack_effect":"yes","motion_fx_mouseTrack_speed":{"unit":"px","size":"0.1","sizes":[]},"motion_fx_tilt_direction":"negative"},"elements":[],"widgetType":"spacer"}],"isInner":"1"}],"isInner":"1"},{"id":"3303ba56","elType":"widget","settings":{"text":"More About Us","border_width":{"unit":"px","top":"2","right":"2","bottom":"2","left":"2","isLinked":"1"},"border_color":"#6C7C69","align":"center","_margin":{"unit":"%","top":"4","right":"0","bottom":"0","left":"0","isLinked":""},"_margin_mobile":{"unit":"%","top":"10","right":"0","bottom":"0","left":"0","isLinked":""},"typography_typography":"custom","typography_font_family":"Helvetica","typography_font_size":{"unit":"px","size":"14","sizes":[]},"typography_font_weight":"700","typography_text_transform":"capitalize","typography_letter_spacing":{"unit":"px","size":"-0.45","sizes":[]},"button_text_color":"#6C7C69","hover_color":"#FFFAF5","button_background_hover_color":"#6C7C69","border_border":"solid","border_radius":{"unit":"px","top":"0","right":"0","bottom":"0","left":"0","isLinked":"1"},"text_padding":{"unit":"px","top":"18","right":"43","bottom":"18","left":"43","isLinked":""},"text_padding_mobile":{"unit":"px","top":"15","right":"36","bottom":"15","left":"36","isLinked":""},"background_color":"rgba(2, 1, 1, 0)"},"elements":[],"widgetType":"button"}],"isInner":""}],"isInner":""},{"id":"ff8d037","elType":"section","settings":{"layout":"full_width","gap":"no","height":"min-height","custom_height":{"unit":"vh","size":"70","sizes":[]},"column_position":"stretch","content_position":"middle","structure":"20","_title":"Testimonials","margin":{"unit":"%","top":"10","right":"0","bottom":"0","left":"0","isLinked":""},"margin_tablet":{"unit":"%","top":"20","right":"0","bottom":"0","left":"0","isLinked":""},"margin_mobile":{"unit":"%","top":"30","right":"0","bottom":"0","left":"0","isLinked":""},"_timestamp_":"v1bnVUUHJ2THdCOGhycjdXanhqVEJXdz09"},"elements":[{"id":"9dc109d","elType":"column","settings":{"_column_size":"50","_inline_size":"50","background_color":"#6C7C69","padding":{"unit":"%","top":"0","right":"0","bottom":"0","left":"10","isLinked":""},"_inline_size_tablet":"100","padding_tablet":{"unit":"px","top":"0","right":"0","bottom":"0","left":"0","isLinked":""}},"elements":[{"id":"2466dab7","elType":"widget","settings":{"title":"Satisfied Customers","align":"center","title_color":"#6C7C69","typography_typography":"custom","typography_font_family":"Playfair Display","typography_font_size":{"unit":"px","size":"40","sizes":[]},"typography_font_size_tablet":{"unit":"px","size":"32","sizes":[]},"typography_font_size_mobile":{"unit":"px","size":"28","sizes":[]},"typography_font_weight":"400","typography_text_transform":"capitalize","typography_line_height":{"unit":"px","size":"44","sizes":[]},"typography_line_height_tablet":{"unit":"px","size":"36","sizes":[]},"typography_line_height_mobile":{"unit":"px","size":"32","sizes":[]},"typography_letter_spacing":{"unit":"px","size":"-1.13","sizes":[]}},"elements":[],"widgetType":"heading"},{"id":"29d1e4d5","elType":"widget","settings":{"slides":[{"content":"\u201cWe are extremely happy that we chose to do our hardwood floors with grant flooring. Brianna and the entire staff are very knowledgeable, professional and hardworking.  I can honestly say that this was my first remodelling  project that went smoothly and on time.\"","name":"Jessica.D","title":"","image":{"id":"14916","url":"https:\/\/library.elementor.com\/wp-content\/uploads\/2020\/08\/Madline.D-270720.jpg"},"_id":"e9821f4"},{"content":"\u201cWe are delighted with the outstanding floor installation, Thank you so much. What a wonderful job both installation upstairs and downstairs. Your workers worked together as a team, were neat and completed the job in a day and a half. I will definitely recommend your firm to others.\"","name":"Madline.S","title":"","image":{"id":"14917","url":"https:\/\/library.elementor.com\/wp-content\/uploads\/2020\/08\/AnnaD.jpg"},"_id":"477c483"},{"content":"\u201cGrant flooring did a great job installing the maple hardwood floor in our kitchen and bedroom room! They started and completed the work on time as promised and we are delighted with the results! I would most certainly use Grant Flooring again and I would recommend them.\u201d","name":"Emma  k.","title":"","image":{"id":"14918","url":"https:\/\/library.elementor.com\/wp-content\/uploads\/2020\/08\/Emma.jpg"},"_id":"a4543a6"}],"width":{"unit":"%","size":"70","sizes":[]},"show_arrows":"","autoplay_speed":"4000","slide_padding":{"unit":"px","top":"0","right":"0","bottom":"0","left":"0","isLinked":"1"},"content_gap":{"unit":"px","size":"15","sizes":[]},"content_typography_typography":"custom","content_typography_font_size":{"unit":"px","size":"16","sizes":[]},"content_typography_font_style":"normal","name_color":"#6C7C69","name_typography_typography":"custom","name_typography_font_family":"Playfair Display","name_typography_font_size":{"unit":"px","size":"18","sizes":[]},"name_typography_font_weight":"400","name_typography_text_transform":"capitalize","name_typography_line_height":{"unit":"px","size":"20","sizes":[]},"name_typography_letter_spacing":{"unit":"px","size":"-0.51","sizes":[]},"image_size":{"unit":"px","size":"50","sizes":[]},"image_gap":{"unit":"px","size":"14","sizes":[]},"pagination_size":{"unit":"px","size":"6","sizes":[]},"pagination_color":"#6C7C69","image_border_color":"","width_tablet":{"unit":"%","size":"65","sizes":[]},"width_mobile":{"unit":"%","size":"80","sizes":[]},"content_typography_font_size_tablet":{"unit":"px","size":"14","sizes":[]},"content_color":"#000000","content_typography_font_family":"Helvetica","content_typography_font_weight":"300","content_typography_line_height":{"unit":"px","size":"22","sizes":[]},"content_typography_line_height_tablet":{"unit":"px","size":"","sizes":[]},"content_typography_letter_spacing":{"unit":"px","size":"0","sizes":[]}},"elements":[],"widgetType":"testimonial-carousel"}],"isInner":""},{"id":"431d55f1","elType":"column","settings":{"_column_size":"50","_inline_size":"50","margin":{"unit":"%","top":"0","right":"0","bottom":"0","left":"40","isLinked":""},"content_position":"bottom","background_background":"classic","background_color":"#6C7C69","_inline_size_tablet":"100","margin_tablet":{"unit":"%","top":"0","right":"0","bottom":"0","left":"60","isLinked":""},"padding":{"unit":"%","top":"","right":"","bottom":"","left":"","isLinked":"1"},"padding_tablet":{"unit":"%","top":"","right":"","bottom":"","left":"","isLinked":"1"}},"elements":[{"id":"735891ee","elType":"widget","settings":{"image":{"id":"14919","url":"https:\/\/library.elementor.com\/wp-content\/uploads\/2020\/08\/HomePage-TestimonialsSection.jpg"},"image_size":"full","image_box_shadow_box_shadow":{"horizontal":"500","vertical":"0","blur":"0","spread":"100","color":"#6C7C69"},"width_mobile":{"unit":"%","size":"70","sizes":[]},"_margin":{"unit":"%","top":"0","right":"0","bottom":"-12","left":"-60","isLinked":""},"_margin_tablet":{"unit":"%","top":"20","right":"0","bottom":"-20","left":"-100","isLinked":""},"_padding_tablet":{"unit":"%","top":"","right":"","bottom":"","left":"","isLinked":"1"},"animation_duration":"slow"},"elements":[],"widgetType":"image"}],"isInner":""}],"isInner":""},{"id":"567b3a7b","elType":"section","settings":{"margin":{"unit":"%","top":"15","right":"0","bottom":"0","left":"0","isLinked":""},"padding_tablet":{"unit":"%","top":"0","right":"4","bottom":"0","left":"4","isLinked":""},"margin_tablet":{"unit":"%","top":"30","right":"0","bottom":"0","left":"0","isLinked":""},"_title":"Our Projects","margin_mobile":{"unit":"%","top":"","right":"0","bottom":"","left":"0","isLinked":"1"},"content_width":{"unit":"px","size":"1400","sizes":[]},"_timestamp_":"v1bnVUUHJ2THdCOGhycjdXanhqVEJXdz09"},"elements":[{"id":"4f0dd1a5","elType":"column","settings":{"_column_size":"100"},"elements":[{"id":"76b7434d","elType":"widget","settings":{"title":"Our Projects","align":"center","title_color":"#6C7C69","typography_typography":"custom","typography_font_family":"Playfair Display","typography_font_size":{"unit":"px","size":"40","sizes":[]},"typography_font_size_tablet":{"unit":"px","size":"32","sizes":[]},"typography_font_size_mobile":{"unit":"px","size":"28","sizes":[]},"typography_font_weight":"400","typography_text_transform":"capitalize","typography_line_height":{"unit":"px","size":"44","sizes":[]},"typography_line_height_tablet":{"unit":"px","size":"36","sizes":[]},"typography_line_height_mobile":{"unit":"px","size":"32","sizes":[]},"typography_letter_spacing":{"unit":"px","size":"-1.13","sizes":[]}},"elements":[],"widgetType":"heading"},{"id":"2f938013","elType":"section","settings":{"structure":"30","margin":{"unit":"%","top":"4","right":"0","bottom":"0","left":"0","isLinked":""}},"elements":[{"id":"638aca67","elType":"column","settings":{"_column_size":"33","margin":{"unit":"%","top":"25","right":"0","bottom":"0","left":"0","isLinked":""},"_inline_size_tablet":"25","margin_tablet":{"unit":"%","top":"65","right":"0","bottom":"0","left":"0","isLinked":""},"margin_mobile":{"unit":"%","top":"10","right":"0","bottom":"0","left":"25","isLinked":""}},"elements":[{"id":"55f25f73","elType":"widget","settings":{"image":{"id":"14920","url":"https:\/\/library.elementor.com\/wp-content\/uploads\/2020\/08\/HomePage-OurProjects-img_1.jpg"},"image_size":"full","align":"right","_z_index":"2","_margin_mobile":{"unit":"%","top":"","right":"","bottom":"","left":"","isLinked":"1"}},"elements":[],"widgetType":"image"},{"id":"348ffd63","elType":"widget","settings":{"space":{"unit":"px","size":"288","sizes":[]},"_background_background":"classic","_background_color":"#6C7C69","_element_width":"initial","_element_custom_width":{"unit":"px","size":"315","sizes":[]},"_position":"absolute","_offset_y":{"unit":"px","size":"-65","sizes":[]},"space_tablet":{"unit":"px","size":"128","sizes":[]},"_element_width_tablet":"initial","_element_custom_width_tablet":{"unit":"px","size":"148","sizes":[]},"_offset_x_tablet":{"unit":"px","size":"-15","sizes":[]},"_offset_x_mobile":{"unit":"px","size":"-30","sizes":[]},"_offset_y_tablet":{"unit":"px","size":"-40","sizes":[]}},"elements":[],"widgetType":"spacer"}],"isInner":"1"},{"id":"45ea9c42","elType":"column","settings":{"_column_size":"33","_inline_size_tablet":"50"},"elements":[{"id":"c9d050","elType":"widget","settings":{"image":{"id":"14921","url":"https:\/\/library.elementor.com\/wp-content\/uploads\/2020\/08\/HomePage-OurProjects-img_2.jpg"},"image_size":"full","_z_index":"2","_animation":"fadeInUp","animation_duration":"slow"},"elements":[],"widgetType":"image"}],"isInner":"1"},{"id":"2e494a75","elType":"column","settings":{"_column_size":"33","margin":{"unit":"%","top":"35","right":"0","bottom":"0","left":"0","isLinked":""},"_inline_size_tablet":"25","margin_tablet":{"unit":"%","top":"83","right":"0","bottom":"0","left":"0","isLinked":""},"margin_mobile":{"unit":"%","top":"20","right":"25","bottom":"0","left":"0","isLinked":""}},"elements":[{"id":"3cb49bdf","elType":"widget","settings":{"image":{"id":"14922","url":"https:\/\/library.elementor.com\/wp-content\/uploads\/2020\/08\/HomePage-OurProjects-img_3.jpg"},"image_size":"full","align":"left","_z_index":"2"},"elements":[],"widgetType":"image"},{"id":"2a28a61e","elType":"widget","settings":{"space":{"unit":"px","size":"326","sizes":[]},"_background_background":"classic","_background_color":"#F2EAE3","_element_width":"initial","_element_custom_width":{"unit":"px","size":"267","sizes":[]},"_position":"absolute","_offset_x":{"unit":"px","size":"","sizes":[]},"_offset_y":{"unit":"px","size":"-60","sizes":[]},"_offset_orientation_h":"end","_offset_x_end":{"unit":"px","size":"60","sizes":[]},"space_tablet":{"unit":"px","size":"186","sizes":[]},"_element_width_tablet":"initial","_element_custom_width_tablet":{"unit":"px","size":"128","sizes":[]},"_offset_x_end_tablet":{"unit":"px","size":"-15","sizes":[]},"_offset_x_end_mobile":{"unit":"px","size":"-30","sizes":[]},"_offset_y_tablet":{"unit":"px","size":"-40","sizes":[]}},"elements":[],"widgetType":"spacer"}],"isInner":"1"}],"isInner":"1"},{"id":"7a873613","elType":"widget","settings":{"text":"View Project Gallery","align":"center","hover_color":"#000000","button_background_hover_color":"rgba(2, 1, 1, 0)","border_border":"solid","border_width":{"unit":"px","top":"0","right":"0","bottom":"1","left":"0","isLinked":""},"border_color":"#6C7C69","text_padding":{"unit":"px","top":"0","right":"0","bottom":"0","left":"0","isLinked":"1"},"_margin":{"unit":"%","top":"","right":"","bottom":"","left":"","isLinked":"1"},"_margin_mobile":{"unit":"%","top":"5","right":"0","bottom":"0","left":"0","isLinked":""},"typography_typography":"custom","typography_font_family":"Helvetica","typography_font_size":{"unit":"px","size":"14","sizes":[]},"typography_font_weight":"700","typography_text_transform":"capitalize","typography_line_height":{"unit":"px","size":"","sizes":[]},"typography_letter_spacing":{"unit":"px","size":"-0.45","sizes":[]},"button_text_color":"#6C7C69","button_hover_border_color":"#000000","border_radius":{"unit":"px","top":"0","right":"0","bottom":"0","left":"0","isLinked":"1"},"background_color":"rgba(2, 1, 1, 0)"},"elements":[],"widgetType":"button"}],"isInner":""}],"isInner":""},{"id":"1e5eab27","elType":"section","settings":{"margin":{"unit":"%","top":"10","right":"0","bottom":"0","left":"0","isLinked":""},"padding_tablet":{"unit":"%","top":"","right":"","bottom":"","left":"","isLinked":"1"},"margin_mobile":{"unit":"%","top":"30","right":"0","bottom":"0","left":"0","isLinked":""},"_title":"Blog posts","margin_tablet":{"unit":"%","top":"20","right":"0","bottom":"0","left":"0","isLinked":""},"layout":"full_width","gap":"no","padding":{"unit":"%","top":"0","right":"7","bottom":"0","left":"7","isLinked":""},"_timestamp_":"v1bnVUUHJ2THdCOGhycjdXanhqVEJXdz09"},"elements":[{"id":"25cd3a99","elType":"column","settings":{"_column_size":"100"},"elements":[{"id":"54c2e487","elType":"widget","settings":{"title":"Our Blog","align":"center","title_color":"#6C7C69","typography_typography":"custom","typography_font_family":"Playfair Display","typography_font_size":{"unit":"px","size":"40","sizes":[]},"typography_font_size_tablet":{"unit":"px","size":"32","sizes":[]},"typography_font_size_mobile":{"unit":"px","size":"28","sizes":[]},"typography_font_weight":"400","typography_text_transform":"capitalize","typography_line_height":{"unit":"px","size":"44","sizes":[]},"typography_line_height_tablet":{"unit":"px","size":"36","sizes":[]},"typography_line_height_mobile":{"unit":"px","size":"32","sizes":[]},"typography_letter_spacing":{"unit":"px","size":"-1.13","sizes":[]}},"elements":[],"widgetType":"heading"},{"id":"4c646c11","elType":"section","settings":{"margin":{"unit":"%","top":"4","right":"0","bottom":"0","left":"0","isLinked":""},"gap":"no","content_width":{"unit":"px","size":"1400","sizes":[]}},"elements":[{"id":"72e4a5c9","elType":"column","settings":{"_column_size":"100"},"elements":[{"id":"1d1b912b","elType":"widget","settings":{"classic_meta_separator":"\/\/\/","classic_read_more_text":"Read More \u00bb","cards_meta_separator":"\u2022","cards_read_more_text":"Read More","full_content_meta_separator":"\/\/\/","pagination_page_limit":"5","pagination_prev_label":"&laquo; Previous","pagination_next_label":"Next &raquo;","_skin":"cards","classic_posts_per_page":"3","classic_thumbnail_size_size":"full","cards_columns_tablet":"1","cards_posts_per_page":"3","cards_thumbnail_size_size":"full","cards_item_ratio_mobile":{"unit":"px","size":"0.8","sizes":[]},"cards_title_tag":"h4","cards_meta_data":[],"cards_show_badge":"","cards_show_avatar":"","posts_avoid_duplicates":"yes","posts_order":"asc","classic_column_gap":{"unit":"px","size":"40","sizes":[]},"classic_row_gap":{"unit":"px","size":"40","sizes":[]},"cards_column_gap":{"unit":"px","size":"45","sizes":[]},"cards_card_bg_color":"#6C7C69","cards_card_border_radius":{"unit":"px","size":"0","sizes":[]},"cards_card_padding":{"unit":"px","size":"50","sizes":[]},"cards_box_shadow_box_shadow_type":"","cards_title_color":"#FFFFFF","cards_title_spacing":{"unit":"px","size":"15","sizes":[]},"cards_excerpt_color":"#FFFFFF","cards_excerpt_spacing":{"unit":"px","size":"10","sizes":[]},"cards_read_more_color":"#FFFFFF","cards_read_more_typography_typography":"custom","cards_read_more_typography_font_size":{"unit":"px","size":"14","sizes":[]},"cards_read_more_typography_text_transform":"capitalize","cards_read_more_typography_text_decoration":"underline","cards_read_more_spacing":{"unit":"px","size":"20","sizes":[]},"cards_row_gap":{"unit":"px","size":"70","sizes":[]},"cards_item_ratio_tablet":{"unit":"px","size":"0.5","sizes":[]},"cards_title_typography_typography":"custom","cards_title_typography_font_family":"Playfair Display","cards_title_typography_font_size":{"unit":"px","size":"24","sizes":[]},"cards_title_typography_font_weight":"700","cards_title_typography_text_transform":"capitalize","cards_title_typography_line_height":{"unit":"px","size":"25","sizes":[]},"cards_title_typography_letter_spacing":{"unit":"px","size":"-0.68","sizes":[]},"cards_excerpt_typography_typography":"custom","cards_excerpt_typography_font_family":"Helvetica","cards_excerpt_typography_font_size":{"unit":"px","size":"14","sizes":[]},"cards_excerpt_typography_font_weight":"300","cards_excerpt_typography_line_height":{"unit":"px","size":"22","sizes":[]},"cards_excerpt_typography_letter_spacing":{"unit":"px","size":"0","sizes":[]},"cards_read_more_typography_font_family":"Helvetica","cards_read_more_typography_font_weight":"700"},"elements":[],"widgetType":"posts"}],"isInner":"1"}],"isInner":"1"},{"id":"4cd290bb","elType":"widget","settings":{"text":"Explore Our Blog","align":"center","_margin":{"unit":"%","top":"4","right":"0","bottom":"0","left":"0","isLinked":""},"hover_color":"#000000","button_background_hover_color":"rgba(2, 1, 1, 0)","border_border":"solid","border_width":{"unit":"px","top":"0","right":"0","bottom":"1","left":"0","isLinked":""},"border_color":"#6C7C69","text_padding":{"unit":"px","top":"0","right":"0","bottom":"0","left":"0","isLinked":"1"},"_margin_tablet":{"unit":"%","top":"10","right":"0","bottom":"0","left":"0","isLinked":""},"_margin_mobile":{"unit":"%","top":"15","right":"0","bottom":"0","left":"0","isLinked":""},"typography_typography":"custom","typography_font_family":"Helvetica","typography_font_size":{"unit":"px","size":"14","sizes":[]},"typography_font_weight":"700","typography_text_transform":"capitalize","typography_line_height":{"unit":"px","size":"","sizes":[]},"typography_letter_spacing":{"unit":"px","size":"-0.45","sizes":[]},"button_text_color":"#6C7C69","button_hover_border_color":"#000000","border_radius":{"unit":"px","top":"0","right":"0","bottom":"0","left":"0","isLinked":"1"},"background_color":"rgba(2, 1, 1, 0)"},"elements":[],"widgetType":"button"}],"isInner":""}],"isInner":""},{"id":"1b049c82","elType":"section","settings":{"content_width":{"unit":"px","size":"640","sizes":[]},"margin":{"unit":"%","top":"15","right":"0","bottom":"15","left":"0","isLinked":"1"},"margin_tablet":{"unit":"%","top":"20","right":"0","bottom":"20","left":"0","isLinked":"1"},"margin_mobile":{"unit":"%","top":"30","right":"0","bottom":"35","left":"0","isLinked":""},"_title":"2 year warranty","_timestamp_":"v1bnVUUHJ2THdCOGhycjdXanhqVEJXdz09"},"elements":[{"id":"75c94034","elType":"column","settings":{"_column_size":"100"},"elements":[{"id":"219508ed","elType":"widget","settings":{"title":"2 year warranty\n","align":"center","typography_typography":"custom","typography_font_weight":"700","_margin":{"unit":"px","top":"0","right":"0","bottom":"-12","left":"0","isLinked":""},"_z_index":"2","title_color":"#6C7C69","typography_font_family":"Playfair Display","typography_font_size":{"unit":"px","size":"40","sizes":[]},"typography_font_size_tablet":{"unit":"px","size":"32","sizes":[]},"typography_font_size_mobile":{"unit":"px","size":"28","sizes":[]},"typography_text_transform":"capitalize","typography_line_height":{"unit":"px","size":"44","sizes":[]},"typography_line_height_tablet":{"unit":"px","size":"36","sizes":[]},"typography_line_height_mobile":{"unit":"px","size":"32","sizes":[]},"typography_letter_spacing":{"unit":"px","size":"-1.13","sizes":[]}},"elements":[],"widgetType":"heading"},{"id":"7777df38","elType":"widget","settings":{"space":{"unit":"px","size":"140","sizes":[]},"_background_background":"classic","_background_color":"#F2EAE3","_element_width":"initial","_element_custom_width":{"unit":"px","size":"255","sizes":[]},"_position":"absolute","_offset_x":{"unit":"px","size":"","sizes":[]},"_offset_y":{"unit":"px","size":"62","sizes":[]},"_offset_orientation_h":"end","_offset_x_end":{"unit":"px","size":"-130","sizes":[]},"_element_width_tablet":"initial","_element_custom_width_tablet":{"unit":"px","size":"184","sizes":[]},"_offset_x_end_tablet":{"unit":"px","size":"-15","sizes":[]},"_offset_x_end_mobile":{"unit":"px","size":"-5","sizes":[]},"_offset_y_tablet":{"unit":"px","size":"-260","sizes":[]},"space_mobile":{"unit":"px","size":"100","sizes":[]},"_element_custom_width_mobile":{"unit":"px","size":"162","sizes":[]},"_offset_y_mobile":{"unit":"px","size":"-92","sizes":[]},"_offset_orientation_v":"end","_offset_y_end":{"unit":"px","size":"-40","sizes":[]},"_offset_y_end_tablet":{"unit":"px","size":"-10","sizes":[]},"_offset_y_end_mobile":{"unit":"px","size":"-70","sizes":[]}},"elements":[],"widgetType":"spacer"},{"id":"5162657d","elType":"widget","settings":{"space":{"unit":"px","size":"140","sizes":[]},"_background_background":"classic","_background_color":"#F2EAE3","_element_width":"initial","_element_custom_width":{"unit":"px","size":"255","sizes":[]},"_position":"absolute","_offset_x":{"unit":"px","size":"-50","sizes":[]},"_offset_y":{"unit":"px","size":"-70","sizes":[]},"_offset_x_end":{"unit":"px","size":"-60","sizes":[]},"_element_custom_width_tablet":{"unit":"px","size":"184","sizes":[]},"_offset_x_end_tablet":{"unit":"px","size":"-15","sizes":[]},"_offset_x_end_mobile":{"unit":"px","size":"-10","sizes":[]},"space_mobile":{"unit":"px","size":"95","sizes":[]},"_element_width_mobile":"initial","_element_custom_width_mobile":{"unit":"px","size":"117","sizes":[]},"_offset_y_mobile":{"unit":"px","size":"-30","sizes":[]},"_offset_x_tablet":{"unit":"px","size":"-10","sizes":[]},"_offset_y_end":{"unit":"px","size":"-80","sizes":[]}},"elements":[],"widgetType":"spacer"},{"id":"7132b7ad","elType":"widget","settings":{"title":"for all of our services","header_size":"h5","align":"center","_z_index":"2","title_color":"#6C7C69","typography_typography":"custom","typography_font_family":"Playfair Display","typography_font_size":{"unit":"px","size":"18","sizes":[]},"typography_font_weight":"400","typography_text_transform":"capitalize","typography_line_height":{"unit":"px","size":"19","sizes":[]},"typography_letter_spacing":{"unit":"px","size":"-0.51","sizes":[]}},"elements":[],"widgetType":"heading"},{"id":"35ce132","elType":"widget","settings":{"editor":"<p>Lorem ipsum dolor sit amet, te has solet postea. Voluptua quaestio dissentias has ex, no eum aliquid tibique petentium, agam mucius liberavisse eos id. Ut sea accumsan interpretaris, viderer pertinax repudiandae ne ius, qui ne porro insolens instructior.<\/p>","align":"center","_z_index":"2","text_color":"#000000","typography_typography":"custom","typography_font_family":"Helvetica","typography_font_size":{"unit":"px","size":"16","sizes":[]},"typography_font_size_tablet":{"unit":"px","size":"14","sizes":[]},"typography_font_weight":"300","typography_line_height":{"unit":"px","size":"22","sizes":[]},"typography_line_height_tablet":{"unit":"px","size":"20","sizes":[]},"typography_letter_spacing":{"unit":"px","size":"0","sizes":[]}},"elements":[],"widgetType":"text-editor"}],"isInner":""}],"isInner":""}],"page_settings":{"background_background":"classic","background_color":"#FFFAF5"}}