{"content":[{"id":"6cdc93a6","elType":"section","settings":{"layout":"full_width","gap":"no","height":"min-height","custom_height":{"unit":"vh","size":"50","sizes":[]},"column_position":"stretch","content_position":"bottom","structure":"20","_title":"Hero","_timestamp_":"v1bnVUUHJ2THdCOGhycjdXanhqVEJXdz09"},"elements":[{"id":"5a97e0d3","elType":"column","settings":{"_column_size":"50","_inline_size":"70","background_background":"classic","background_color":"#6C7C69","padding":{"unit":"%","top":"0","right":"25","bottom":"5","left":"10","isLinked":""},"_inline_size_tablet":"88","margin_tablet":{"unit":"%","top":"","right":"","bottom":"","left":"","isLinked":"1"},"padding_tablet":{"unit":"%","top":"25","right":"5","bottom":"45","left":"10","isLinked":""},"padding_mobile":{"unit":"%","top":"30","right":"5","bottom":"30","left":"10","isLinked":""}},"elements":[{"id":"7a851009","elType":"widget","settings":{"title":"About Us","header_size":"h1","title_color":"#FFFFFF","typography_typography":"custom","typography_font_family":"Playfair Display","typography_font_size":{"unit":"px","size":"80","sizes":[]},"typography_font_size_tablet":{"unit":"px","size":"56","sizes":[]},"typography_font_size_mobile":{"unit":"px","size":"38","sizes":[]},"typography_font_weight":"700","typography_text_transform":"capitalize","typography_line_height":{"unit":"px","size":"80","sizes":[]},"typography_line_height_tablet":{"unit":"px","size":"56","sizes":[]},"typography_line_height_mobile":{"unit":"px","size":"42","sizes":[]},"typography_letter_spacing":{"unit":"px","size":"-2.25","sizes":[]}},"elements":[],"widgetType":"heading"},{"id":"4f96ae5d","elType":"widget","settings":{"title":"Family-owned and operated company<br> specializing in flooring solutions","header_size":"h6","_margin":{"unit":"%","top":"1","right":"0","bottom":"0","left":"0","isLinked":""},"title_color":"#FFFFFF","typography_typography":"custom","typography_font_family":"Helvetica","typography_font_size":{"unit":"px","size":"18","sizes":[]},"typography_font_size_tablet":{"unit":"px","size":"16","sizes":[]},"typography_font_size_mobile":{"unit":"px","size":"14","sizes":[]},"typography_font_weight":"300","typography_line_height":{"unit":"px","size":"22","sizes":[]},"typography_letter_spacing":{"unit":"px","size":"1.5","sizes":[]}},"elements":[],"widgetType":"heading"}],"isInner":""},{"id":"267d3b53","elType":"column","settings":{"_column_size":"50","_inline_size":"30","margin":{"unit":"%","top":"0","right":"30","bottom":"0","left":"0","isLinked":""},"_inline_size_tablet":"100","margin_tablet":{"unit":"%","top":"0","right":"5","bottom":"0","left":"0","isLinked":""},"margin_mobile":{"unit":"%","top":"0","right":"5","bottom":"0","left":"0","isLinked":""},"padding_tablet":{"unit":"%","top":"","right":"","bottom":"","left":"","isLinked":"1"},"padding":{"unit":"%","top":"","right":"","bottom":"","left":"","isLinked":"1"}},"elements":[{"id":"18342a3b","elType":"widget","settings":{"image":{"id":"14935","url":"https:\/\/library.elementor.com\/wp-content\/uploads\/2020\/08\/AboutPage-Hero.jpg"},"image_size":"full","width":{"unit":"px","size":"","sizes":[]},"_margin":{"unit":"%","top":"0","right":"0","bottom":"-50","left":"-125","isLinked":""},"_margin_tablet":{"unit":"%","top":"-30","right":"0","bottom":"0","left":"22","isLinked":""},"_margin_mobile":{"unit":"%","top":"-20","right":"0","bottom":"0","left":"15","isLinked":""}},"elements":[],"widgetType":"image"}],"isInner":""}],"isInner":""},{"id":"4bec38d6","elType":"section","settings":{"layout":"full_width","gap":"no","custom_height":{"unit":"vh","size":"80","sizes":[]},"column_position":"stretch","_title":"About Us Text","margin":{"unit":"%","top":"4","right":"0","bottom":"0","left":"0","isLinked":""},"padding":{"unit":"%","top":"0","right":"60","bottom":"0","left":"7","isLinked":""},"padding_tablet":{"unit":"%","top":"0","right":"7","bottom":"0","left":"7","isLinked":""},"margin_mobile":{"unit":"%","top":"10","right":"0","bottom":"0","left":"0","isLinked":""},"_timestamp_":"v1bnVUUHJ2THdCOGhycjdXanhqVEJXdz09"},"elements":[{"id":"dc0154c","elType":"column","settings":{"_column_size":"100","_inline_size":"100","background_color":"#6C7C69","padding":{"unit":"%","top":"","right":"","bottom":"","left":"","isLinked":"1"},"_inline_size_tablet":"100","margin_tablet":{"unit":"%","top":"","right":"","bottom":"","left":"","isLinked":"1"},"padding_tablet":{"unit":"%","top":"","right":"","bottom":"","left":"","isLinked":"1"},"padding_mobile":{"unit":"%","top":"","right":"","bottom":"","left":"","isLinked":"1"}},"elements":[{"id":"54e8437","elType":"widget","settings":{"editor":"<p>Lorem ipsum dolor sit amet, te has solet postea. Voluptua quaestio dissentias has ex, no interpretaris, viderer pertinax repudiandae ne ius, qui ne porro insolens instructior. Graece euripidis instructior an vix, eum et equidem expetenda concludaturque, ut est Ex est dicit graeco consequat, mel rebum placerat et. Facer recusabo reprehendunt vel at. Delenit repudiare in mei, mazim assentior voluptaria et pri. Ad tempor tritani qui, et elitr consequat<\/p><p>Lorem ipsum dolor sit amet, te has solet postea. Voluptua quaestio dissentias has ex, no interpretaris, viderer pertinax repudiandae ne ius, qui ne porro insolens instructior. Graece euripidis instructior an vix, eum et equidem expetenda concludaturque, ut est Ex est dicit graeco consequat, mel rebum placerat et. Facer recusabo reprehendunt vel at. Delenit repudiare in mei, mazim assentior voluptaria et pri. Ad tempor tritani qui, et elitr consequat Lorem ipsum dolor sit amet, te has solet postea.<\/p>","text_color":"#000000","typography_typography":"custom","typography_font_family":"Helvetica","typography_font_size":{"unit":"px","size":"16","sizes":[]},"typography_font_size_tablet":{"unit":"px","size":"14","sizes":[]},"typography_font_weight":"300","typography_line_height":{"unit":"px","size":"22","sizes":[]},"typography_line_height_tablet":{"unit":"px","size":"20","sizes":[]},"typography_letter_spacing":{"unit":"px","size":"0","sizes":[]}},"elements":[],"widgetType":"text-editor"}],"isInner":""}],"isInner":""},{"id":"748277a1","elType":"section","settings":{"margin":{"unit":"%","top":"15","right":"0","bottom":"0","left":"0","isLinked":""},"padding_tablet":{"unit":"%","top":"0","right":"3","bottom":"0","left":"3","isLinked":""},"margin_tablet":{"unit":"%","top":"20","right":"0","bottom":"0","left":"0","isLinked":""},"margin_mobile":{"unit":"%","top":"30","right":"0","bottom":"0","left":"0","isLinked":""},"_title":"Quotation","content_width":{"unit":"px","size":"840","sizes":[]},"_timestamp_":"v1bnVUUHJ2THdCOGhycjdXanhqVEJXdz09"},"elements":[{"id":"1a88bbbb","elType":"column","settings":{"_column_size":"100","align":"center"},"elements":[{"id":"4a7a3102","elType":"widget","settings":{"selected_icon":{"value":{"id":"14936","url":"https:\/\/library.elementor.com\/wp-content\/uploads\/2020\/08\/quote.svg"},"library":"svg"},"primary_color":"rgba(108, 124, 105, 0.1607843137254902)","size":{"unit":"px","size":"130","sizes":[]},"_margin":{"unit":"px","top":"0","right":"0","bottom":"-6","left":"0","isLinked":""},"_element_width":"auto","_position":"absolute","_offset_x":{"unit":"px","size":"","sizes":[]},"_offset_y":{"unit":"px","size":"","sizes":[]}},"elements":[],"widgetType":"icon"},{"id":"5b8495ff","elType":"widget","settings":{"blockquote_skin":"clean","alignment":"center","blockquote_content":"Excellent service! The floors came out beautiful! The team was very professional and efficient! I highly recommend Grant Flooring.","author_name":"-- Elizabeth Arims","tweet_button":"","tweet_button_label":"Tweet","content_text_color":"#6C7C69","content_typography_typography":"custom","content_typography_font_family":"Playfair Display","content_typography_font_size":{"unit":"px","size":"40","sizes":[]},"content_typography_font_weight":"400","content_typography_line_height":{"unit":"px","size":"48","sizes":[]},"content_typography_letter_spacing":{"unit":"px","size":"-1.13","sizes":[]},"content_gap":{"unit":"px","size":"60","sizes":[]},"author_text_color":"#6C7C69","author_typography_typography":"custom","author_typography_font_size":{"unit":"px","size":"18","sizes":[]},"author_typography_font_weight":"300","author_typography_text_transform":"capitalize","author_typography_line_height":{"unit":"px","size":"22","sizes":[]},"author_typography_letter_spacing":{"unit":"px","size":"1.5","sizes":[]},"_margin":{"unit":"%","top":"5","right":"0","bottom":"0","left":"0","isLinked":""},"_background_color":"#6C7C69","_background_image":{"id":"14936","url":"https:\/\/library.elementor.com\/wp-content\/uploads\/2020\/08\/quote.svg"},"content_typography_font_size_tablet":{"unit":"px","size":"32","sizes":[]},"content_typography_font_size_mobile":{"unit":"px","size":"28","sizes":[]},"content_typography_line_height_tablet":{"unit":"px","size":"36","sizes":[]},"content_typography_line_height_mobile":{"unit":"px","size":"32","sizes":[]},"author_typography_font_family":"Helvetica"},"elements":[],"widgetType":"blockquote"}],"isInner":""}],"isInner":""},{"id":"5ab9b712","elType":"section","settings":{"margin":{"unit":"%","top":"15","right":"0","bottom":"0","left":"0","isLinked":""},"padding_tablet":{"unit":"%","top":"","right":"","bottom":"","left":"","isLinked":"1"},"margin_tablet":{"unit":"%","top":"20","right":"0","bottom":"0","left":"0","isLinked":""},"margin_mobile":{"unit":"%","top":"30","right":"0","bottom":"0","left":"0","isLinked":""},"_title":"The Team","padding_mobile":{"unit":"%","top":"","right":"","bottom":"","left":"","isLinked":"1"},"layout":"full_width","gap":"no","padding":{"unit":"%","top":"0","right":"7","bottom":"0","left":"7","isLinked":""},"_timestamp_":"v1bnVUUHJ2THdCOGhycjdXanhqVEJXdz09"},"elements":[{"id":"31647a16","elType":"column","settings":{"_column_size":"100"},"elements":[{"id":"6a089016","elType":"widget","settings":{"title":"Meet The Team","align":"center","title_color":"#6C7C69","typography_typography":"custom","typography_font_family":"Playfair Display","typography_font_size":{"unit":"px","size":"40","sizes":[]},"typography_font_size_tablet":{"unit":"px","size":"32","sizes":[]},"typography_font_size_mobile":{"unit":"px","size":"28","sizes":[]},"typography_font_weight":"400","typography_text_transform":"capitalize","typography_line_height":{"unit":"px","size":"44","sizes":[]},"typography_line_height_tablet":{"unit":"px","size":"36","sizes":[]},"typography_line_height_mobile":{"unit":"px","size":"32","sizes":[]},"typography_letter_spacing":{"unit":"px","size":"-1.13","sizes":[]}},"elements":[],"widgetType":"heading"},{"id":"60efefd7","elType":"widget","settings":{"editor":"<p>Fully-licensed and insured flooring experts <br \/>with over 20 years of experience<\/p>","align":"center","text_color":"#000000","typography_typography":"custom","typography_font_family":"Helvetica","typography_font_size":{"unit":"px","size":"16","sizes":[]},"typography_font_size_tablet":{"unit":"px","size":"14","sizes":[]},"typography_font_weight":"300","typography_line_height":{"unit":"px","size":"22","sizes":[]},"typography_line_height_tablet":{"unit":"px","size":"20","sizes":[]},"typography_letter_spacing":{"unit":"px","size":"0","sizes":[]}},"elements":[],"widgetType":"text-editor"},{"id":"604e2869","elType":"section","settings":{"structure":"30","margin":{"unit":"%","top":"4","right":"0","bottom":"0","left":"0","isLinked":""},"gap":"no","content_width":{"unit":"px","size":"1400","sizes":[]}},"elements":[{"id":"1876d3ee","elType":"column","settings":{"_column_size":"33","_inline_size_mobile":"100","margin":{"unit":"%","top":"0","right":"6","bottom":"0","left":"0","isLinked":""},"margin_mobile":{"unit":"px","top":"0","right":"0","bottom":"0","left":"0","isLinked":"1"}},"elements":[{"id":"20933d3f","elType":"widget","settings":{"bg_image":{"id":"14937","url":"https:\/\/library.elementor.com\/wp-content\/uploads\/2020\/08\/Brianna_Grant.jpg"},"bg_image_size":"full","title":"Brianna Grant","description":"Founder and Co-owner","title_tag":"h3","button":"","link":{"url":"#","is_external":"","nofollow":"","custom_attributes":""},"padding":{"unit":"px","top":"28","right":"0","bottom":"28","left":"0","isLinked":""},"image_min_height":{"unit":"px","size":"412","sizes":[]},"content_bg_color":"#6C7C69","title_color":"#FFFFFF","button_typography_typography":"custom","button_typography_text_decoration":"underline","button_text_color":"#FE7F4C","button_background_color":"rgba(2, 1, 1, 0)","button_border_color":"rgba(2, 1, 1, 0)","button_hover_text_color":"#353535","button_border_width":{"unit":"px","size":"0","sizes":[]},"_border_width":{"unit":"px","top":"6","right":"0","bottom":"0","left":"0","isLinked":""},"_border_color":"#FE7F4C","min-height_tablet":{"unit":"vh","size":"","sizes":[]},"image_min_height_tablet":{"unit":"px","size":"240","sizes":[]},"title_spacing":{"unit":"px","size":"0","sizes":[]},"description_color":"rgba(255, 255, 255, 0.48)","padding_tablet":{"unit":"px","top":"18","right":"0","bottom":"18","left":"0","isLinked":""},"title_spacing_tablet":{"unit":"px","size":"0","sizes":[]},"image_min_height_mobile":{"unit":"px","size":"310","sizes":[]},"graphic_image":{"id":"14938","url":"https:\/\/library.elementor.com\/wp-content\/uploads\/2020\/08\/placeholder.png"},"title_typography_typography":"custom","title_typography_font_family":"Helvetica","title_typography_font_size":{"unit":"px","size":"24","sizes":[]},"title_typography_font_size_tablet":{"unit":"px","size":"20","sizes":[]},"title_typography_font_size_mobile":{"unit":"px","size":"16","sizes":[]},"title_typography_font_weight":"300","title_typography_text_transform":"capitalize","title_typography_line_height":{"unit":"px","size":"29","sizes":[]},"title_typography_line_height_tablet":{"unit":"px","size":"27","sizes":[]},"title_typography_letter_spacing":{"unit":"px","size":"-0.67","sizes":[]},"description_typography_typography":"custom","description_typography_font_family":"Helvetica","description_typography_font_size":{"unit":"px","size":"16","sizes":[]},"description_typography_font_size_tablet":{"unit":"px","size":"14","sizes":[]},"description_typography_font_weight":"300","description_typography_line_height":{"unit":"px","size":"22","sizes":[]},"description_typography_line_height_tablet":{"unit":"px","size":"20","sizes":[]},"description_typography_letter_spacing":{"unit":"px","size":"0","sizes":[]}},"elements":[],"widgetType":"call-to-action"}],"isInner":"1"},{"id":"483760bd","elType":"column","settings":{"_column_size":"33","_inline_size_mobile":"100","margin_mobile":{"unit":"%","top":"10","right":"0","bottom":"0","left":"0","isLinked":""},"margin":{"unit":"%","top":"0","right":"3","bottom":"0","left":"3","isLinked":""}},"elements":[{"id":"6eceb39f","elType":"widget","settings":{"bg_image":{"id":"14939","url":"https:\/\/library.elementor.com\/wp-content\/uploads\/2020\/08\/Jack_Grant.jpg"},"bg_image_size":"full","title":"Jack Grant","description":"Founder and Co-owner","title_tag":"h3","button":"","link":{"url":"#","is_external":"","nofollow":"","custom_attributes":""},"padding":{"unit":"px","top":"28","right":"0","bottom":"28","left":"0","isLinked":""},"image_min_height":{"unit":"px","size":"412","sizes":[]},"content_bg_color":"#6C7C69","title_color":"#FFFFFF","button_typography_typography":"custom","button_typography_text_decoration":"underline","button_text_color":"#FE7F4C","button_background_color":"rgba(2, 1, 1, 0)","button_border_color":"rgba(2, 1, 1, 0)","button_hover_text_color":"#353535","button_border_width":{"unit":"px","size":"0","sizes":[]},"_border_width":{"unit":"px","top":"6","right":"0","bottom":"0","left":"0","isLinked":""},"_border_color":"#FE7F4C","min-height_tablet":{"unit":"vh","size":"","sizes":[]},"image_min_height_tablet":{"unit":"px","size":"240","sizes":[]},"title_spacing":{"unit":"px","size":"0","sizes":[]},"description_color":"rgba(255, 255, 255, 0.48)","padding_tablet":{"unit":"px","top":"18","right":"0","bottom":"18","left":"0","isLinked":""},"title_spacing_tablet":{"unit":"px","size":"0","sizes":[]},"image_min_height_mobile":{"unit":"px","size":"310","sizes":[]},"graphic_image":{"id":"14938","url":"https:\/\/library.elementor.com\/wp-content\/uploads\/2020\/08\/placeholder.png"},"title_typography_typography":"custom","title_typography_font_family":"Helvetica","title_typography_font_size":{"unit":"px","size":"24","sizes":[]},"title_typography_font_size_tablet":{"unit":"px","size":"20","sizes":[]},"title_typography_font_size_mobile":{"unit":"px","size":"16","sizes":[]},"title_typography_font_weight":"300","title_typography_text_transform":"capitalize","title_typography_line_height":{"unit":"px","size":"29","sizes":[]},"title_typography_line_height_tablet":{"unit":"px","size":"27","sizes":[]},"title_typography_letter_spacing":{"unit":"px","size":"-0.67","sizes":[]},"description_typography_typography":"custom","description_typography_font_family":"Helvetica","description_typography_font_size":{"unit":"px","size":"16","sizes":[]},"description_typography_font_size_tablet":{"unit":"px","size":"14","sizes":[]},"description_typography_font_weight":"300","description_typography_line_height":{"unit":"px","size":"22","sizes":[]},"description_typography_line_height_tablet":{"unit":"px","size":"20","sizes":[]},"description_typography_letter_spacing":{"unit":"px","size":"0","sizes":[]}},"elements":[],"widgetType":"call-to-action"}],"isInner":"1"},{"id":"51d3325e","elType":"column","settings":{"_column_size":"33","_inline_size_mobile":"100","margin_mobile":{"unit":"%","top":"10","right":"0","bottom":"0","left":"0","isLinked":""},"margin":{"unit":"%","top":"0","right":"0","bottom":"0","left":"6","isLinked":""}},"elements":[{"id":"4a0a86e8","elType":"widget","settings":{"bg_image":{"id":"14940","url":"https:\/\/library.elementor.com\/wp-content\/uploads\/2020\/08\/Mark_Grant.jpg"},"bg_image_size":"full","title":"Mark Grant","description":"Floor Technician","title_tag":"h3","button":"","link":{"url":"#","is_external":"","nofollow":"","custom_attributes":""},"padding":{"unit":"px","top":"28","right":"0","bottom":"28","left":"0","isLinked":""},"image_min_height":{"unit":"px","size":"412","sizes":[]},"content_bg_color":"#6C7C69","title_color":"#FFFFFF","button_typography_typography":"custom","button_typography_text_decoration":"underline","button_text_color":"#FE7F4C","button_background_color":"rgba(2, 1, 1, 0)","button_border_color":"rgba(2, 1, 1, 0)","button_hover_text_color":"#353535","button_border_width":{"unit":"px","size":"0","sizes":[]},"_border_width":{"unit":"px","top":"6","right":"0","bottom":"0","left":"0","isLinked":""},"_border_color":"#FE7F4C","min-height_tablet":{"unit":"vh","size":"","sizes":[]},"image_min_height_tablet":{"unit":"px","size":"240","sizes":[]},"title_spacing":{"unit":"px","size":"0","sizes":[]},"description_color":"rgba(255, 255, 255, 0.48)","padding_tablet":{"unit":"px","top":"18","right":"0","bottom":"18","left":"0","isLinked":""},"title_spacing_tablet":{"unit":"px","size":"0","sizes":[]},"image_min_height_mobile":{"unit":"px","size":"310","sizes":[]},"graphic_image":{"id":"14938","url":"https:\/\/library.elementor.com\/wp-content\/uploads\/2020\/08\/placeholder.png"},"title_typography_typography":"custom","title_typography_font_family":"Helvetica","title_typography_font_size":{"unit":"px","size":"24","sizes":[]},"title_typography_font_size_tablet":{"unit":"px","size":"20","sizes":[]},"title_typography_font_size_mobile":{"unit":"px","size":"16","sizes":[]},"title_typography_font_weight":"300","title_typography_text_transform":"capitalize","title_typography_line_height":{"unit":"px","size":"29","sizes":[]},"title_typography_line_height_tablet":{"unit":"px","size":"27","sizes":[]},"title_typography_letter_spacing":{"unit":"px","size":"-0.67","sizes":[]},"description_typography_typography":"custom","description_typography_font_family":"Helvetica","description_typography_font_size":{"unit":"px","size":"16","sizes":[]},"description_typography_font_size_tablet":{"unit":"px","size":"14","sizes":[]},"description_typography_font_weight":"300","description_typography_line_height":{"unit":"px","size":"22","sizes":[]},"description_typography_line_height_tablet":{"unit":"px","size":"20","sizes":[]},"description_typography_letter_spacing":{"unit":"px","size":"0","sizes":[]}},"elements":[],"widgetType":"call-to-action"}],"isInner":"1"}],"isInner":"1"}],"isInner":""}],"isInner":""},{"id":"25164629","elType":"section","settings":{"margin":{"unit":"%","top":"15","right":"0","bottom":"15","left":"0","isLinked":"1"},"padding_tablet":{"unit":"%","top":"","right":"","bottom":"","left":"","isLinked":"1"},"margin_tablet":{"unit":"%","top":"20","right":"0","bottom":"20","left":"0","isLinked":"1"},"margin_mobile":{"unit":"%","top":"30","right":"0","bottom":"35","left":"0","isLinked":""},"_title":"The Team","padding_mobile":{"unit":"%","top":"","right":"","bottom":"","left":"","isLinked":"1"},"layout":"full_width","gap":"no","padding":{"unit":"%","top":"0","right":"7","bottom":"0","left":"7","isLinked":""},"_timestamp_":"v1bnVUUHJ2THdCOGhycjdXanhqVEJXdz09"},"elements":[{"id":"39563ae1","elType":"column","settings":{"_column_size":"100"},"elements":[{"id":"41ad4cd5","elType":"widget","settings":{"title":"Frequently Asked Questions","align":"center","title_color":"#6C7C69","typography_typography":"custom","typography_font_family":"Playfair Display","typography_font_size":{"unit":"px","size":"40","sizes":[]},"typography_font_size_tablet":{"unit":"px","size":"32","sizes":[]},"typography_font_size_mobile":{"unit":"px","size":"28","sizes":[]},"typography_font_weight":"400","typography_text_transform":"capitalize","typography_line_height":{"unit":"px","size":"44","sizes":[]},"typography_line_height_tablet":{"unit":"px","size":"36","sizes":[]},"typography_line_height_mobile":{"unit":"px","size":"32","sizes":[]},"typography_letter_spacing":{"unit":"px","size":"-1.13","sizes":[]}},"elements":[],"widgetType":"heading"},{"id":"1c836a8e","elType":"widget","settings":{"editor":"<p>Here are some answers to the questions we receive the most about our services.<br \/>If we missed anything, please do not hesitate to contact us. We\u2019ll be happy to help<\/p>","align":"center","text_color":"#000000","typography_typography":"custom","typography_font_family":"Helvetica","typography_font_size":{"unit":"px","size":"16","sizes":[]},"typography_font_size_tablet":{"unit":"px","size":"14","sizes":[]},"typography_font_weight":"300","typography_line_height":{"unit":"px","size":"22","sizes":[]},"typography_line_height_tablet":{"unit":"px","size":"20","sizes":[]},"typography_letter_spacing":{"unit":"px","size":"0","sizes":[]}},"elements":[],"widgetType":"text-editor"},{"id":"ce639b9","elType":"section","settings":{"structure":"20","margin":{"unit":"%","top":"4","right":"0","bottom":"0","left":"0","isLinked":""},"gap":"no","content_width":{"unit":"px","size":"980","sizes":[]}},"elements":[{"id":"409291af","elType":"column","settings":{"_column_size":"50","_inline_size_mobile":"100","margin":{"unit":"%","top":"0","right":"10","bottom":"0","left":"0","isLinked":""},"margin_mobile":{"unit":"px","top":"0","right":"0","bottom":"0","left":"0","isLinked":"1"},"_inline_size_tablet":"100","margin_tablet":{"unit":"px","top":"0","right":"0","bottom":"0","left":"0","isLinked":""}},"elements":[{"id":"e7d67de","elType":"widget","settings":{"tabs":[{"tab_title":"Lorem ipsum dolor sit amet consectet  adipisc elit?","tab_content":"Lorem ipsum dolor sit amet, te has solet postea. Voluptua quaestio dissentias has ex, no eum aliquid equidem expetenda concludaturque, ut est adversarium accommodare. Lorem ipsum dolor sit amet, te has solet postea. Voluptua quaestio dissentias has ex, no eum aliquid tibique petentium.","_id":"a3434a7"},{"tab_title":"Lorem ipsum dolor sit amet consectet  adipisc elit?","tab_content":"Lorem ipsum dolor sit amet, te has solet postea. Voluptua quaestio dissentias has ex, no eum aliquid equidem expetenda concludaturque, ut est adversarium accommodare. Lorem ipsum dolor sit amet, te has solet postea. Voluptua quaestio dissentias has ex, no eum aliquid tibique petentium.","_id":"47c736d"},{"tab_title":"Lorem ipsum dolor sit amet consectet  adipisc elit?","tab_content":"Lorem ipsum dolor sit amet, te has solet postea. Voluptua quaestio dissentias has ex, no eum aliquid equidem expetenda concludaturque, ut est adversarium accommodare. Lorem ipsum dolor sit amet, te has solet postea. Voluptua quaestio dissentias has ex, no eum aliquid tibique petentium.","_id":"5226c97"},{"tab_title":"Lorem ipsum dolor sit amet consectet  adipisc elit?","tab_content":"Lorem ipsum dolor sit amet, te has solet postea. Voluptua quaestio dissentias has ex, no eum aliquid equidem expetenda concludaturque, ut est adversarium accommodare. Lorem ipsum dolor sit amet, te has solet postea. Voluptua quaestio dissentias has ex, no eum aliquid tibique petentium.","_id":"42d050e"},{"tab_title":"Lorem ipsum dolor sit amet consectet  adipisc elit?","tab_content":"Lorem ipsum dolor sit amet, te has solet postea. Voluptua quaestio dissentias has ex, no eum aliquid equidem expetenda concludaturque, ut est adversarium accommodare. Lorem ipsum dolor sit amet, te has solet postea. Voluptua quaestio dissentias has ex, no eum aliquid tibique petentium.","_id":"de61799"},{"tab_title":"Lorem ipsum dolor sit amet consectet  adipisc elit?","tab_content":"Lorem ipsum dolor sit amet, te has solet postea. Voluptua quaestio dissentias has ex, no eum aliquid equidem expetenda concludaturque, ut est adversarium accommodare. Lorem ipsum dolor sit amet, te has solet postea. Voluptua quaestio dissentias has ex, no eum aliquid tibique petentium.","_id":"1e66cf0"}],"selected_icon":{"value":{"id":"14941","url":"https:\/\/library.elementor.com\/wp-content\/uploads\/2020\/08\/Arrow-Right.svg"},"library":"svg"},"selected_active_icon":{"value":{"id":"14942","url":"https:\/\/library.elementor.com\/wp-content\/uploads\/2020\/08\/Arrow-Down.svg"},"library":"svg"},"border_width":{"unit":"px","size":"1","sizes":[]},"border_color":"rgba(108, 124, 105, 0.45)","space_between":{"unit":"px","size":"35","sizes":[]},"title_padding":{"unit":"px","top":"0","right":"0","bottom":"20","left":"0","isLinked":""},"icon_align":"right","icon_color":"rgba(108, 124, 105, 0.45)","icon_active_color":"rgba(108, 124, 105, 0.45)","content_padding":{"unit":"px","top":"0","right":"0","bottom":"20","left":"0","isLinked":""},"_margin":{"unit":"%","top":"","right":"","bottom":"","left":"","isLinked":"1"},"title_html_tag":"h6","title_color":"#171616","title_typography_typography":"custom","title_typography_font_size":{"unit":"px","size":"16","sizes":[]},"title_typography_font_weight":"300","title_typography_line_height":{"unit":"px","size":"22","sizes":[]},"title_typography_letter_spacing":{"unit":"px","size":"0","sizes":[]},"_padding":{"unit":"px","top":"35","right":"0","bottom":"0","left":"0","isLinked":""},"_border_border":"solid","_border_width":{"unit":"px","top":"1","right":"0","bottom":"0","left":"0","isLinked":""},"_border_color":"rgba(108, 124, 105, 0.45)","title_typography_font_family":"Helvetica","title_typography_font_size_tablet":{"unit":"px","size":"14","sizes":[]},"title_typography_line_height_tablet":{"unit":"px","size":"20","sizes":[]},"content_typography_typography":"custom","content_typography_font_family":"Helvetica","content_typography_font_size":{"unit":"px","size":"16","sizes":[]},"content_typography_font_size_tablet":{"unit":"px","size":"14","sizes":[]},"content_typography_font_weight":"300","content_typography_line_height":{"unit":"px","size":"22","sizes":[]},"content_typography_line_height_tablet":{"unit":"px","size":"20","sizes":[]},"content_typography_letter_spacing":{"unit":"px","size":"0","sizes":[]},"tab_active_color":"#000000"},"elements":[],"widgetType":"toggle"}],"isInner":"1"},{"id":"557f97cb","elType":"column","settings":{"_column_size":"50","_inline_size_mobile":"100","margin_mobile":{"unit":"%","top":"10","right":"0","bottom":"0","left":"0","isLinked":""},"margin":{"unit":"%","top":"0","right":"0","bottom":"0","left":"10","isLinked":""},"_inline_size_tablet":"100","margin_tablet":{"unit":"px","top":"0","right":"0","bottom":"0","left":"0","isLinked":""}},"elements":[{"id":"3ed12ad7","elType":"widget","settings":{"tabs":[{"tab_title":"Lorem ipsum dolor sit amet consectet  adipisc elit?","tab_content":"Lorem ipsum dolor sit amet, te has solet postea. Voluptua quaestio dissentias has ex, no eum aliquid equidem expetenda concludaturque, ut est adversarium accommodare. Lorem ipsum dolor sit amet, te has solet postea. Voluptua quaestio dissentias has ex, no eum aliquid tibique petentium.","_id":"a3434a7"},{"tab_title":"Lorem ipsum dolor sit amet consectet  adipisc elit?","tab_content":"Lorem ipsum dolor sit amet, te has solet postea. Voluptua quaestio dissentias has ex, no eum aliquid equidem expetenda concludaturque, ut est adversarium accommodare. Lorem ipsum dolor sit amet, te has solet postea. Voluptua quaestio dissentias has ex, no eum aliquid tibique petentium.","_id":"47c736d"},{"tab_title":"Lorem ipsum dolor sit amet consectet  adipisc elit?","tab_content":"Lorem ipsum dolor sit amet, te has solet postea. Voluptua quaestio dissentias has ex, no eum aliquid equidem expetenda concludaturque, ut est adversarium accommodare. Lorem ipsum dolor sit amet, te has solet postea. Voluptua quaestio dissentias has ex, no eum aliquid tibique petentium.","_id":"5226c97"},{"tab_title":"Lorem ipsum dolor sit amet consectet  adipisc elit?","tab_content":"Lorem ipsum dolor sit amet, te has solet postea. Voluptua quaestio dissentias has ex, no eum aliquid equidem expetenda concludaturque, ut est adversarium accommodare. Lorem ipsum dolor sit amet, te has solet postea. Voluptua quaestio dissentias has ex, no eum aliquid tibique petentium.","_id":"42d050e"},{"tab_title":"Lorem ipsum dolor sit amet consectet  adipisc elit?","tab_content":"Lorem ipsum dolor sit amet, te has solet postea. Voluptua quaestio dissentias has ex, no eum aliquid equidem expetenda concludaturque, ut est adversarium accommodare. Lorem ipsum dolor sit amet, te has solet postea. Voluptua quaestio dissentias has ex, no eum aliquid tibique petentium.","_id":"de61799"},{"tab_title":"Lorem ipsum dolor sit amet consectet  adipisc elit?","tab_content":"Lorem ipsum dolor sit amet, te has solet postea. Voluptua quaestio dissentias has ex, no eum aliquid equidem expetenda concludaturque, ut est adversarium accommodare. Lorem ipsum dolor sit amet, te has solet postea. Voluptua quaestio dissentias has ex, no eum aliquid tibique petentium.","_id":"1e66cf0"}],"selected_icon":{"value":{"id":"14941","url":"https:\/\/library.elementor.com\/wp-content\/uploads\/2020\/08\/Arrow-Right.svg"},"library":"svg"},"selected_active_icon":{"value":{"id":"14942","url":"https:\/\/library.elementor.com\/wp-content\/uploads\/2020\/08\/Arrow-Down.svg"},"library":"svg"},"border_width":{"unit":"px","size":"1","sizes":[]},"border_color":"rgba(108, 124, 105, 0.45)","space_between":{"unit":"px","size":"35","sizes":[]},"title_padding":{"unit":"px","top":"0","right":"0","bottom":"20","left":"0","isLinked":""},"icon_align":"right","icon_color":"rgba(108, 124, 105, 0.45)","icon_active_color":"rgba(108, 124, 105, 0.45)","content_padding":{"unit":"px","top":"0","right":"0","bottom":"20","left":"0","isLinked":""},"_margin":{"unit":"%","top":"","right":"","bottom":"","left":"","isLinked":"1"},"title_html_tag":"h6","title_color":"#171616","title_typography_typography":"custom","title_typography_font_size":{"unit":"px","size":"16","sizes":[]},"title_typography_font_weight":"300","title_typography_line_height":{"unit":"px","size":"22","sizes":[]},"title_typography_letter_spacing":{"unit":"px","size":"0","sizes":[]},"_padding":{"unit":"px","top":"35","right":"0","bottom":"0","left":"0","isLinked":""},"_padding_mobile":{"unit":"px","top":"10","right":"0","bottom":"0","left":"0","isLinked":""},"_border_border":"solid","_border_width":{"unit":"px","top":"1","right":"0","bottom":"0","left":"0","isLinked":""},"_border_width_tablet":{"unit":"px","top":"0","right":"0","bottom":"0","left":"0","isLinked":"1"},"_border_color":"rgba(108, 124, 105, 0.45)","title_typography_font_family":"Helvetica","title_typography_font_size_tablet":{"unit":"px","size":"14","sizes":[]},"title_typography_line_height_tablet":{"unit":"px","size":"20","sizes":[]},"content_color":"#000000","content_typography_typography":"custom","content_typography_font_family":"Helvetica","content_typography_font_size":{"unit":"px","size":"16","sizes":[]},"content_typography_font_size_tablet":{"unit":"px","size":"14","sizes":[]},"content_typography_font_weight":"300","content_typography_line_height":{"unit":"px","size":"22","sizes":[]},"content_typography_line_height_tablet":{"unit":"px","size":"20","sizes":[]},"content_typography_letter_spacing":{"unit":"px","size":"0","sizes":[]},"tab_active_color":"#000000"},"elements":[],"widgetType":"toggle"}],"isInner":"1"}],"isInner":"1"}],"isInner":""}],"isInner":""}],"page_settings":{"background_background":"classic","background_color":"#FFFAF5"}}