{"content":[{"id":"63fca2aa","elType":"section","settings":{"layout":"full_width","gap":"no","height":"min-height","custom_height":{"unit":"vh","size":"60","sizes":[]},"column_position":"stretch","content_position":"bottom","structure":"32","_title":"Hero","_timestamp_":"v1bnVUUHJ2THdCOGhycjdXanhqVEJXdz09"},"elements":[{"id":"bd2757f","elType":"column","settings":{"_column_size":"50","_inline_size":"70","background_background":"classic","background_color":"#6C7C69","padding":{"unit":"%","top":"0","right":"25","bottom":"15","left":"10","isLinked":""},"_inline_size_tablet":"88","margin_tablet":{"unit":"%","top":"","right":"","bottom":"","left":"","isLinked":"1"},"padding_tablet":{"unit":"%","top":"25","right":"5","bottom":"45","left":"10","isLinked":""},"padding_mobile":{"unit":"%","top":"30","right":"5","bottom":"30","left":"10","isLinked":""}},"elements":[{"id":"64551e19","elType":"widget","settings":{"title":"Our Services","header_size":"h1","title_color":"#FFFFFF","typography_typography":"custom","typography_font_family":"Playfair Display","typography_font_size":{"unit":"px","size":"80","sizes":[]},"typography_font_size_tablet":{"unit":"px","size":"56","sizes":[]},"typography_font_size_mobile":{"unit":"px","size":"38","sizes":[]},"typography_font_weight":"700","typography_text_transform":"capitalize","typography_line_height":{"unit":"px","size":"80","sizes":[]},"typography_line_height_tablet":{"unit":"px","size":"56","sizes":[]},"typography_line_height_mobile":{"unit":"px","size":"42","sizes":[]},"typography_letter_spacing":{"unit":"px","size":"-2.25","sizes":[]}},"elements":[],"widgetType":"heading"},{"id":"b4723b1","elType":"widget","settings":{"title":"Beautiful and professional flooring solutions","header_size":"h6","_margin":{"unit":"%","top":"1","right":"0","bottom":"0","left":"0","isLinked":""},"title_color":"#FFFFFF","typography_typography":"custom","typography_font_family":"Helvetica","typography_font_size":{"unit":"px","size":"18","sizes":[]},"typography_font_size_tablet":{"unit":"px","size":"16","sizes":[]},"typography_font_size_mobile":{"unit":"px","size":"14","sizes":[]},"typography_font_weight":"300","typography_line_height":{"unit":"px","size":"22","sizes":[]},"typography_letter_spacing":{"unit":"px","size":"1.5","sizes":[]}},"elements":[],"widgetType":"heading"}],"isInner":""},{"id":"200c7cc4","elType":"column","settings":{"_column_size":"25","_inline_size":"23","margin":{"unit":"%","top":"0","right":"10","bottom":"0","left":"0","isLinked":""},"_inline_size_tablet":"100","margin_tablet":{"unit":"%","top":"0","right":"5","bottom":"0","left":"0","isLinked":""},"margin_mobile":{"unit":"%","top":"0","right":"5","bottom":"0","left":"0","isLinked":""},"padding_tablet":{"unit":"%","top":"","right":"","bottom":"","left":"","isLinked":"1"},"padding":{"unit":"%","top":"","right":"","bottom":"","left":"","isLinked":"1"}},"elements":[{"id":"5f61b790","elType":"widget","settings":{"image":{"id":"14950","url":"https:\/\/library.elementor.com\/wp-content\/uploads\/2020\/08\/ServicesPage-Hero.jpg"},"image_size":"full","_margin":{"unit":"%","top":"0","right":"0","bottom":"-35","left":"-130","isLinked":""},"_margin_tablet":{"unit":"%","top":"-30","right":"0","bottom":"0","left":"22","isLinked":""},"_margin_mobile":{"unit":"%","top":"-20","right":"0","bottom":"0","left":"15","isLinked":""}},"elements":[],"widgetType":"image"}],"isInner":""},{"id":"1744f93a","elType":"column","settings":{"_column_size":"25","_inline_size":"7","_inline_size_tablet":"100","align_tablet":"flex-end","margin":{"unit":"%","top":"","right":"","bottom":"","left":"","isLinked":"1"},"margin_tablet":{"unit":"%","top":"5","right":"0","bottom":"0","left":"0","isLinked":""},"padding":{"unit":"%","top":"","right":"","bottom":"","left":"","isLinked":"1"}},"elements":[{"id":"44376dfa","elType":"widget","settings":{"space":{"unit":"px","size":"308","sizes":[]},"_background_background":"classic","_background_color":"#6C7C69","_element_custom_width":{"unit":"px","size":"138","sizes":[]},"_offset_x":{"unit":"%","size":"0","sizes":[]},"_offset_y":{"unit":"%","size":"","sizes":[]},"_element_custom_width_tablet":{"unit":"px","size":"36","sizes":[]},"_offset_orientation_v":"end","_element_width_mobile":"initial","_element_custom_width_mobile":{"unit":"px","size":"30","sizes":[]},"space_tablet":{"unit":"px","size":"180","sizes":[]},"space_mobile":{"unit":"px","size":"55","sizes":[]},"_margin":{"unit":"%","top":"0","right":"0","bottom":"-280","left":"0","isLinked":""},"_margin_mobile":{"unit":"%","top":"","right":"","bottom":"","left":"","isLinked":"1"},"_animation":"fadeInRight","animation_duration":"slow","_element_width_tablet":"initial","_offset_orientation_h":"end","_offset_x_end":{"unit":"%","size":"0","sizes":[]}},"elements":[],"widgetType":"spacer"}],"isInner":""}],"isInner":""},{"id":"61b92e55","elType":"section","settings":{"margin":{"unit":"%","top":"20","right":"0","bottom":"0","left":"0","isLinked":""},"padding_tablet":{"unit":"%","top":"0","right":"3","bottom":"0","left":"3","isLinked":""},"margin_tablet":{"unit":"%","top":"20","right":"0","bottom":"0","left":"0","isLinked":""},"margin_mobile":{"unit":"%","top":"20","right":"0","bottom":"0","left":"0","isLinked":""},"_title":"Services","gap":"wider","structure":"30","padding":{"unit":"%","top":"","right":"","bottom":"","left":"","isLinked":"1"},"content_width":{"unit":"px","size":"1400","sizes":[]},"_timestamp_":"v1bnVUUHJ2THdCOGhycjdXanhqVEJXdz09"},"elements":[{"id":"25b5a19d","elType":"column","settings":{"_column_size":"33","_inline_size_mobile":"100"},"elements":[{"id":"429a961e","elType":"widget","settings":{"space":{"unit":"px","size":"43","sizes":[]},"_background_background":"classic","_background_color":"rgba(108, 124, 105, 0.26)","_element_width":"initial","_element_custom_width":{"unit":"px","size":"43","sizes":[]},"_position":"absolute","_offset_x":{"unit":"px","size":"160","sizes":[]},"_offset_y":{"unit":"px","size":"-5","sizes":[]},"_offset_x_tablet":{"unit":"px","size":"50","sizes":[]},"_offset_x_mobile":{"unit":"px","size":"105","sizes":[]},"motion_fx_motion_fx_scrolling":"yes","motion_fx_blur_level":{"unit":"px","size":"15","sizes":[]},"motion_fx_blur_range":{"unit":"%","size":"","sizes":{"start":"0","end":"49"}},"motion_fx_scale_effect":"yes","motion_fx_scale_direction":"in-out","motion_fx_scale_speed":{"unit":"px","size":"-10","sizes":[]},"motion_fx_scale_range":{"unit":"%","size":"","sizes":{"start":"0","end":"40"}},"motion_fx_transform_origin_x":"right","motion_fx_transform_origin_y":"bottom","motion_fx_mouseTrack_effect":"yes","motion_fx_mouseTrack_speed":{"unit":"px","size":"0.1","sizes":[]},"motion_fx_tilt_direction":"negative","_element_custom_width_tablet":{"unit":"px","size":"33","sizes":[]}},"elements":[],"widgetType":"spacer"},{"id":"4d0d2eb2","elType":"widget","settings":{"title_text":"Flooring Installation","description_text":"Lorem ipsum dolor sit amet, te has solet postea. Voluptua quaestio dissentias has ex, no eum aliquid tibique petentium, agam mucius liberavisse eos id. ","_z_index":"2","selected_icon":{"value":{"id":"14951","url":"https:\/\/library.elementor.com\/wp-content\/uploads\/2020\/08\/Flooring_Installation.svg"},"library":"svg"},"primary_color":"#6C7C69","icon_space":{"unit":"px","size":"20","sizes":[]},"icon_size":{"unit":"px","size":"50","sizes":[]},"title_size":"h2","title_color":"#6C7C69","title_typography_typography":"custom","title_typography_font_family":"Playfair Display","title_typography_font_size":{"unit":"px","size":"40","sizes":[]},"title_typography_font_size_tablet":{"unit":"px","size":"32","sizes":[]},"title_typography_font_size_mobile":{"unit":"px","size":"28","sizes":[]},"title_typography_font_weight":"400","title_typography_text_transform":"capitalize","title_typography_line_height":{"unit":"px","size":"44","sizes":[]},"title_typography_line_height_tablet":{"unit":"px","size":"36","sizes":[]},"title_typography_line_height_mobile":{"unit":"px","size":"32","sizes":[]},"title_typography_letter_spacing":{"unit":"px","size":"-1.13","sizes":[]},"description_color":"#000000","description_typography_typography":"custom","description_typography_font_family":"Helvetica","description_typography_font_size":{"unit":"px","size":"16","sizes":[]},"description_typography_font_size_tablet":{"unit":"px","size":"14","sizes":[]},"description_typography_font_weight":"300","description_typography_line_height":{"unit":"px","size":"22","sizes":[]},"description_typography_line_height_tablet":{"unit":"px","size":"20","sizes":[]},"description_typography_line_height_mobile":{"unit":"px","size":"","sizes":[]},"description_typography_letter_spacing":{"unit":"px","size":"0","sizes":[]}},"elements":[],"widgetType":"icon-box"}],"isInner":""},{"id":"3b58e185","elType":"column","settings":{"_column_size":"33","_inline_size_mobile":"100","margin_mobile":{"unit":"%","top":"10","right":"0","bottom":"0","left":"0","isLinked":""}},"elements":[{"id":"fc17aa2","elType":"widget","settings":{"space":{"unit":"px","size":"43","sizes":[]},"_background_background":"classic","_background_color":"rgba(108, 124, 105, 0.26)","_element_width":"initial","_element_custom_width":{"unit":"px","size":"43","sizes":[]},"_position":"absolute","_offset_x":{"unit":"px","size":"170","sizes":[]},"_offset_x_tablet":{"unit":"px","size":"60","sizes":[]},"_offset_x_mobile":{"unit":"px","size":"110","sizes":[]},"motion_fx_motion_fx_scrolling":"yes","motion_fx_blur_level":{"unit":"px","size":"15","sizes":[]},"motion_fx_blur_range":{"unit":"%","size":"","sizes":{"start":"0","end":"49"}},"motion_fx_scale_effect":"yes","motion_fx_scale_direction":"in-out","motion_fx_scale_speed":{"unit":"px","size":"-10","sizes":[]},"motion_fx_scale_range":{"unit":"%","size":"","sizes":{"start":"0","end":"40"}},"motion_fx_transform_origin_x":"right","motion_fx_transform_origin_y":"bottom","motion_fx_mouseTrack_effect":"yes","motion_fx_mouseTrack_speed":{"unit":"px","size":"0.1","sizes":[]},"motion_fx_tilt_direction":"negative","_element_custom_width_tablet":{"unit":"px","size":"33","sizes":[]}},"elements":[],"widgetType":"spacer"},{"id":"2c03fd6e","elType":"widget","settings":{"title_text":"Flooring Repair","description_text":"Lorem ipsum dolor sit amet, te has solet postea. Voluptua quaestio dissentias has ex, no eum aliquid tibique petentium, agam mucius liberavisse eos id. ","_z_index":"2","selected_icon":{"value":{"id":"14952","url":"https:\/\/library.elementor.com\/wp-content\/uploads\/2020\/08\/Flooring_Repair.svg"},"library":"svg"},"primary_color":"#6C7C69","icon_space":{"unit":"px","size":"20","sizes":[]},"icon_size":{"unit":"px","size":"50","sizes":[]},"title_size":"h2","title_color":"#6C7C69","title_typography_typography":"custom","title_typography_font_family":"Playfair Display","title_typography_font_size":{"unit":"px","size":"40","sizes":[]},"title_typography_font_size_tablet":{"unit":"px","size":"32","sizes":[]},"title_typography_font_size_mobile":{"unit":"px","size":"28","sizes":[]},"title_typography_font_weight":"400","title_typography_text_transform":"capitalize","title_typography_line_height":{"unit":"px","size":"44","sizes":[]},"title_typography_line_height_tablet":{"unit":"px","size":"36","sizes":[]},"title_typography_line_height_mobile":{"unit":"px","size":"32","sizes":[]},"title_typography_letter_spacing":{"unit":"px","size":"-1.13","sizes":[]},"description_color":"#000000","description_typography_typography":"custom","description_typography_font_family":"Helvetica","description_typography_font_size":{"unit":"px","size":"16","sizes":[]},"description_typography_font_size_tablet":{"unit":"px","size":"14","sizes":[]},"description_typography_font_weight":"300","description_typography_line_height":{"unit":"px","size":"22","sizes":[]},"description_typography_line_height_tablet":{"unit":"px","size":"20","sizes":[]},"description_typography_line_height_mobile":{"unit":"px","size":"","sizes":[]},"description_typography_letter_spacing":{"unit":"px","size":"0","sizes":[]}},"elements":[],"widgetType":"icon-box"}],"isInner":""},{"id":"dc6e4b6","elType":"column","settings":{"_column_size":"33","_inline_size_mobile":"100","margin_mobile":{"unit":"%","top":"10","right":"0","bottom":"0","left":"0","isLinked":""}},"elements":[{"id":"1f03d92b","elType":"widget","settings":{"space":{"unit":"px","size":"43","sizes":[]},"_background_background":"classic","_background_color":"rgba(108, 124, 105, 0.26)","_element_width":"initial","_element_custom_width":{"unit":"px","size":"43","sizes":[]},"_position":"absolute","_offset_x":{"unit":"px","size":"160","sizes":[]},"_offset_y":{"unit":"px","size":"-5","sizes":[]},"_offset_x_tablet":{"unit":"px","size":"50","sizes":[]},"_offset_x_mobile":{"unit":"px","size":"28","sizes":[]},"motion_fx_motion_fx_scrolling":"yes","motion_fx_blur_level":{"unit":"px","size":"15","sizes":[]},"motion_fx_blur_range":{"unit":"%","size":"","sizes":{"start":"0","end":"49"}},"motion_fx_scale_effect":"yes","motion_fx_scale_direction":"in-out","motion_fx_scale_speed":{"unit":"px","size":"-10","sizes":[]},"motion_fx_scale_range":{"unit":"%","size":"","sizes":{"start":"0","end":"40"}},"motion_fx_transform_origin_x":"right","motion_fx_transform_origin_y":"bottom","motion_fx_mouseTrack_effect":"yes","motion_fx_mouseTrack_speed":{"unit":"px","size":"0.1","sizes":[]},"motion_fx_tilt_direction":"negative","_element_custom_width_tablet":{"unit":"px","size":"33","sizes":[]},"_offset_orientation_h":"end","_offset_x_end":{"unit":"px","size":"160","sizes":[]},"_offset_x_end_tablet":{"unit":"px","size":"60","sizes":[]},"_offset_x_end_mobile":{"unit":"px","size":"110","sizes":[]}},"elements":[],"widgetType":"spacer"},{"id":"50a0fac3","elType":"widget","settings":{"title_text":"Sanding &amp; Refinishing","description_text":"Lorem ipsum dolor sit amet, te has solet postea. Voluptua quaestio dissentias has ex, no eum aliquid tibique petentium, agam mucius liberavisse eos id. ","_z_index":"2","selected_icon":{"value":{"id":"14953","url":"https:\/\/library.elementor.com\/wp-content\/uploads\/2020\/08\/Sanding_Refinishing-020820.svg"},"library":"svg"},"primary_color":"#6C7C69","icon_space":{"unit":"px","size":"20","sizes":[]},"icon_size":{"unit":"px","size":"50","sizes":[]},"title_size":"h2","title_color":"#6C7C69","title_typography_typography":"custom","title_typography_font_family":"Playfair Display","title_typography_font_size":{"unit":"px","size":"40","sizes":[]},"title_typography_font_size_tablet":{"unit":"px","size":"32","sizes":[]},"title_typography_font_size_mobile":{"unit":"px","size":"28","sizes":[]},"title_typography_font_weight":"400","title_typography_text_transform":"capitalize","title_typography_line_height":{"unit":"px","size":"44","sizes":[]},"title_typography_line_height_tablet":{"unit":"px","size":"36","sizes":[]},"title_typography_line_height_mobile":{"unit":"px","size":"32","sizes":[]},"title_typography_letter_spacing":{"unit":"px","size":"-1.13","sizes":[]},"description_color":"#000000","description_typography_typography":"custom","description_typography_font_family":"Helvetica","description_typography_font_size":{"unit":"px","size":"16","sizes":[]},"description_typography_font_size_tablet":{"unit":"px","size":"14","sizes":[]},"description_typography_font_weight":"300","description_typography_line_height":{"unit":"px","size":"22","sizes":[]},"description_typography_line_height_tablet":{"unit":"px","size":"20","sizes":[]},"description_typography_line_height_mobile":{"unit":"px","size":"","sizes":[]},"description_typography_letter_spacing":{"unit":"px","size":"0","sizes":[]}},"elements":[],"widgetType":"icon-box"}],"isInner":""}],"isInner":""},{"id":"3e968cfc","elType":"section","settings":{"content_width":{"unit":"px","size":"640","sizes":[]},"margin":{"unit":"%","top":"15","right":"0","bottom":"0","left":"0","isLinked":""},"margin_tablet":{"unit":"%","top":"20","right":"0","bottom":"0","left":"0","isLinked":""},"margin_mobile":{"unit":"%","top":"30","right":"0","bottom":"0","left":"0","isLinked":""},"_title":"2 year warranty","_timestamp_":"v1bnVUUHJ2THdCOGhycjdXanhqVEJXdz09"},"elements":[{"id":"7f63c3a","elType":"column","settings":{"_column_size":"100"},"elements":[{"id":"63114189","elType":"widget","settings":{"title":"2 year warranty\n","align":"center","typography_typography":"custom","typography_font_weight":"700","_margin":{"unit":"px","top":"0","right":"0","bottom":"-12","left":"0","isLinked":""},"_z_index":"2","title_color":"#6C7C69","typography_font_family":"Playfair Display","typography_font_size":{"unit":"px","size":"40","sizes":[]},"typography_font_size_tablet":{"unit":"px","size":"32","sizes":[]},"typography_font_size_mobile":{"unit":"px","size":"28","sizes":[]},"typography_text_transform":"capitalize","typography_line_height":{"unit":"px","size":"44","sizes":[]},"typography_line_height_tablet":{"unit":"px","size":"36","sizes":[]},"typography_line_height_mobile":{"unit":"px","size":"32","sizes":[]},"typography_letter_spacing":{"unit":"px","size":"-1.13","sizes":[]}},"elements":[],"widgetType":"heading"},{"id":"56701288","elType":"widget","settings":{"space":{"unit":"px","size":"140","sizes":[]},"_background_background":"classic","_background_color":"#F2EAE3","_element_width":"initial","_element_custom_width":{"unit":"px","size":"255","sizes":[]},"_position":"absolute","_offset_x":{"unit":"px","size":"","sizes":[]},"_offset_y":{"unit":"px","size":"62","sizes":[]},"_offset_orientation_h":"end","_offset_x_end":{"unit":"px","size":"-130","sizes":[]},"_element_width_tablet":"initial","_element_custom_width_tablet":{"unit":"px","size":"184","sizes":[]},"_offset_x_end_tablet":{"unit":"px","size":"-15","sizes":[]},"_offset_x_end_mobile":{"unit":"px","size":"-5","sizes":[]},"_offset_y_tablet":{"unit":"px","size":"-260","sizes":[]},"space_mobile":{"unit":"px","size":"100","sizes":[]},"_element_custom_width_mobile":{"unit":"px","size":"162","sizes":[]},"_offset_y_mobile":{"unit":"px","size":"-92","sizes":[]},"_offset_orientation_v":"end","_offset_y_end":{"unit":"px","size":"-40","sizes":[]},"_offset_y_end_tablet":{"unit":"px","size":"-10","sizes":[]},"_offset_y_end_mobile":{"unit":"px","size":"-50","sizes":[]}},"elements":[],"widgetType":"spacer"},{"id":"2ca96ca5","elType":"widget","settings":{"space":{"unit":"px","size":"140","sizes":[]},"_background_background":"classic","_background_color":"#F2EAE3","_element_width":"initial","_element_custom_width":{"unit":"px","size":"255","sizes":[]},"_position":"absolute","_offset_x":{"unit":"px","size":"-50","sizes":[]},"_offset_y":{"unit":"px","size":"-70","sizes":[]},"_offset_x_end":{"unit":"px","size":"-60","sizes":[]},"_element_custom_width_tablet":{"unit":"px","size":"184","sizes":[]},"_offset_x_end_tablet":{"unit":"px","size":"-15","sizes":[]},"_offset_x_end_mobile":{"unit":"px","size":"-10","sizes":[]},"space_mobile":{"unit":"px","size":"95","sizes":[]},"_element_width_mobile":"initial","_element_custom_width_mobile":{"unit":"px","size":"117","sizes":[]},"_offset_y_mobile":{"unit":"px","size":"-30","sizes":[]},"_offset_x_tablet":{"unit":"px","size":"-10","sizes":[]},"_offset_y_end":{"unit":"px","size":"-80","sizes":[]}},"elements":[],"widgetType":"spacer"},{"id":"6e88027f","elType":"widget","settings":{"title":"for all of our services","header_size":"h5","align":"center","_z_index":"2","title_color":"#6C7C69","typography_typography":"custom","typography_font_family":"Playfair Display","typography_font_size":{"unit":"px","size":"18","sizes":[]},"typography_font_weight":"400","typography_text_transform":"capitalize","typography_line_height":{"unit":"px","size":"19","sizes":[]},"typography_letter_spacing":{"unit":"px","size":"-0.51","sizes":[]}},"elements":[],"widgetType":"heading"},{"id":"68ea215f","elType":"widget","settings":{"editor":"<p>Lorem ipsum dolor sit amet, te has solet postea. Voluptua quaestio dissentias has ex, no eum aliquid tibique petentium, agam mucius liberavisse eos id. Ut sea accumsan interpretaris, viderer pertinax repudiandae ne ius, qui ne porro insolens instructior.<\/p>","align":"center","_z_index":"2","text_color":"#000000","typography_typography":"custom","typography_font_family":"Helvetica","typography_font_size":{"unit":"px","size":"16","sizes":[]},"typography_font_size_tablet":{"unit":"px","size":"14","sizes":[]},"typography_font_weight":"300","typography_line_height":{"unit":"px","size":"22","sizes":[]},"typography_line_height_tablet":{"unit":"px","size":"20","sizes":[]},"typography_letter_spacing":{"unit":"px","size":"0","sizes":[]}},"elements":[],"widgetType":"text-editor"}],"isInner":""}],"isInner":""},{"id":"c7efb99","elType":"section","settings":{"layout":"full_width","gap":"no","structure":"20","margin":{"unit":"%","top":"15","right":"0","bottom":"0","left":"0","isLinked":""},"margin_tablet":{"unit":"%","top":"20","right":"0","bottom":"20","left":"0","isLinked":"1"},"margin_mobile":{"unit":"%","top":"40","right":"0","bottom":"0","left":"0","isLinked":""},"padding":{"unit":"%","top":"0","right":"7","bottom":"0","left":"7","isLinked":""},"reverse_order_tablet":"reverse-tablet","reverse_order_mobile":"reverse-mobile","_title":"Hardwood Flooring","_timestamp_":"v1bnVUUHJ2THdCOGhycjdXanhqVEJXdz09"},"elements":[{"id":"48478d9e","elType":"column","settings":{"_column_size":"50","_inline_size_tablet":"100","space_between_widgets":"10","margin":{"unit":"%","top":"","right":"","bottom":"","left":"","isLinked":"1"},"margin_tablet":{"unit":"%","top":"10","right":"0","bottom":"0","left":"0","isLinked":""},"padding":{"unit":"%","top":"0","right":"20","bottom":"0","left":"0","isLinked":""},"padding_mobile":{"unit":"px","top":"0","right":"0","bottom":"0","left":"0","isLinked":""}},"elements":[{"id":"2f5c7475","elType":"widget","settings":{"title":"Hardwood Flooring","_margin":{"unit":"%","top":"0","right":"0","bottom":"3","left":"0","isLinked":""},"_margin_mobile":{"unit":"%","top":"0","right":"0","bottom":"5","left":"0","isLinked":""},"title_color":"#6C7C69","typography_typography":"custom","typography_font_family":"Playfair Display","typography_font_size":{"unit":"px","size":"40","sizes":[]},"typography_font_size_tablet":{"unit":"px","size":"32","sizes":[]},"typography_font_size_mobile":{"unit":"px","size":"28","sizes":[]},"typography_font_weight":"400","typography_text_transform":"capitalize","typography_line_height":{"unit":"px","size":"44","sizes":[]},"typography_line_height_tablet":{"unit":"px","size":"36","sizes":[]},"typography_line_height_mobile":{"unit":"px","size":"32","sizes":[]},"typography_letter_spacing":{"unit":"px","size":"-1.13","sizes":[]}},"elements":[],"widgetType":"heading"},{"id":"60310851","elType":"widget","settings":{"title":"Hardwood types","header_size":"h5","title_color":"#6C7C69","typography_typography":"custom","typography_font_family":"Playfair Display","typography_font_size":{"unit":"px","size":"18","sizes":[]},"typography_font_weight":"400","typography_text_transform":"capitalize","typography_line_height":{"unit":"px","size":"19","sizes":[]},"typography_letter_spacing":{"unit":"px","size":"-0.51","sizes":[]},"_z_index":"2"},"elements":[],"widgetType":"heading"},{"id":"6020bee","elType":"widget","settings":{"editor":"<p>Lorem ipsum dolor sit amet, te has solet postea. Voluptua quaestio dissentias has ex, no interpretaris, viderer pertinax repudiandae ne ius, qui ne porro insolens instructior.<\/p>","text_color":"#000000","typography_typography":"custom","typography_font_family":"Helvetica","typography_font_size":{"unit":"px","size":"16","sizes":[]},"typography_font_size_tablet":{"unit":"px","size":"14","sizes":[]},"typography_font_weight":"300","typography_line_height":{"unit":"px","size":"22","sizes":[]},"typography_line_height_tablet":{"unit":"px","size":"20","sizes":[]},"typography_letter_spacing":{"unit":"px","size":"0","sizes":[]}},"elements":[],"widgetType":"text-editor"},{"id":"3f8b8f9a","elType":"widget","settings":{"title":"Installation process","header_size":"h5","title_color":"#6C7C69","typography_typography":"custom","typography_font_family":"Playfair Display","typography_font_size":{"unit":"px","size":"18","sizes":[]},"typography_font_weight":"400","typography_text_transform":"capitalize","typography_line_height":{"unit":"px","size":"19","sizes":[]},"typography_letter_spacing":{"unit":"px","size":"-0.51","sizes":[]},"_z_index":"2"},"elements":[],"widgetType":"heading"},{"id":"2f8140ca","elType":"widget","settings":{"editor":"<p>Lorem ipsum dolor sit amet, te has solet postea. Voluptua quaestio dissentias has ex, no interpretaris, viderer pertinax repudiandae ne ius, qui ne porro insolens instructior.<\/p>","text_color":"#000000","typography_typography":"custom","typography_font_family":"Helvetica","typography_font_size":{"unit":"px","size":"16","sizes":[]},"typography_font_size_tablet":{"unit":"px","size":"14","sizes":[]},"typography_font_weight":"300","typography_line_height":{"unit":"px","size":"22","sizes":[]},"typography_line_height_tablet":{"unit":"px","size":"20","sizes":[]},"typography_letter_spacing":{"unit":"px","size":"0","sizes":[]}},"elements":[],"widgetType":"text-editor"},{"id":"3c75181f","elType":"widget","settings":{"title":"Care and Maintenance","header_size":"h5","title_color":"#6C7C69","typography_typography":"custom","typography_font_family":"Playfair Display","typography_font_size":{"unit":"px","size":"18","sizes":[]},"typography_font_weight":"400","typography_text_transform":"capitalize","typography_line_height":{"unit":"px","size":"19","sizes":[]},"typography_letter_spacing":{"unit":"px","size":"-0.51","sizes":[]},"_z_index":"2"},"elements":[],"widgetType":"heading"},{"id":"23e0adb3","elType":"widget","settings":{"editor":"<p>Lorem ipsum dolor sit amet, te has solet postea. Voluptua quaestio dissentias has ex, no interpretaris, viderer pertinax repudiandae ne ius, qui ne porro insolens instructior.<\/p>","text_color":"#000000","typography_typography":"custom","typography_font_family":"Helvetica","typography_font_size":{"unit":"px","size":"16","sizes":[]},"typography_font_size_tablet":{"unit":"px","size":"14","sizes":[]},"typography_font_weight":"300","typography_line_height":{"unit":"px","size":"22","sizes":[]},"typography_line_height_tablet":{"unit":"px","size":"20","sizes":[]},"typography_letter_spacing":{"unit":"px","size":"0","sizes":[]}},"elements":[],"widgetType":"text-editor"},{"id":"3ac8647c","elType":"widget","settings":{"text":"Request An Estimate","hover_color":"#000000","button_background_hover_color":"rgba(2, 1, 1, 0)","border_border":"solid","border_width":{"unit":"px","top":"0","right":"0","bottom":"1","left":"0","isLinked":""},"border_color":"#6C7C69","text_padding":{"unit":"px","top":"0","right":"0","bottom":"0","left":"0","isLinked":"1"},"_margin":{"unit":"%","top":"","right":"","bottom":"","left":"","isLinked":"1"},"typography_typography":"custom","typography_font_family":"Helvetica","typography_font_size":{"unit":"px","size":"14","sizes":[]},"typography_font_weight":"700","typography_text_transform":"capitalize","typography_line_height":{"unit":"px","size":"","sizes":[]},"typography_letter_spacing":{"unit":"px","size":"-0.45","sizes":[]},"button_text_color":"#6C7C69","button_hover_border_color":"#000000","border_radius":{"unit":"px","top":"0","right":"0","bottom":"0","left":"0","isLinked":"1"},"_margin_mobile":{"unit":"%","top":"","right":"","bottom":"","left":"","isLinked":"1"},"background_color":"rgba(2, 1, 1, 0)"},"elements":[],"widgetType":"button"}],"isInner":""},{"id":"5ad4e140","elType":"column","settings":{"_column_size":"50","_inline_size_tablet":"100","background_background":"classic","background_image":{"id":"14954","url":"https:\/\/library.elementor.com\/wp-content\/uploads\/2020\/08\/ServicesPage-Hardwood_Flooring.jpg"},"background_position":"center center","background_repeat":"no-repeat","background_size":"cover"},"elements":[{"id":"3426543","elType":"widget","settings":{"space_tablet":{"unit":"vh","size":"40","sizes":[]}},"elements":[],"widgetType":"spacer"}],"isInner":""}],"isInner":""},{"id":"5f9813da","elType":"section","settings":{"layout":"full_width","gap":"no","structure":"20","margin":{"unit":"%","top":"15","right":"0","bottom":"0","left":"0","isLinked":""},"margin_mobile":{"unit":"%","top":"35","right":"0","bottom":"0","left":"0","isLinked":""},"padding":{"unit":"%","top":"0","right":"7","bottom":"0","left":"7","isLinked":""},"_title":"Laminate Flooring","_timestamp_":"v1bnVUUHJ2THdCOGhycjdXanhqVEJXdz09"},"elements":[{"id":"3ed183ea","elType":"column","settings":{"_column_size":"50","_inline_size_tablet":"100","background_background":"classic","background_image":{"id":"14955","url":"https:\/\/library.elementor.com\/wp-content\/uploads\/2020\/08\/ServicesPage-Laminate_Flooring.jpg"},"background_position":"center center","background_repeat":"no-repeat","background_size":"cover"},"elements":[{"id":"1a875e7d","elType":"widget","settings":{"space_tablet":{"unit":"vh","size":"40","sizes":[]}},"elements":[],"widgetType":"spacer"}],"isInner":""},{"id":"2da6ebc3","elType":"column","settings":{"_column_size":"50","_inline_size_tablet":"100","space_between_widgets":"10","margin":{"unit":"%","top":"","right":"","bottom":"","left":"","isLinked":"1"},"margin_tablet":{"unit":"%","top":"10","right":"0","bottom":"0","left":"0","isLinked":""},"padding":{"unit":"%","top":"0","right":"0","bottom":"0","left":"20","isLinked":""},"padding_tablet":{"unit":"%","top":"0","right":"20","bottom":"0","left":"0","isLinked":""},"padding_mobile":{"unit":"px","top":"0","right":"0","bottom":"0","left":"0","isLinked":""}},"elements":[{"id":"4f1991b7","elType":"widget","settings":{"title":"Laminate Flooring","_margin":{"unit":"%","top":"0","right":"0","bottom":"3","left":"0","isLinked":""},"_margin_mobile":{"unit":"%","top":"0","right":"0","bottom":"5","left":"0","isLinked":""},"title_color":"#6C7C69","typography_typography":"custom","typography_font_family":"Playfair Display","typography_font_size":{"unit":"px","size":"40","sizes":[]},"typography_font_size_tablet":{"unit":"px","size":"32","sizes":[]},"typography_font_size_mobile":{"unit":"px","size":"28","sizes":[]},"typography_font_weight":"400","typography_text_transform":"capitalize","typography_line_height":{"unit":"px","size":"44","sizes":[]},"typography_line_height_tablet":{"unit":"px","size":"36","sizes":[]},"typography_line_height_mobile":{"unit":"px","size":"32","sizes":[]},"typography_letter_spacing":{"unit":"px","size":"-1.13","sizes":[]}},"elements":[],"widgetType":"heading"},{"id":"67948d2f","elType":"widget","settings":{"title":"Laminate Flooring Types","header_size":"h5","title_color":"#6C7C69","typography_typography":"custom","typography_font_family":"Playfair Display","typography_font_size":{"unit":"px","size":"18","sizes":[]},"typography_font_weight":"400","typography_text_transform":"capitalize","typography_line_height":{"unit":"px","size":"19","sizes":[]},"typography_letter_spacing":{"unit":"px","size":"-0.51","sizes":[]},"_z_index":"2"},"elements":[],"widgetType":"heading"},{"id":"64872587","elType":"widget","settings":{"editor":"<p>Lorem ipsum dolor sit amet, te has solet postea. Voluptua quaestio dissentias has ex, no interpretaris, viderer pertinax repudiandae ne ius, qui ne porro insolens instructior.<\/p>","text_color":"#000000","typography_typography":"custom","typography_font_family":"Helvetica","typography_font_size":{"unit":"px","size":"16","sizes":[]},"typography_font_size_tablet":{"unit":"px","size":"14","sizes":[]},"typography_font_weight":"300","typography_line_height":{"unit":"px","size":"22","sizes":[]},"typography_line_height_tablet":{"unit":"px","size":"20","sizes":[]},"typography_letter_spacing":{"unit":"px","size":"0","sizes":[]}},"elements":[],"widgetType":"text-editor"},{"id":"5edb0c59","elType":"widget","settings":{"title":"Installation Process","header_size":"h5","title_color":"#6C7C69","typography_typography":"custom","typography_font_family":"Playfair Display","typography_font_size":{"unit":"px","size":"18","sizes":[]},"typography_font_weight":"400","typography_text_transform":"capitalize","typography_line_height":{"unit":"px","size":"19","sizes":[]},"typography_letter_spacing":{"unit":"px","size":"-0.51","sizes":[]},"_z_index":"2"},"elements":[],"widgetType":"heading"},{"id":"13988a9d","elType":"widget","settings":{"editor":"<p>Lorem ipsum dolor sit amet, te has solet postea. Voluptua quaestio dissentias has ex, no interpretaris, viderer pertinax repudiandae ne ius, qui ne porro insolens instructior.<\/p>","text_color":"#000000","typography_typography":"custom","typography_font_family":"Helvetica","typography_font_size":{"unit":"px","size":"16","sizes":[]},"typography_font_size_tablet":{"unit":"px","size":"14","sizes":[]},"typography_font_weight":"300","typography_line_height":{"unit":"px","size":"22","sizes":[]},"typography_line_height_tablet":{"unit":"px","size":"20","sizes":[]},"typography_letter_spacing":{"unit":"px","size":"0","sizes":[]}},"elements":[],"widgetType":"text-editor"},{"id":"1fe0070d","elType":"widget","settings":{"title":"Care and Maintenance","header_size":"h5","title_color":"#6C7C69","typography_typography":"custom","typography_font_family":"Playfair Display","typography_font_size":{"unit":"px","size":"18","sizes":[]},"typography_font_weight":"400","typography_text_transform":"capitalize","typography_line_height":{"unit":"px","size":"19","sizes":[]},"typography_letter_spacing":{"unit":"px","size":"-0.51","sizes":[]},"_z_index":"2"},"elements":[],"widgetType":"heading"},{"id":"7ddee584","elType":"widget","settings":{"editor":"<p>Lorem ipsum dolor sit amet, te has solet postea. Voluptua quaestio dissentias has ex, no interpretaris, viderer pertinax repudiandae ne ius, qui ne porro insolens instructior.<\/p>","text_color":"#000000","typography_typography":"custom","typography_font_family":"Helvetica","typography_font_size":{"unit":"px","size":"16","sizes":[]},"typography_font_size_tablet":{"unit":"px","size":"14","sizes":[]},"typography_font_weight":"300","typography_line_height":{"unit":"px","size":"22","sizes":[]},"typography_line_height_tablet":{"unit":"px","size":"20","sizes":[]},"typography_letter_spacing":{"unit":"px","size":"0","sizes":[]}},"elements":[],"widgetType":"text-editor"},{"id":"64398560","elType":"widget","settings":{"text":"Request An Estimate","hover_color":"#000000","button_background_hover_color":"rgba(2, 1, 1, 0)","border_border":"solid","border_width":{"unit":"px","top":"0","right":"0","bottom":"1","left":"0","isLinked":""},"border_color":"#6C7C69","text_padding":{"unit":"px","top":"0","right":"0","bottom":"0","left":"0","isLinked":"1"},"_margin":{"unit":"%","top":"","right":"","bottom":"","left":"","isLinked":"1"},"typography_typography":"custom","typography_font_family":"Helvetica","typography_font_size":{"unit":"px","size":"14","sizes":[]},"typography_font_weight":"700","typography_text_transform":"capitalize","typography_line_height":{"unit":"px","size":"","sizes":[]},"typography_letter_spacing":{"unit":"px","size":"-0.45","sizes":[]},"button_text_color":"#6C7C69","button_hover_border_color":"#000000","border_radius":{"unit":"px","top":"0","right":"0","bottom":"0","left":"0","isLinked":"1"},"_margin_mobile":{"unit":"%","top":"","right":"","bottom":"","left":"","isLinked":"1"},"background_color":"rgba(2, 1, 1, 0)"},"elements":[],"widgetType":"button"}],"isInner":""}],"isInner":""},{"id":"23ea05d5","elType":"section","settings":{"layout":"full_width","gap":"no","structure":"20","margin":{"unit":"%","top":"15","right":"0","bottom":"0","left":"0","isLinked":""},"margin_mobile":{"unit":"%","top":"35","right":"0","bottom":"0","left":"0","isLinked":""},"padding":{"unit":"%","top":"0","right":"7","bottom":"0","left":"7","isLinked":""},"reverse_order_tablet":"reverse-tablet","reverse_order_mobile":"reverse-mobile","_title":"Ceramic Tyle Flooring","_timestamp_":"v1bnVUUHJ2THdCOGhycjdXanhqVEJXdz09"},"elements":[{"id":"7468c50b","elType":"column","settings":{"_column_size":"50","_inline_size_tablet":"100","space_between_widgets":"10","margin":{"unit":"%","top":"","right":"","bottom":"","left":"","isLinked":"1"},"margin_tablet":{"unit":"%","top":"10","right":"0","bottom":"0","left":"0","isLinked":""},"padding":{"unit":"%","top":"0","right":"20","bottom":"0","left":"0","isLinked":""},"padding_mobile":{"unit":"px","top":"0","right":"0","bottom":"0","left":"0","isLinked":""}},"elements":[{"id":"474ac6e9","elType":"widget","settings":{"title":"Ceramic Tile Flooring","_margin":{"unit":"%","top":"0","right":"0","bottom":"3","left":"0","isLinked":""},"_margin_mobile":{"unit":"%","top":"0","right":"0","bottom":"5","left":"0","isLinked":""},"title_color":"#6C7C69","typography_typography":"custom","typography_font_family":"Playfair Display","typography_font_size":{"unit":"px","size":"40","sizes":[]},"typography_font_size_tablet":{"unit":"px","size":"32","sizes":[]},"typography_font_size_mobile":{"unit":"px","size":"28","sizes":[]},"typography_font_weight":"400","typography_text_transform":"capitalize","typography_line_height":{"unit":"px","size":"44","sizes":[]},"typography_line_height_tablet":{"unit":"px","size":"36","sizes":[]},"typography_line_height_mobile":{"unit":"px","size":"32","sizes":[]},"typography_letter_spacing":{"unit":"px","size":"-1.13","sizes":[]}},"elements":[],"widgetType":"heading"},{"id":"416fe4b","elType":"widget","settings":{"title":"Carpet Flooring Types","header_size":"h5","title_color":"#6C7C69","typography_typography":"custom","typography_font_family":"Playfair Display","typography_font_size":{"unit":"px","size":"18","sizes":[]},"typography_font_weight":"400","typography_text_transform":"capitalize","typography_line_height":{"unit":"px","size":"19","sizes":[]},"typography_letter_spacing":{"unit":"px","size":"-0.51","sizes":[]},"_z_index":"2"},"elements":[],"widgetType":"heading"},{"id":"c41807f","elType":"widget","settings":{"editor":"<p>Lorem ipsum dolor sit amet, te has solet postea. Voluptua quaestio dissentias has ex, no interpretaris, viderer pertinax repudiandae ne ius, qui ne porro insolens instructior.<\/p>","text_color":"#000000","typography_typography":"custom","typography_font_family":"Helvetica","typography_font_size":{"unit":"px","size":"16","sizes":[]},"typography_font_size_tablet":{"unit":"px","size":"14","sizes":[]},"typography_font_weight":"300","typography_line_height":{"unit":"px","size":"22","sizes":[]},"typography_line_height_tablet":{"unit":"px","size":"20","sizes":[]},"typography_letter_spacing":{"unit":"px","size":"0","sizes":[]}},"elements":[],"widgetType":"text-editor"},{"id":"35d2c968","elType":"widget","settings":{"title":"Installation Process","header_size":"h5","title_color":"#6C7C69","typography_typography":"custom","typography_font_family":"Playfair Display","typography_font_size":{"unit":"px","size":"18","sizes":[]},"typography_font_weight":"400","typography_text_transform":"capitalize","typography_line_height":{"unit":"px","size":"19","sizes":[]},"typography_letter_spacing":{"unit":"px","size":"-0.51","sizes":[]},"_z_index":"2"},"elements":[],"widgetType":"heading"},{"id":"6d011faa","elType":"widget","settings":{"editor":"<p>Lorem ipsum dolor sit amet, te has solet postea. Voluptua quaestio dissentias has ex, no interpretaris, viderer pertinax repudiandae ne ius, qui ne porro insolens instructior.<\/p>","text_color":"#000000","typography_typography":"custom","typography_font_family":"Helvetica","typography_font_size":{"unit":"px","size":"16","sizes":[]},"typography_font_size_tablet":{"unit":"px","size":"14","sizes":[]},"typography_font_weight":"300","typography_line_height":{"unit":"px","size":"22","sizes":[]},"typography_line_height_tablet":{"unit":"px","size":"20","sizes":[]},"typography_letter_spacing":{"unit":"px","size":"0","sizes":[]}},"elements":[],"widgetType":"text-editor"},{"id":"1437bcb9","elType":"widget","settings":{"title":"Care and Maintenance","header_size":"h5","title_color":"#6C7C69","typography_typography":"custom","typography_font_family":"Playfair Display","typography_font_size":{"unit":"px","size":"18","sizes":[]},"typography_font_weight":"400","typography_text_transform":"capitalize","typography_line_height":{"unit":"px","size":"19","sizes":[]},"typography_letter_spacing":{"unit":"px","size":"-0.51","sizes":[]},"_z_index":"2"},"elements":[],"widgetType":"heading"},{"id":"74695664","elType":"widget","settings":{"editor":"<p>Lorem ipsum dolor sit amet, te has solet postea. Voluptua quaestio dissentias has ex, no interpretaris, viderer pertinax repudiandae ne ius, qui ne porro insolens instructior.<\/p>","text_color":"#000000","typography_typography":"custom","typography_font_family":"Helvetica","typography_font_size":{"unit":"px","size":"16","sizes":[]},"typography_font_size_tablet":{"unit":"px","size":"14","sizes":[]},"typography_font_weight":"300","typography_line_height":{"unit":"px","size":"22","sizes":[]},"typography_line_height_tablet":{"unit":"px","size":"20","sizes":[]},"typography_letter_spacing":{"unit":"px","size":"0","sizes":[]}},"elements":[],"widgetType":"text-editor"},{"id":"1c5d9420","elType":"widget","settings":{"text":"Request An Estimate","hover_color":"#000000","button_background_hover_color":"rgba(2, 1, 1, 0)","border_border":"solid","border_width":{"unit":"px","top":"0","right":"0","bottom":"1","left":"0","isLinked":""},"border_color":"#6C7C69","text_padding":{"unit":"px","top":"0","right":"0","bottom":"0","left":"0","isLinked":"1"},"_margin":{"unit":"%","top":"","right":"","bottom":"","left":"","isLinked":"1"},"typography_typography":"custom","typography_font_family":"Helvetica","typography_font_size":{"unit":"px","size":"14","sizes":[]},"typography_font_weight":"700","typography_text_transform":"capitalize","typography_line_height":{"unit":"px","size":"","sizes":[]},"typography_letter_spacing":{"unit":"px","size":"-0.45","sizes":[]},"button_text_color":"#6C7C69","button_hover_border_color":"#000000","border_radius":{"unit":"px","top":"0","right":"0","bottom":"0","left":"0","isLinked":"1"},"_margin_mobile":{"unit":"%","top":"","right":"","bottom":"","left":"","isLinked":"1"},"background_color":"rgba(2, 1, 1, 0)"},"elements":[],"widgetType":"button"}],"isInner":""},{"id":"5be923ba","elType":"column","settings":{"_column_size":"50","_inline_size_tablet":"100","background_background":"classic","background_image":{"id":"14956","url":"https:\/\/library.elementor.com\/wp-content\/uploads\/2020\/08\/ServicesPage-Ceramic_Tyle_Flooring.jpg"},"background_position":"center center","background_repeat":"no-repeat","background_size":"cover"},"elements":[{"id":"7a6b6252","elType":"widget","settings":{"space_tablet":{"unit":"vh","size":"40","sizes":[]}},"elements":[],"widgetType":"spacer"}],"isInner":""}],"isInner":""},{"id":"5cdff504","elType":"section","settings":{"layout":"full_width","gap":"no","structure":"20","margin":{"unit":"%","top":"15","right":"0","bottom":"0","left":"0","isLinked":""},"margin_mobile":{"unit":"%","top":"35","right":"0","bottom":"0","left":"0","isLinked":""},"padding":{"unit":"%","top":"0","right":"7","bottom":"0","left":"7","isLinked":""},"_title":"Vinyl Tile Flooring","_timestamp_":"v1bnVUUHJ2THdCOGhycjdXanhqVEJXdz09"},"elements":[{"id":"7fc9d16d","elType":"column","settings":{"_column_size":"50","_inline_size_tablet":"100","background_background":"classic","background_image":{"id":"14957","url":"https:\/\/library.elementor.com\/wp-content\/uploads\/2020\/08\/ServicesPage-Vinyl_Tile_Flooring.jpg"},"background_position":"center center","background_repeat":"no-repeat","background_size":"cover"},"elements":[{"id":"36e07a71","elType":"widget","settings":{"space_tablet":{"unit":"vh","size":"40","sizes":[]}},"elements":[],"widgetType":"spacer"}],"isInner":""},{"id":"528225c","elType":"column","settings":{"_column_size":"50","_inline_size_tablet":"100","space_between_widgets":"10","margin":{"unit":"%","top":"","right":"","bottom":"","left":"","isLinked":"1"},"margin_tablet":{"unit":"%","top":"10","right":"0","bottom":"0","left":"0","isLinked":""},"padding":{"unit":"%","top":"0","right":"0","bottom":"0","left":"20","isLinked":""},"padding_tablet":{"unit":"%","top":"0","right":"20","bottom":"0","left":"0","isLinked":""},"padding_mobile":{"unit":"px","top":"0","right":"0","bottom":"0","left":"0","isLinked":""}},"elements":[{"id":"5eb26a51","elType":"widget","settings":{"title":"Vinyl Tile Flooring","_margin":{"unit":"%","top":"0","right":"0","bottom":"3","left":"0","isLinked":""},"_margin_mobile":{"unit":"%","top":"0","right":"0","bottom":"5","left":"0","isLinked":""},"title_color":"#6C7C69","typography_typography":"custom","typography_font_family":"Playfair Display","typography_font_size":{"unit":"px","size":"40","sizes":[]},"typography_font_size_tablet":{"unit":"px","size":"32","sizes":[]},"typography_font_size_mobile":{"unit":"px","size":"28","sizes":[]},"typography_font_weight":"400","typography_text_transform":"capitalize","typography_line_height":{"unit":"px","size":"44","sizes":[]},"typography_line_height_tablet":{"unit":"px","size":"36","sizes":[]},"typography_line_height_mobile":{"unit":"px","size":"32","sizes":[]},"typography_letter_spacing":{"unit":"px","size":"-1.13","sizes":[]}},"elements":[],"widgetType":"heading"},{"id":"7f280810","elType":"widget","settings":{"title":"Laminate Flooring Types","header_size":"h5","title_color":"#6C7C69","typography_typography":"custom","typography_font_family":"Playfair Display","typography_font_size":{"unit":"px","size":"18","sizes":[]},"typography_font_weight":"400","typography_text_transform":"capitalize","typography_line_height":{"unit":"px","size":"19","sizes":[]},"typography_letter_spacing":{"unit":"px","size":"-0.51","sizes":[]},"_z_index":"2"},"elements":[],"widgetType":"heading"},{"id":"30c36b0","elType":"widget","settings":{"editor":"<p>Lorem ipsum dolor sit amet, te has solet postea. Voluptua quaestio dissentias has ex, no interpretaris, viderer pertinax repudiandae ne ius, qui ne porro insolens instructior.<\/p>","text_color":"#000000","typography_typography":"custom","typography_font_family":"Helvetica","typography_font_size":{"unit":"px","size":"16","sizes":[]},"typography_font_size_tablet":{"unit":"px","size":"14","sizes":[]},"typography_font_weight":"300","typography_line_height":{"unit":"px","size":"22","sizes":[]},"typography_line_height_tablet":{"unit":"px","size":"20","sizes":[]},"typography_letter_spacing":{"unit":"px","size":"0","sizes":[]}},"elements":[],"widgetType":"text-editor"},{"id":"39874b92","elType":"widget","settings":{"title":"Installation Process","header_size":"h5","title_color":"#6C7C69","typography_typography":"custom","typography_font_family":"Playfair Display","typography_font_size":{"unit":"px","size":"18","sizes":[]},"typography_font_weight":"400","typography_text_transform":"capitalize","typography_line_height":{"unit":"px","size":"19","sizes":[]},"typography_letter_spacing":{"unit":"px","size":"-0.51","sizes":[]},"_z_index":"2"},"elements":[],"widgetType":"heading"},{"id":"ba703a9","elType":"widget","settings":{"editor":"<p>Lorem ipsum dolor sit amet, te has solet postea. Voluptua quaestio dissentias has ex, no interpretaris, viderer pertinax repudiandae ne ius, qui ne porro insolens instructior.<\/p>","text_color":"#000000","typography_typography":"custom","typography_font_family":"Helvetica","typography_font_size":{"unit":"px","size":"16","sizes":[]},"typography_font_size_tablet":{"unit":"px","size":"14","sizes":[]},"typography_font_weight":"300","typography_line_height":{"unit":"px","size":"22","sizes":[]},"typography_line_height_tablet":{"unit":"px","size":"20","sizes":[]},"typography_letter_spacing":{"unit":"px","size":"0","sizes":[]}},"elements":[],"widgetType":"text-editor"},{"id":"1d93952d","elType":"widget","settings":{"title":"Care and Maintenance","header_size":"h5","title_color":"#6C7C69","typography_typography":"custom","typography_font_family":"Playfair Display","typography_font_size":{"unit":"px","size":"18","sizes":[]},"typography_font_weight":"400","typography_text_transform":"capitalize","typography_line_height":{"unit":"px","size":"19","sizes":[]},"typography_letter_spacing":{"unit":"px","size":"-0.51","sizes":[]},"_z_index":"2"},"elements":[],"widgetType":"heading"},{"id":"7858cf7c","elType":"widget","settings":{"editor":"<p>Lorem ipsum dolor sit amet, te has solet postea. Voluptua quaestio dissentias has ex, no interpretaris, viderer pertinax repudiandae ne ius, qui ne porro insolens instructior.<\/p>","text_color":"#000000","typography_typography":"custom","typography_font_family":"Helvetica","typography_font_size":{"unit":"px","size":"16","sizes":[]},"typography_font_size_tablet":{"unit":"px","size":"14","sizes":[]},"typography_font_weight":"300","typography_line_height":{"unit":"px","size":"22","sizes":[]},"typography_line_height_tablet":{"unit":"px","size":"20","sizes":[]},"typography_letter_spacing":{"unit":"px","size":"0","sizes":[]}},"elements":[],"widgetType":"text-editor"},{"id":"5ac09560","elType":"widget","settings":{"text":"Request An Estimate","hover_color":"#000000","button_background_hover_color":"rgba(2, 1, 1, 0)","border_border":"solid","border_width":{"unit":"px","top":"0","right":"0","bottom":"1","left":"0","isLinked":""},"border_color":"#6C7C69","text_padding":{"unit":"px","top":"0","right":"0","bottom":"0","left":"0","isLinked":"1"},"_margin":{"unit":"%","top":"","right":"","bottom":"","left":"","isLinked":"1"},"typography_typography":"custom","typography_font_family":"Helvetica","typography_font_size":{"unit":"px","size":"14","sizes":[]},"typography_font_weight":"700","typography_text_transform":"capitalize","typography_line_height":{"unit":"px","size":"","sizes":[]},"typography_letter_spacing":{"unit":"px","size":"-0.45","sizes":[]},"button_text_color":"#6C7C69","button_hover_border_color":"#000000","border_radius":{"unit":"px","top":"0","right":"0","bottom":"0","left":"0","isLinked":"1"},"_margin_mobile":{"unit":"%","top":"","right":"","bottom":"","left":"","isLinked":"1"},"background_color":"rgba(2, 1, 1, 0)"},"elements":[],"widgetType":"button"}],"isInner":""}],"isInner":""},{"id":"1b7f05ca","elType":"section","settings":{"layout":"full_width","gap":"no","structure":"20","margin":{"unit":"%","top":"15","right":"0","bottom":"0","left":"0","isLinked":""},"margin_mobile":{"unit":"%","top":"35","right":"0","bottom":"0","left":"0","isLinked":""},"padding":{"unit":"%","top":"0","right":"7","bottom":"0","left":"7","isLinked":""},"reverse_order_tablet":"reverse-tablet","reverse_order_mobile":"reverse-mobile","_title":"Carpet Flooring","_timestamp_":"v1bnVUUHJ2THdCOGhycjdXanhqVEJXdz09"},"elements":[{"id":"2e7de620","elType":"column","settings":{"_column_size":"50","_inline_size_tablet":"100","space_between_widgets":"10","margin":{"unit":"%","top":"","right":"","bottom":"","left":"","isLinked":"1"},"margin_tablet":{"unit":"%","top":"10","right":"0","bottom":"0","left":"0","isLinked":""},"padding":{"unit":"%","top":"0","right":"20","bottom":"0","left":"0","isLinked":""},"padding_mobile":{"unit":"px","top":"0","right":"0","bottom":"0","left":"0","isLinked":""}},"elements":[{"id":"399ba1ba","elType":"widget","settings":{"title":"Carpet Flooring","_margin":{"unit":"%","top":"0","right":"0","bottom":"3","left":"0","isLinked":""},"_margin_mobile":{"unit":"%","top":"0","right":"0","bottom":"5","left":"0","isLinked":""},"title_color":"#6C7C69","typography_typography":"custom","typography_font_family":"Playfair Display","typography_font_size":{"unit":"px","size":"40","sizes":[]},"typography_font_size_tablet":{"unit":"px","size":"32","sizes":[]},"typography_font_size_mobile":{"unit":"px","size":"28","sizes":[]},"typography_font_weight":"400","typography_text_transform":"capitalize","typography_line_height":{"unit":"px","size":"44","sizes":[]},"typography_line_height_tablet":{"unit":"px","size":"36","sizes":[]},"typography_line_height_mobile":{"unit":"px","size":"32","sizes":[]},"typography_letter_spacing":{"unit":"px","size":"-1.13","sizes":[]}},"elements":[],"widgetType":"heading"},{"id":"18c0acf9","elType":"widget","settings":{"title":"Carpet Flooring Types","header_size":"h5","title_color":"#6C7C69","typography_typography":"custom","typography_font_family":"Playfair Display","typography_font_size":{"unit":"px","size":"18","sizes":[]},"typography_font_weight":"400","typography_text_transform":"capitalize","typography_line_height":{"unit":"px","size":"19","sizes":[]},"typography_letter_spacing":{"unit":"px","size":"-0.51","sizes":[]},"_z_index":"2"},"elements":[],"widgetType":"heading"},{"id":"7cbffc11","elType":"widget","settings":{"editor":"<p>Lorem ipsum dolor sit amet, te has solet postea. Voluptua quaestio dissentias has ex, no interpretaris, viderer pertinax repudiandae ne ius, qui ne porro insolens instructior.<\/p>","text_color":"#000000","typography_typography":"custom","typography_font_family":"Helvetica","typography_font_size":{"unit":"px","size":"16","sizes":[]},"typography_font_size_tablet":{"unit":"px","size":"14","sizes":[]},"typography_font_weight":"300","typography_line_height":{"unit":"px","size":"22","sizes":[]},"typography_line_height_tablet":{"unit":"px","size":"20","sizes":[]},"typography_letter_spacing":{"unit":"px","size":"0","sizes":[]}},"elements":[],"widgetType":"text-editor"},{"id":"377a873e","elType":"widget","settings":{"title":"Installation Process","header_size":"h5","title_color":"#6C7C69","typography_typography":"custom","typography_font_family":"Playfair Display","typography_font_size":{"unit":"px","size":"18","sizes":[]},"typography_font_weight":"400","typography_text_transform":"capitalize","typography_line_height":{"unit":"px","size":"19","sizes":[]},"typography_letter_spacing":{"unit":"px","size":"-0.51","sizes":[]},"_z_index":"2"},"elements":[],"widgetType":"heading"},{"id":"7cfa3259","elType":"widget","settings":{"editor":"<p>Lorem ipsum dolor sit amet, te has solet postea. Voluptua quaestio dissentias has ex, no interpretaris, viderer pertinax repudiandae ne ius, qui ne porro insolens instructior.<\/p>","text_color":"#000000","typography_typography":"custom","typography_font_family":"Helvetica","typography_font_size":{"unit":"px","size":"16","sizes":[]},"typography_font_size_tablet":{"unit":"px","size":"14","sizes":[]},"typography_font_weight":"300","typography_line_height":{"unit":"px","size":"22","sizes":[]},"typography_line_height_tablet":{"unit":"px","size":"20","sizes":[]},"typography_letter_spacing":{"unit":"px","size":"0","sizes":[]}},"elements":[],"widgetType":"text-editor"},{"id":"2a66e7d4","elType":"widget","settings":{"title":"Care and Maintenance","header_size":"h5","title_color":"#6C7C69","typography_typography":"custom","typography_font_family":"Playfair Display","typography_font_size":{"unit":"px","size":"18","sizes":[]},"typography_font_weight":"400","typography_text_transform":"capitalize","typography_line_height":{"unit":"px","size":"19","sizes":[]},"typography_letter_spacing":{"unit":"px","size":"-0.51","sizes":[]},"_z_index":"2"},"elements":[],"widgetType":"heading"},{"id":"17129b18","elType":"widget","settings":{"editor":"<p>Lorem ipsum dolor sit amet, te has solet postea. Voluptua quaestio dissentias has ex, no interpretaris, viderer pertinax repudiandae ne ius, qui ne porro insolens instructior.<\/p>","text_color":"#000000","typography_typography":"custom","typography_font_family":"Helvetica","typography_font_size":{"unit":"px","size":"16","sizes":[]},"typography_font_size_tablet":{"unit":"px","size":"14","sizes":[]},"typography_font_weight":"300","typography_line_height":{"unit":"px","size":"22","sizes":[]},"typography_line_height_tablet":{"unit":"px","size":"20","sizes":[]},"typography_letter_spacing":{"unit":"px","size":"0","sizes":[]}},"elements":[],"widgetType":"text-editor"},{"id":"4444f942","elType":"widget","settings":{"text":"Request An Estimate","hover_color":"#000000","button_background_hover_color":"rgba(2, 1, 1, 0)","border_border":"solid","border_width":{"unit":"px","top":"0","right":"0","bottom":"1","left":"0","isLinked":""},"border_color":"#6C7C69","text_padding":{"unit":"px","top":"0","right":"0","bottom":"0","left":"0","isLinked":"1"},"_margin":{"unit":"%","top":"","right":"","bottom":"","left":"","isLinked":"1"},"typography_typography":"custom","typography_font_family":"Helvetica","typography_font_size":{"unit":"px","size":"14","sizes":[]},"typography_font_weight":"700","typography_text_transform":"capitalize","typography_line_height":{"unit":"px","size":"","sizes":[]},"typography_letter_spacing":{"unit":"px","size":"-0.45","sizes":[]},"button_text_color":"#6C7C69","button_hover_border_color":"#000000","border_radius":{"unit":"px","top":"0","right":"0","bottom":"0","left":"0","isLinked":"1"},"_margin_mobile":{"unit":"%","top":"","right":"","bottom":"","left":"","isLinked":"1"},"background_color":"rgba(2, 1, 1, 0)"},"elements":[],"widgetType":"button"}],"isInner":""},{"id":"7a17c2ab","elType":"column","settings":{"_column_size":"50","_inline_size_tablet":"100","background_background":"classic","background_image":{"id":"14958","url":"https:\/\/library.elementor.com\/wp-content\/uploads\/2020\/08\/ServicesPage-Carpet_Flooring.jpg"},"background_position":"center center","background_repeat":"no-repeat","background_size":"cover"},"elements":[{"id":"23541b97","elType":"widget","settings":{"space_tablet":{"unit":"vh","size":"40","sizes":[]}},"elements":[],"widgetType":"spacer"}],"isInner":""}],"isInner":""},{"id":"169bc5c1","elType":"section","settings":{"layout":"full_width","gap":"no","structure":"20","margin":{"unit":"%","top":"15","right":"0","bottom":"0","left":"0","isLinked":""},"margin_mobile":{"unit":"%","top":"35","right":"0","bottom":"0","left":"0","isLinked":""},"padding":{"unit":"%","top":"0","right":"7","bottom":"0","left":"7","isLinked":""},"_title":"Concrete Flooring","_timestamp_":"v1bnVUUHJ2THdCOGhycjdXanhqVEJXdz09"},"elements":[{"id":"6e81190f","elType":"column","settings":{"_column_size":"50","_inline_size_tablet":"100","background_background":"classic","background_image":{"id":"14959","url":"https:\/\/library.elementor.com\/wp-content\/uploads\/2020\/08\/ServicesPage-Concrete_Flooring.jpg"},"background_position":"center center","background_repeat":"no-repeat","background_size":"cover"},"elements":[{"id":"378bd851","elType":"widget","settings":{"space_tablet":{"unit":"vh","size":"40","sizes":[]}},"elements":[],"widgetType":"spacer"}],"isInner":""},{"id":"1ef4fde3","elType":"column","settings":{"_column_size":"50","_inline_size_tablet":"100","space_between_widgets":"10","margin":{"unit":"%","top":"","right":"","bottom":"","left":"","isLinked":"1"},"margin_tablet":{"unit":"%","top":"10","right":"0","bottom":"0","left":"0","isLinked":""},"padding":{"unit":"%","top":"0","right":"0","bottom":"0","left":"20","isLinked":""},"padding_tablet":{"unit":"%","top":"0","right":"20","bottom":"0","left":"0","isLinked":""},"padding_mobile":{"unit":"px","top":"0","right":"0","bottom":"0","left":"0","isLinked":""}},"elements":[{"id":"37dc99ea","elType":"widget","settings":{"title":"Concrete Flooring","_margin":{"unit":"%","top":"0","right":"0","bottom":"3","left":"0","isLinked":""},"_margin_mobile":{"unit":"%","top":"0","right":"0","bottom":"5","left":"0","isLinked":""},"title_color":"#6C7C69","typography_typography":"custom","typography_font_family":"Playfair Display","typography_font_size":{"unit":"px","size":"40","sizes":[]},"typography_font_size_tablet":{"unit":"px","size":"32","sizes":[]},"typography_font_size_mobile":{"unit":"px","size":"28","sizes":[]},"typography_font_weight":"400","typography_text_transform":"capitalize","typography_line_height":{"unit":"px","size":"44","sizes":[]},"typography_line_height_tablet":{"unit":"px","size":"36","sizes":[]},"typography_line_height_mobile":{"unit":"px","size":"32","sizes":[]},"typography_letter_spacing":{"unit":"px","size":"-1.13","sizes":[]}},"elements":[],"widgetType":"heading"},{"id":"2bf49d5c","elType":"widget","settings":{"title":"Concrete Flooring Types","header_size":"h5","title_color":"#6C7C69","typography_typography":"custom","typography_font_family":"Playfair Display","typography_font_size":{"unit":"px","size":"18","sizes":[]},"typography_font_weight":"400","typography_text_transform":"capitalize","typography_line_height":{"unit":"px","size":"19","sizes":[]},"typography_letter_spacing":{"unit":"px","size":"-0.51","sizes":[]},"_z_index":"2"},"elements":[],"widgetType":"heading"},{"id":"68ec7b62","elType":"widget","settings":{"editor":"<p>Lorem ipsum dolor sit amet, te has solet postea. Voluptua quaestio dissentias has ex, no interpretaris, viderer pertinax repudiandae ne ius, qui ne porro insolens instructior.<\/p>","text_color":"#000000","typography_typography":"custom","typography_font_family":"Helvetica","typography_font_size":{"unit":"px","size":"16","sizes":[]},"typography_font_size_tablet":{"unit":"px","size":"14","sizes":[]},"typography_font_weight":"300","typography_line_height":{"unit":"px","size":"22","sizes":[]},"typography_line_height_tablet":{"unit":"px","size":"20","sizes":[]},"typography_letter_spacing":{"unit":"px","size":"0","sizes":[]}},"elements":[],"widgetType":"text-editor"},{"id":"13c5bda4","elType":"widget","settings":{"title":"Installation Process","header_size":"h5","title_color":"#6C7C69","typography_typography":"custom","typography_font_family":"Playfair Display","typography_font_size":{"unit":"px","size":"18","sizes":[]},"typography_font_weight":"400","typography_text_transform":"capitalize","typography_line_height":{"unit":"px","size":"19","sizes":[]},"typography_letter_spacing":{"unit":"px","size":"-0.51","sizes":[]},"_z_index":"2"},"elements":[],"widgetType":"heading"},{"id":"4fdea331","elType":"widget","settings":{"editor":"<p>Lorem ipsum dolor sit amet, te has solet postea. Voluptua quaestio dissentias has ex, no interpretaris, viderer pertinax repudiandae ne ius, qui ne porro insolens instructior.<\/p>","text_color":"#000000","typography_typography":"custom","typography_font_family":"Helvetica","typography_font_size":{"unit":"px","size":"16","sizes":[]},"typography_font_size_tablet":{"unit":"px","size":"14","sizes":[]},"typography_font_weight":"300","typography_line_height":{"unit":"px","size":"22","sizes":[]},"typography_line_height_tablet":{"unit":"px","size":"20","sizes":[]},"typography_letter_spacing":{"unit":"px","size":"0","sizes":[]}},"elements":[],"widgetType":"text-editor"},{"id":"1fccf5d3","elType":"widget","settings":{"title":"Care and Maintenance","header_size":"h5","title_color":"#6C7C69","typography_typography":"custom","typography_font_family":"Playfair Display","typography_font_size":{"unit":"px","size":"18","sizes":[]},"typography_font_weight":"400","typography_text_transform":"capitalize","typography_line_height":{"unit":"px","size":"19","sizes":[]},"typography_letter_spacing":{"unit":"px","size":"-0.51","sizes":[]},"_z_index":"2"},"elements":[],"widgetType":"heading"},{"id":"138f8f11","elType":"widget","settings":{"editor":"<p>Lorem ipsum dolor sit amet, te has solet postea. Voluptua quaestio dissentias has ex, no interpretaris, viderer pertinax repudiandae ne ius, qui ne porro insolens instructior.<\/p>","text_color":"#000000","typography_typography":"custom","typography_font_family":"Helvetica","typography_font_size":{"unit":"px","size":"16","sizes":[]},"typography_font_size_tablet":{"unit":"px","size":"14","sizes":[]},"typography_font_weight":"300","typography_line_height":{"unit":"px","size":"22","sizes":[]},"typography_line_height_tablet":{"unit":"px","size":"20","sizes":[]},"typography_letter_spacing":{"unit":"px","size":"0","sizes":[]}},"elements":[],"widgetType":"text-editor"},{"id":"2e910d83","elType":"widget","settings":{"text":"Request An Estimate","hover_color":"#000000","button_background_hover_color":"rgba(2, 1, 1, 0)","border_border":"solid","border_width":{"unit":"px","top":"0","right":"0","bottom":"1","left":"0","isLinked":""},"border_color":"#6C7C69","text_padding":{"unit":"px","top":"0","right":"0","bottom":"0","left":"0","isLinked":"1"},"_margin":{"unit":"%","top":"","right":"","bottom":"","left":"","isLinked":"1"},"typography_typography":"custom","typography_font_family":"Helvetica","typography_font_size":{"unit":"px","size":"14","sizes":[]},"typography_font_weight":"700","typography_text_transform":"capitalize","typography_line_height":{"unit":"px","size":"","sizes":[]},"typography_letter_spacing":{"unit":"px","size":"-0.45","sizes":[]},"button_text_color":"#6C7C69","button_hover_border_color":"#000000","border_radius":{"unit":"px","top":"0","right":"0","bottom":"0","left":"0","isLinked":"1"},"_margin_mobile":{"unit":"%","top":"","right":"","bottom":"","left":"","isLinked":"1"},"background_color":"rgba(2, 1, 1, 0)"},"elements":[],"widgetType":"button"}],"isInner":""}],"isInner":""},{"id":"39577d4a","elType":"section","settings":{"layout":"full_width","gap":"no","height":"min-height","custom_height":{"unit":"vh","size":"70","sizes":[]},"column_position":"stretch","content_position":"middle","structure":"20","_title":"Testimonials","margin":{"unit":"%","top":"10","right":"0","bottom":"15","left":"0","isLinked":""},"margin_tablet":{"unit":"%","top":"20","right":"0","bottom":"20","left":"0","isLinked":"1"},"margin_mobile":{"unit":"%","top":"30","right":"0","bottom":"35","left":"0","isLinked":""},"_timestamp_":"v1bnVUUHJ2THdCOGhycjdXanhqVEJXdz09"},"elements":[{"id":"342f5aee","elType":"column","settings":{"_column_size":"50","_inline_size":"50","background_color":"#6C7C69","padding":{"unit":"%","top":"0","right":"0","bottom":"0","left":"10","isLinked":""},"_inline_size_tablet":"100","padding_tablet":{"unit":"px","top":"0","right":"0","bottom":"0","left":"0","isLinked":""}},"elements":[{"id":"68185915","elType":"widget","settings":{"title":"Satisfied Customers","align":"center","title_color":"#6C7C69","typography_typography":"custom","typography_font_family":"Playfair Display","typography_font_size":{"unit":"px","size":"40","sizes":[]},"typography_font_size_tablet":{"unit":"px","size":"32","sizes":[]},"typography_font_size_mobile":{"unit":"px","size":"28","sizes":[]},"typography_font_weight":"400","typography_text_transform":"capitalize","typography_line_height":{"unit":"px","size":"44","sizes":[]},"typography_line_height_tablet":{"unit":"px","size":"36","sizes":[]},"typography_line_height_mobile":{"unit":"px","size":"32","sizes":[]},"typography_letter_spacing":{"unit":"px","size":"-1.13","sizes":[]}},"elements":[],"widgetType":"heading"},{"id":"2a9c018c","elType":"widget","settings":{"slides":[{"content":"\u201cWe are extremely happy that we chose to do our hardwood floors with grant flooring. Brianna and the entire staff are very knowledgeable, professional and hardworking.  I can honestly say that this was my first remodelling  project that went smoothly and on time.\"","name":"Jessica.D","title":"","image":{"id":"14916","url":"https:\/\/library.elementor.com\/wp-content\/uploads\/2020\/08\/Madline.D-270720.jpg"},"_id":"e9821f4"},{"content":"\u201cWe are delighted with the outstanding floor installation, Thank you so much. What a wonderful job both installation upstairs and downstairs. Your workers worked together as a team, were neat and completed the job in a day and a half. I will definitely recommend your firm to others.\"","name":"Madline.S","title":"","image":{"id":"14917","url":"https:\/\/library.elementor.com\/wp-content\/uploads\/2020\/08\/AnnaD.jpg"},"_id":"477c483"},{"content":"\u201cGrant flooring did a great job installing the maple hardwood floor in our kitchen and bedroom room! They started and completed the work on time as promised and we are delighted with the results! I would most certainly use Grant Flooring again and I would recommend them.\u201d","name":"Emma  k.","title":"","image":{"id":"14918","url":"https:\/\/library.elementor.com\/wp-content\/uploads\/2020\/08\/Emma.jpg"},"_id":"a4543a6"}],"width":{"unit":"%","size":"70","sizes":[]},"show_arrows":"","autoplay_speed":"4000","slide_padding":{"unit":"px","top":"0","right":"0","bottom":"0","left":"0","isLinked":"1"},"content_gap":{"unit":"px","size":"15","sizes":[]},"content_typography_typography":"custom","content_typography_font_size":{"unit":"px","size":"16","sizes":[]},"content_typography_font_style":"normal","name_color":"#6C7C69","name_typography_typography":"custom","name_typography_font_family":"Playfair Display","name_typography_font_size":{"unit":"px","size":"18","sizes":[]},"name_typography_font_weight":"400","name_typography_text_transform":"capitalize","name_typography_line_height":{"unit":"px","size":"20","sizes":[]},"name_typography_letter_spacing":{"unit":"px","size":"-0.51","sizes":[]},"image_size":{"unit":"px","size":"50","sizes":[]},"image_gap":{"unit":"px","size":"14","sizes":[]},"pagination_size":{"unit":"px","size":"6","sizes":[]},"pagination_color":"#6C7C69","image_border_color":"","width_tablet":{"unit":"%","size":"65","sizes":[]},"width_mobile":{"unit":"%","size":"80","sizes":[]},"content_typography_font_size_tablet":{"unit":"px","size":"14","sizes":[]},"content_color":"#000000","content_typography_font_family":"Helvetica","content_typography_font_weight":"300","content_typography_line_height":{"unit":"px","size":"22","sizes":[]},"content_typography_line_height_tablet":{"unit":"px","size":"","sizes":[]},"content_typography_letter_spacing":{"unit":"px","size":"0","sizes":[]}},"elements":[],"widgetType":"testimonial-carousel"}],"isInner":""},{"id":"55c96ed","elType":"column","settings":{"_column_size":"50","_inline_size":"50","margin":{"unit":"%","top":"0","right":"0","bottom":"0","left":"40","isLinked":""},"content_position":"bottom","background_background":"classic","background_color":"#6C7C69","_inline_size_tablet":"100","margin_tablet":{"unit":"%","top":"0","right":"0","bottom":"0","left":"60","isLinked":""},"padding":{"unit":"%","top":"","right":"","bottom":"","left":"","isLinked":"1"},"padding_tablet":{"unit":"%","top":"","right":"","bottom":"","left":"","isLinked":"1"}},"elements":[{"id":"60712891","elType":"widget","settings":{"image":{"id":"14919","url":"https:\/\/library.elementor.com\/wp-content\/uploads\/2020\/08\/HomePage-TestimonialsSection.jpg"},"image_size":"full","image_box_shadow_box_shadow":{"horizontal":"500","vertical":"0","blur":"0","spread":"100","color":"#6C7C69"},"width_mobile":{"unit":"%","size":"70","sizes":[]},"_margin":{"unit":"%","top":"0","right":"0","bottom":"-12","left":"-60","isLinked":""},"_margin_tablet":{"unit":"%","top":"20","right":"0","bottom":"-20","left":"-100","isLinked":""},"_padding_tablet":{"unit":"%","top":"","right":"","bottom":"","left":"","isLinked":"1"},"animation_duration":"slow"},"elements":[],"widgetType":"image"}],"isInner":""}],"isInner":""}],"page_settings":{"background_background":"classic","background_color":"#FFFAF5"}}