{"content":[{"id":"2d31a7f9","elType":"section","settings":{"layout":"full_width","gap":"no","height":"min-height","custom_height":{"unit":"vh","size":"60","sizes":[]},"column_position":"stretch","content_position":"bottom","structure":"32","_title":"Hero","_timestamp_":"v1bnVUUHJ2THdCOGhycjdXanhqVEJXdz09"},"elements":[{"id":"6cb74100","elType":"column","settings":{"_column_size":"50","_inline_size":"70","background_background":"classic","background_color":"#6C7C69","padding":{"unit":"%","top":"0","right":"25","bottom":"15","left":"10","isLinked":""},"_inline_size_tablet":"88","margin_tablet":{"unit":"%","top":"","right":"","bottom":"","left":"","isLinked":"1"},"padding_tablet":{"unit":"%","top":"25","right":"5","bottom":"45","left":"10","isLinked":""},"padding_mobile":{"unit":"%","top":"30","right":"5","bottom":"30","left":"10","isLinked":""}},"elements":[{"id":"2bacec85","elType":"widget","settings":{"title":"Our Blog","header_size":"h1","title_color":"#FFFFFF","typography_typography":"custom","typography_font_family":"Playfair Display","typography_font_size":{"unit":"px","size":"80","sizes":[]},"typography_font_size_tablet":{"unit":"px","size":"56","sizes":[]},"typography_font_size_mobile":{"unit":"px","size":"38","sizes":[]},"typography_font_weight":"700","typography_text_transform":"capitalize","typography_line_height":{"unit":"px","size":"80","sizes":[]},"typography_line_height_tablet":{"unit":"px","size":"56","sizes":[]},"typography_line_height_mobile":{"unit":"px","size":"42","sizes":[]},"typography_letter_spacing":{"unit":"px","size":"-2.25","sizes":[]}},"elements":[],"widgetType":"heading"},{"id":"11da7bfb","elType":"widget","settings":{"title":"Flooring guide &amp; inspiration","header_size":"h6","_margin":{"unit":"%","top":"1","right":"0","bottom":"0","left":"0","isLinked":""},"title_color":"#FFFFFF","typography_typography":"custom","typography_font_family":"Helvetica","typography_font_size":{"unit":"px","size":"18","sizes":[]},"typography_font_size_tablet":{"unit":"px","size":"16","sizes":[]},"typography_font_size_mobile":{"unit":"px","size":"14","sizes":[]},"typography_font_weight":"300","typography_line_height":{"unit":"px","size":"22","sizes":[]},"typography_letter_spacing":{"unit":"px","size":"1.5","sizes":[]}},"elements":[],"widgetType":"heading"}],"isInner":""},{"id":"7e8f34a7","elType":"column","settings":{"_column_size":"25","_inline_size":"23","margin":{"unit":"%","top":"0","right":"10","bottom":"0","left":"0","isLinked":""},"_inline_size_tablet":"100","margin_tablet":{"unit":"%","top":"0","right":"5","bottom":"0","left":"0","isLinked":""},"margin_mobile":{"unit":"%","top":"0","right":"5","bottom":"0","left":"0","isLinked":""},"padding_tablet":{"unit":"%","top":"","right":"","bottom":"","left":"","isLinked":"1"},"padding":{"unit":"%","top":"","right":"","bottom":"","left":"","isLinked":"1"}},"elements":[{"id":"30d752fd","elType":"widget","settings":{"image":{"id":"15049","url":"https:\/\/library.elementor.com\/wp-content\/uploads\/2020\/08\/BlogPage-Hero.jpg"},"image_size":"full","_margin":{"unit":"%","top":"0","right":"0","bottom":"-35","left":"-130","isLinked":""},"_margin_tablet":{"unit":"%","top":"-30","right":"0","bottom":"0","left":"22","isLinked":""},"_margin_mobile":{"unit":"%","top":"-20","right":"0","bottom":"0","left":"15","isLinked":""}},"elements":[],"widgetType":"image"}],"isInner":""},{"id":"d95f337","elType":"column","settings":{"_column_size":"25","_inline_size":"7","_inline_size_tablet":"100","align_tablet":"flex-end","margin":{"unit":"%","top":"","right":"","bottom":"","left":"","isLinked":"1"},"margin_tablet":{"unit":"%","top":"5","right":"0","bottom":"0","left":"0","isLinked":""},"padding":{"unit":"%","top":"","right":"","bottom":"","left":"","isLinked":"1"}},"elements":[{"id":"2c9c4146","elType":"widget","settings":{"space":{"unit":"px","size":"328","sizes":[]},"_background_background":"classic","_background_color":"#6C7C69","_element_custom_width":{"unit":"px","size":"138","sizes":[]},"_offset_x":{"unit":"%","size":"0","sizes":[]},"_offset_y":{"unit":"%","size":"","sizes":[]},"_element_custom_width_tablet":{"unit":"px","size":"36","sizes":[]},"_offset_orientation_v":"end","_element_width_mobile":"initial","_element_custom_width_mobile":{"unit":"px","size":"30","sizes":[]},"space_tablet":{"unit":"px","size":"180","sizes":[]},"space_mobile":{"unit":"px","size":"55","sizes":[]},"_margin":{"unit":"%","top":"0","right":"0","bottom":"-280","left":"0","isLinked":""},"_margin_mobile":{"unit":"%","top":"","right":"","bottom":"","left":"","isLinked":"1"},"_animation":"fadeInRight","animation_duration":"slow","_element_width_tablet":"initial","_offset_orientation_h":"end","_offset_x_end":{"unit":"%","size":"0","sizes":[]}},"elements":[],"widgetType":"spacer"}],"isInner":""}],"isInner":""},{"id":"3414610c","elType":"section","settings":{"layout":"full_width","gap":"no","margin":{"unit":"%","top":"20","right":"0","bottom":"15","left":"0","isLinked":""},"margin_tablet":{"unit":"%","top":"20","right":"0","bottom":"20","left":"0","isLinked":"1"},"margin_mobile":{"unit":"%","top":"35","right":"0","bottom":"35","left":"0","isLinked":"1"},"padding":{"unit":"%","top":"0","right":"7","bottom":"0","left":"7","isLinked":""},"padding_tablet":{"unit":"%","top":"","right":"","bottom":"","left":"","isLinked":"1"},"_title":"Posts","_timestamp_":"v1bnVUUHJ2THdCOGhycjdXanhqVEJXdz09"},"elements":[{"id":"1af1e42c","elType":"column","settings":{"_column_size":"100"},"elements":[{"id":"270cbef1","elType":"widget","settings":{"classic_meta_separator":"\/\/\/","classic_read_more_text":"Read More \u00bb","cards_meta_separator":"\u2022","cards_read_more_text":"Read More","full_content_meta_separator":"\/\/\/","pagination_page_limit":"5","pagination_prev_label":"&laquo; Previous","pagination_next_label":"Next &raquo;","_skin":"cards","classic_posts_per_page":"3","classic_thumbnail_size_size":"full","cards_columns_tablet":"1","cards_posts_per_page":"9","cards_thumbnail_size_size":"full","cards_item_ratio_mobile":{"unit":"px","size":"0.8","sizes":[]},"cards_title_tag":"h4","cards_meta_data":[],"cards_show_badge":"","cards_show_avatar":"","posts_avoid_duplicates":"yes","posts_order":"asc","classic_column_gap":{"unit":"px","size":"40","sizes":[]},"classic_row_gap":{"unit":"px","size":"40","sizes":[]},"cards_column_gap":{"unit":"px","size":"45","sizes":[]},"cards_card_bg_color":"#6C7C69","cards_card_border_radius":{"unit":"px","size":"0","sizes":[]},"cards_card_padding":{"unit":"px","size":"50","sizes":[]},"cards_box_shadow_box_shadow_type":"","cards_title_color":"#FFFFFF","cards_title_spacing":{"unit":"px","size":"15","sizes":[]},"cards_excerpt_color":"#FFFFFF","cards_excerpt_spacing":{"unit":"px","size":"10","sizes":[]},"cards_read_more_color":"#FFFFFF","cards_read_more_typography_typography":"custom","cards_read_more_typography_font_size":{"unit":"px","size":"14","sizes":[]},"cards_read_more_typography_text_transform":"capitalize","cards_read_more_typography_text_decoration":"underline","cards_read_more_spacing":{"unit":"px","size":"20","sizes":[]},"cards_row_gap":{"unit":"px","size":"70","sizes":[]},"cards_item_ratio_tablet":{"unit":"px","size":"0.5","sizes":[]},"cards_title_typography_typography":"custom","cards_title_typography_font_family":"Playfair Display","cards_title_typography_font_size":{"unit":"px","size":"24","sizes":[]},"cards_title_typography_font_weight":"700","cards_title_typography_text_transform":"capitalize","cards_title_typography_line_height":{"unit":"px","size":"25","sizes":[]},"cards_title_typography_letter_spacing":{"unit":"px","size":"-0.68","sizes":[]},"cards_excerpt_typography_typography":"custom","cards_excerpt_typography_font_family":"Helvetica","cards_excerpt_typography_font_size":{"unit":"px","size":"14","sizes":[]},"cards_excerpt_typography_font_weight":"300","cards_excerpt_typography_line_height":{"unit":"px","size":"22","sizes":[]},"cards_excerpt_typography_letter_spacing":{"unit":"px","size":"0","sizes":[]},"cards_read_more_typography_font_family":"Helvetica","cards_read_more_typography_font_weight":"700"},"elements":[],"widgetType":"posts"}],"isInner":""}],"isInner":""}],"page_settings":{"background_background":"classic","background_color":"#FFFAF5"}}