{"content":[{"id":"455feed1","elType":"section","settings":{"layout":"full_width","gap":"no","height":"min-height","column_position":"stretch","_title":"Popup","overflow":"hidden","_timestamp_":"v1bnVUUHJ2THdCOGhycjdXanhqVEJXdz09"},"elements":[{"id":"63d030cd","elType":"column","settings":{"_column_size":"100"},"elements":[{"id":"67f391b8","elType":"widget","settings":{"selected_icon":{"value":{"id":"15066","url":"https:\/\/library.elementor.com\/wp-content\/uploads\/2020\/08\/Cross.svg"},"library":"svg"},"view":"stacked","shape":"square","align":"","primary_color":"rgba(255, 250, 245, 0)","size":{"unit":"px","size":"14","sizes":[]},"icon_padding":{"unit":"px","size":"20","sizes":[]},"_background_color":"#FFFBF6","_element_custom_width":{"unit":"%","size":"35","sizes":[]},"_offset_orientation_h":"end","_background_color_stop":{"unit":"%","size":"100","sizes":[]},"_background_color_b":"rgba(108, 124, 105, 0)","_background_color_b_stop":{"unit":"%","size":"0","sizes":[]},"hover_primary_color":"rgba(255, 250, 245, 0)","motion_fx_range":"page","_offset_x_end_mobile":{"unit":"px","size":"0","sizes":[]},"_offset_y_mobile":{"unit":"px","size":"0","sizes":[]},"secondary_color":"#6C7C69","_margin":{"unit":"px","top":"0","right":"0","bottom":"-6","left":"0","isLinked":""},"__dynamic__":{"link":"[elementor-tag id=\"0dfa59d\" name=\"popup\" settings=\"%7B%22action%22%3A%22close%22%7D\"]"},"_element_width":"auto","_position":"absolute","hover_secondary_color":"#000000"},"elements":[],"widgetType":"icon"},{"id":"75c67fbe","elType":"section","settings":{"height_inner":"min-height","custom_height_inner":{"unit":"px","size":"250","sizes":[]},"margin":{"unit":"px","top":"0","right":"0","bottom":"0","left":"0","isLinked":"1"},"padding":{"unit":"%","top":"0","right":"30","bottom":"0","left":"0","isLinked":""},"content_position":"middle","custom_height_inner_mobile":{"unit":"px","size":"180","sizes":[]},"padding_mobile":{"unit":"%","top":"0","right":"20","bottom":"0","left":"0","isLinked":""},"overflow":"hidden"},"elements":[{"id":"534591d4","elType":"column","settings":{"_column_size":"100","background_background":"classic","background_color":"#6C7C69","space_between_widgets":"7","padding":{"unit":"%","top":"0","right":"0","bottom":"0","left":"7","isLinked":""}},"elements":[{"id":"5d985b85","elType":"widget","settings":{"editor":"Sign up and get","text_color":"#FFFFFF","typography_typography":"custom","typography_font_family":"Helvetica","typography_font_size":{"unit":"px","size":"16","sizes":[]},"typography_font_size_tablet":{"unit":"px","size":"14","sizes":[]},"typography_font_weight":"300","typography_line_height":{"unit":"px","size":"22","sizes":[]},"typography_line_height_tablet":{"unit":"px","size":"20","sizes":[]},"typography_letter_spacing":{"unit":"px","size":"0","sizes":[]}},"elements":[],"widgetType":"text-editor"},{"id":"6360599a","elType":"widget","settings":{"title":"10% Off ","header_size":"h1","title_color":"#FFFFFF","typography_typography":"custom","typography_font_family":"Playfair Display","typography_font_size":{"unit":"px","size":"80","sizes":[]},"typography_font_size_tablet":{"unit":"px","size":"56","sizes":[]},"typography_font_size_mobile":{"unit":"px","size":"38","sizes":[]},"typography_font_weight":"700","typography_text_transform":"capitalize","typography_line_height":{"unit":"px","size":"80","sizes":[]},"typography_line_height_tablet":{"unit":"px","size":"56","sizes":[]},"typography_line_height_mobile":{"unit":"px","size":"42","sizes":[]},"typography_letter_spacing":{"unit":"px","size":"-2.25","sizes":[]}},"elements":[],"widgetType":"heading"},{"id":"cb339fb","elType":"widget","settings":{"editor":"On all flooring services","text_color":"#FFFFFF","typography_typography":"custom","typography_font_family":"Helvetica","typography_font_size":{"unit":"px","size":"16","sizes":[]},"typography_font_size_tablet":{"unit":"px","size":"14","sizes":[]},"typography_font_weight":"300","typography_line_height":{"unit":"px","size":"22","sizes":[]},"typography_line_height_tablet":{"unit":"px","size":"20","sizes":[]},"typography_letter_spacing":{"unit":"px","size":"0","sizes":[]}},"elements":[],"widgetType":"text-editor"}],"isInner":"1"}],"isInner":"1"},{"id":"4c3703c2","elType":"section","settings":{"custom_height_inner":{"unit":"px","size":"250","sizes":[]},"margin":{"unit":"%","top":"5","right":"0","bottom":"0","left":"0","isLinked":""},"padding":{"unit":"%","top":"0","right":"30","bottom":"0","left":"0","isLinked":""},"padding_mobile":{"unit":"%","top":"0","right":"20","bottom":"0","left":"0","isLinked":""},"overflow":"hidden"},"elements":[{"id":"467dd54e","elType":"column","settings":{"_column_size":"100","background_color":"#6C7C69","padding":{"unit":"%","top":"0","right":"30","bottom":"0","left":"7","isLinked":""},"padding_mobile":{"unit":"%","top":"0","right":"0","bottom":"0","left":"7","isLinked":""}},"elements":[{"id":"15f0d688","elType":"widget","settings":{"form_name":"Newsletter","form_fields":[{"custom_id":"email","field_type":"email","required":"true","field_label":"Email","placeholder":"Email","width":"80","_id":"dac56d4","selected_icon":{"value":"fas fa-star","library":"fa-solid"},"field_options":"","allow_multiple":"","select_size":"","inline_list":"","field_html":"","width_tablet":"","width_mobile":"75","rows":"4","recaptcha_size":"normal","recaptcha_style":"light","recaptcha_badge":"bottomright","css_classes":"","field_value":"","file_sizes":"","file_types":"","allow_multiple_upload":"","max_files":"","acceptance_text":"","checked_by_default":"","field_min":"","field_max":"","min_date":"","max_date":"","use_native_date":"","use_native_time":"","previous_button":"","next_button":""}],"show_labels":"","button_width":"20","step_next_label":"Next","step_previous_label":"Previous","button_text":"Submit","email_content":"[all-fields]","email_content_2":"[all-fields]","success_message":"The form was sent successfully.","error_message":"An error occured.","required_field_message":"This field is required.","invalid_message":"There's something wrong. The form is invalid.","field_background_color":"rgba(2, 1, 1, 0)","field_border_width":{"unit":"px","top":"0","right":"0","bottom":"1","left":"0","isLinked":""},"field_border_radius":{"unit":"px","top":"0","right":"0","bottom":"0","left":"0","isLinked":"1"},"button_border_border":"solid","button_border_width":{"unit":"px","top":"0","right":"0","bottom":"1","left":"0","isLinked":""},"button_text_color":"#6C7C69","button_background_hover_color":"rgba(2, 1, 1, 0)","button_hover_color":"#000000","button_hover_border_color":"#000000","button_text_padding":{"unit":"px","top":"0","right":"0","bottom":"0","left":"0","isLinked":"1"},"_margin":{"unit":"%","top":"","right":"","bottom":"","left":"","isLinked":"1"},"_padding":{"unit":"%","top":"","right":"","bottom":"","left":"","isLinked":"1"},"button_border_color":"#6C7C69","success_message_color":"#000000","error_message_color":"#6C7C69","button_width_mobile":"25","field_typography_typography":"custom","field_typography_font_family":"Helvetica","field_typography_font_size":{"unit":"px","size":"14","sizes":[]},"field_typography_font_weight":"300","field_border_color":"#6C7C69","button_typography_typography":"custom","button_typography_font_family":"Helvetica","button_typography_font_size":{"unit":"px","size":"14","sizes":[]},"button_typography_font_weight":"700","button_typography_text_transform":"capitalize","button_border_radius":{"unit":"px","top":"0","right":"0","bottom":"0","left":"0","isLinked":"1"},"message_typography_typography":"custom","message_typography_font_family":"Helvetica","message_typography_font_size":{"unit":"px","size":"14","sizes":[]},"message_typography_font_weight":"300","button_background_color":"rgba(2, 1, 1, 0)"},"elements":[],"widgetType":"form"}],"isInner":"1"}],"isInner":"1"},{"id":"c77b902","elType":"widget","settings":{"space":{"unit":"px","size":"180","sizes":[]},"_background_background":"classic","_background_color":"#F2EAE3","_element_width":"initial","_element_custom_width":{"unit":"px","size":"80","sizes":[]},"_position":"absolute","_offset_x":{"unit":"px","size":"","sizes":[]},"_offset_orientation_h":"end","_element_custom_width_tablet":{"unit":"px","size":"184","sizes":[]},"_offset_x_end_mobile":{"unit":"px","size":"-10","sizes":[]},"_offset_y_tablet":{"unit":"px","size":"-260","sizes":[]},"space_mobile":{"unit":"px","size":"250","sizes":[]},"_element_width_mobile":"initial","_element_custom_width_mobile":{"unit":"px","size":"50","sizes":[]},"_offset_orientation_v":"end","_offset_y_mobile":{"unit":"px","size":"-92","sizes":[]}},"elements":[],"widgetType":"spacer"}],"isInner":""}],"isInner":""}],"page_settings":{"width":{"unit":"px","size":"650","sizes":[]},"height_type":"custom","height":{"unit":"px","size":"400","sizes":[]},"height_mobile":{"unit":"px","size":"300","sizes":[]},"horizontal_position":"left","vertical_position":"top","close_button":"","entrance_animation":"fadeInLeft","exit_animation":"fadeInLeft","preview_type":"archive\/recent_posts","background_background":"classic","background_color":"#FFFAF5","box_shadow_box_shadow_type":""}}