{"content":[{"id":"7d2f269a","elType":"section","settings":{"gap":"no","custom_height":{"unit":"px","size":800},"content_position":"middle","background_color":"#000000","padding":{"unit":"px","top":"100","right":"0","bottom":"100","left":"0","isLinked":false},"structure":"20","padding_tablet":{"unit":"px","top":"100","right":"25","bottom":"100","left":"25","isLinked":false},"padding_mobile":{"unit":"px","top":"50","right":"20","bottom":"50","left":"20","isLinked":false}},"elements":[{"id":"79b24ab2","elType":"column","settings":{"_column_size":50,"_inline_size":35.526,"border_width":{"unit":"px","top":"1","right":"1","bottom":"1","left":"1","isLinked":true},"border_color":"#bfbfbf","margin":{"unit":"px","top":"0","right":"12","bottom":"0","left":"0","isLinked":false},"padding":{"unit":"px","top":"35","right":"35","bottom":"35","left":"35","isLinked":true},"padding_mobile":{"unit":"px","top":"0","right":"0","bottom":"0","left":"0","isLinked":true}},"elements":[{"id":"620807d2","elType":"widget","settings":{"editor":"<p>Our about<\/p>","text_color":"#bfbfbf","typography_typography":"custom","typography_font_size":{"unit":"px","size":15},"typography_font_weight":"300","typography_text_transform":"uppercase","align_mobile":"center"},"elements":[],"widgetType":"text-editor"},{"id":"3bce6978","elType":"widget","settings":{"title":"Alternate numbers","align":"left","title_color":"#000000","typography_typography":"custom","typography_font_size":{"unit":"px","size":65},"typography_font_weight":"600","align_mobile":"center","typography_font_size_tablet":{"unit":"px","size":45},"typography_font_size_mobile":{"unit":"px","size":35},"header_size":"h3"},"elements":[],"widgetType":"heading"},{"id":"7782ed26","elType":"widget","settings":{"color":"#00ce1b","width":{"unit":"%","size":15},"align":"left","gap":{"unit":"px","size":2},"weight":{"unit":"px","size":2},"align_mobile":"center"},"elements":[],"widgetType":"divider"}],"isInner":false},{"id":"684a6373","elType":"column","settings":{"_column_size":50,"_inline_size":64.474,"border_width":{"unit":"px","top":"1","right":"1","bottom":"1","left":"1","isLinked":true},"border_color":"#bfbfbf","padding_mobile":{"unit":"px","top":"15","right":"0","bottom":"0","left":"0","isLinked":false}},"elements":[{"id":"145deb29","elType":"section","settings":{"content_position":"middle","structure":"30"},"elements":[{"id":"3e19a96f","elType":"column","settings":{"_column_size":33,"_inline_size":null,"border_border":"solid","border_width":{"unit":"px","top":"1","right":"1","bottom":"1","left":"1","isLinked":true},"border_color":"#00ce1b","margin":{"unit":"px","top":"5","right":"5","bottom":"5","left":"5","isLinked":true},"padding":{"unit":"px","top":"45","right":"45","bottom":"45","left":"45","isLinked":true},"margin_mobile":{"unit":"px","top":"0","right":"0","bottom":"0","left":"0","isLinked":false},"padding_tablet":{"unit":"px","top":"15","right":"15","bottom":"15","left":"15","isLinked":true}},"elements":[{"id":"e578edc","elType":"widget","settings":{"starting_number":1,"ending_number":85,"suffix":"%","title":"Support","number_color":"#000000","typography_number_typography":"custom","typography_number_font_size":{"unit":"px","size":65},"typography_number_font_weight":"600","title_color":"#bfbfbf","typography_title_typography":"custom","typography_title_font_size":{"unit":"px","size":15},"typography_title_font_weight":"300","typography_title_text_transform":"uppercase","typography_title_letter_spacing":{"unit":"px","size":5},"typography_number_font_size_tablet":{"unit":"px","size":45},"typography_title_letter_spacing_tablet":{"unit":"px","size":1}},"elements":[],"widgetType":"counter"}],"isInner":true},{"id":"6ba27a6d","elType":"column","settings":{"_column_size":33,"_inline_size":null,"border_border":"solid","border_width":{"unit":"px","top":"1","right":"1","bottom":"1","left":"1","isLinked":true},"border_color":"#00ce1b","margin":{"unit":"px","top":"5","right":"5","bottom":"5","left":"5","isLinked":true},"padding":{"unit":"px","top":"45","right":"45","bottom":"45","left":"45","isLinked":true},"margin_mobile":{"unit":"px","top":"15","right":"0","bottom":"0","left":"0","isLinked":false},"padding_tablet":{"unit":"px","top":"15","right":"15","bottom":"15","left":"15","isLinked":true}},"elements":[{"id":"66c5d02b","elType":"widget","settings":{"starting_number":1,"ending_number":74,"suffix":"%","title":"Developing","number_color":"#000000","typography_number_typography":"custom","typography_number_font_size":{"unit":"px","size":65},"typography_number_font_weight":"600","title_color":"#bfbfbf","typography_title_typography":"custom","typography_title_font_size":{"unit":"px","size":15},"typography_title_font_weight":"300","typography_title_text_transform":"uppercase","typography_title_letter_spacing":{"unit":"px","size":5},"typography_number_font_size_tablet":{"unit":"px","size":45},"typography_title_letter_spacing_tablet":{"unit":"px","size":1}},"elements":[],"widgetType":"counter"}],"isInner":true},{"id":"50825dcb","elType":"column","settings":{"_column_size":33,"_inline_size":null,"border_border":"solid","border_width":{"unit":"px","top":"1","right":"1","bottom":"1","left":"1","isLinked":true},"border_color":"#00ce1b","margin":{"unit":"px","top":"5","right":"5","bottom":"5","left":"5","isLinked":true},"padding":{"unit":"px","top":"45","right":"45","bottom":"45","left":"45","isLinked":true},"margin_mobile":{"unit":"px","top":"15","right":"0","bottom":"0","left":"0","isLinked":false},"padding_tablet":{"unit":"px","top":"15","right":"15","bottom":"15","left":"15","isLinked":true}},"elements":[{"id":"6f7f5b87","elType":"widget","settings":{"starting_number":1,"ending_number":90,"suffix":"%","title":"Design","number_color":"#000000","typography_number_typography":"custom","typography_number_font_size":{"unit":"px","size":65},"typography_number_font_weight":"600","title_color":"#bfbfbf","typography_title_typography":"custom","typography_title_font_size":{"unit":"px","size":15},"typography_title_font_weight":"300","typography_title_text_transform":"uppercase","typography_title_letter_spacing":{"unit":"px","size":5},"typography_number_font_size_tablet":{"unit":"px","size":45},"typography_title_letter_spacing_tablet":{"unit":"px","size":1}},"elements":[],"widgetType":"counter"}],"isInner":true}],"isInner":true}],"isInner":false}],"isInner":false}],"page_settings":[]}