{"id":38563,"date":"2020-01-15T15:01:23","date_gmt":"2020-01-15T09:31:23","guid":{"rendered":"https:\/\/websitedemos.net\/?post_type=astra-sites&#038;p=38563"},"modified":"2020-01-20T16:30:46","modified_gmt":"2020-01-20T11:00:46","slug":"artist-6","status":"publish","type":"astra-sites","link":"https:\/\/websitedemos.net\/astra-site\/artist-6\/","title":{"rendered":"Artist"},"content":{"rendered":"","protected":false},"author":0,"featured_media":34361,"template":"","astra-site-category":[27],"astra-sites-type":[40],"astra-site-page-builder":[33],"astra-sites-tag":[597,339,595,614],"astra-site-type":"premium","astra-site-thumbnail":"https:\/\/websitedemos.net\/wp-content\/uploads\/2019\/07\/artist-04-home-400x1381.jpg","required-plugins":[{"slug":"elementor","init":"elementor\/elementor.php","name":"Elementor"},{"slug":"header-footer-elementor","init":"header-footer-elementor\/header-footer-elementor.php","name":"Elementor - Header, Footer & Blocks"},{"slug":"ultimate-elementor","init":"ultimate-elementor\/ultimate-elementor.php","name":"Ultimate Addons for Elementor"}],"astra-site-url":"\/\/websitedemos.net\/artist-04","astra-site-open-in-new-tab":"0","astra-site-widgets-data":"{\"sidebar-1\":{\"search-2\":{\"title\":\"\"},\"recent-posts-4\":{\"title\":\"\",\"number\":3,\"show_date\":false},\"categories-2\":{\"title\":\"\",\"count\":0,\"hierarchical\":0,\"dropdown\":0}}}","astra-site-customizer-data":{"astra-settings":{"astra-addon-auto-version":"2.2.2","theme-auto-version":"2.2.1","site-layout-outside-bg-obj":{"background-color":"","background-image":"","background-repeat":"repeat","background-position":"center center","background-size":"auto","background-attachment":"scroll"},"footer-bg-obj":{"background-color":"#111111","background-image":"","background-repeat":"repeat","background-position":"center center","background-size":"auto","background-attachment":"scroll"},"footer-adv-bg-obj":{"background-color":"","background-image":"","background-repeat":"repeat","background-position":"center center","background-size":"auto","background-attachment":"scroll"},"content-bg-obj":{"background-color":"#ffffff","background-image":"","background-repeat":"repeat","background-position":"center center","background-size":"auto","background-attachment":"scroll"},"header-bg-obj":{"background-color":"#111111","background-image":"","background-repeat":"repeat","background-position":"center center","background-size":"auto","background-attachment":"scroll"},"sidebar-bg-obj":{"background-color":"","background-image":"","background-repeat":"repeat","background-position":"center center","background-size":"auto","background-attachment":"scroll"},"headings-font-family":"'Merriweather', serif","headings-font-weight":"400","body-font-family":"'Lato', sans-serif","body-font-weight":"400","font-size-h1":{"desktop":"80","tablet":"","mobile":"","desktop-unit":"px","tablet-unit":"px","mobile-unit":"px"},"font-size-h2":{"desktop":"60","tablet":"","mobile":"","desktop-unit":"px","tablet-unit":"px","mobile-unit":"px"},"display-site-title":false,"site-sidebar-layout":"no-sidebar","single-post-sidebar-layout":"default","theme-color":"#3a3a3a","transparent-header-enable":false,"link-color":"#ffa700","text-color":"#111111","link-h-color":"#d39c26","primary-menu-color":"#ffffff","primary-menu-h-color":"#ffa700","primary-menu-a-color":"#ffa700","font-size-primary-menu":{"desktop":"16","tablet":"","mobile":"","desktop-unit":"px","tablet-unit":"px","mobile-unit":"px"},"font-size-h3":{"desktop":"35","tablet":"","mobile":"","desktop-unit":"px","tablet-unit":"px","mobile-unit":"px"},"text-transform-primary-menu":"","font-weight-h1":"700","footer-sml-layout":"footer-sml-layout-1","footer-sml-section-1-credit":"Copyright \u00a9 [current_year] [site_title] | Powered by [site_title]","footer-sml-section-2":"","footer-sml-section-2-credit":"","footer-sml-spacing":{"desktop":{"top":"25","right":"","bottom":"25","left":""},"tablet":{"top":"2","right":"","bottom":"2","left":""},"mobile":{"top":"","right":"","bottom":"","left":""},"desktop-unit":"px","tablet-unit":"em","mobile-unit":"px"},"footer-sml-divider":0,"footer-color":"#afafaf","font-size-footer-content":{"desktop":"13","tablet":"","mobile":"","desktop-unit":"px","tablet-unit":"px","mobile-unit":"px"},"ast-header-responsive-logo-width":{"desktop":"180","tablet":"","mobile":"150"},"site-identity-spacing":{"desktop":{"top":"","right":"","bottom":"","left":""},"tablet":{"top":"","right":"","bottom":"","left":""},"mobile":{"top":"","right":"","bottom":"","left":""},"desktop-unit":"px","tablet-unit":"px","mobile-unit":"px"},"header-spacing":{"desktop":{"top":"15","right":"","bottom":"15","left":""},"tablet":{"top":"1.5","right":"","bottom":"1.5","left":""},"mobile":{"top":"1","right":"","bottom":"1","left":""},"desktop-unit":"px","tablet-unit":"em","mobile-unit":"em"},"header-main-rt-section":"none","header-main-stick":"1","sticky-header-logo":"https:\/\/websitedemos.net\/artist-04\/wp-content\/uploads\/sites\/220\/2018\/06\/artist-logo-free-img.svg","sticky-header-logo-width":{"desktop":"150","tablet":"","mobile":""},"sticky-header-bg-opc":1,"header-main-shrink":"1","sticky-header-style":"slide","primary-menu-spacing":{"desktop":{"top":"","right":"","bottom":"","left":""},"tablet":{"top":"0","right":"20","bottom":"0","left":"20"},"mobile":{"top":"","right":"","bottom":"","left":""},"desktop-unit":"px","tablet-unit":"px","mobile-unit":"px"},"header-layouts":"header-main-layout-1","sticky-hide-on-scroll":false,"header-main-sep":0,"scroll-to-top-icon-size":18,"scroll-to-top-icon-radius":0,"blog-meta":[],"blog-grid":"2","blog-space-bet-posts":"1","first-post-full-width":"1","blog-excerpt-count":40,"blog-width":"custom","blog-max-width":1000,"blog-layout":"blog-layout-1","blog-date-box":false,"blog-featured-image-padding":false,"archive-post-sidebar-layout":"default","blog-post-outside-spacing":{"desktop":{"top":"","right":"","bottom":"","left":""},"tablet":{"top":"","right":"","bottom":"","left":""},"mobile":{"top":"","right":"","bottom":"","left":""},"desktop-unit":"px","tablet-unit":"px","mobile-unit":"px"},"blog-post-inside-spacing":{"desktop":{"top":"50","right":"50","bottom":"50","left":"50"},"tablet":{"top":"30","right":"30","bottom":"30","left":"30"},"mobile":{"top":"20","right":"20","bottom":"20","left":"20"},"desktop-unit":"px","tablet-unit":"px","mobile-unit":"px"},"site-sidebar-width":35,"archive-post-content-layout":"default","blog-masonry":false,"font-size-page-title":{"desktop":"30","tablet":"","mobile":"22","desktop-unit":"px","tablet-unit":"px","mobile-unit":"px"},"single-page-sidebar-layout":"default","blog-single-width":"custom","blog-single-max-width":900,"site-content-layout":"boxed-container","blog-single-meta":[],"font-size-entry-title":{"desktop":"30","tablet":"","mobile":"22","desktop-unit":"px","tablet-unit":"px","mobile-unit":"px"},"single-post-content-layout":"default","header-bg-obj-responsive":{"desktop":{"background-color":"#111111","background-image":"","background-repeat":"repeat","background-position":"center center","background-size":"auto","background-attachment":"scroll"},"tablet":{"background-color":"","background-image":"","background-repeat":"no-repeat","background-position":"center center","background-size":"cover","background-attachment":"scroll"},"mobile":{"background-color":"","background-image":"","background-repeat":"no-repeat","background-position":"center center","background-size":"cover","background-attachment":"scroll"}},"above-header-bg-obj-responsive":{"desktop":{"background-color":"","background-image":"","background-repeat":"no-repeat","background-position":"center center","background-size":"cover","background-attachment":"scroll"},"tablet":{"background-color":"","background-image":"","background-repeat":"no-repeat","background-position":"center center","background-size":"cover","background-attachment":"scroll"},"mobile":{"background-color":"","background-image":"","background-repeat":"no-repeat","background-position":"center center","background-size":"cover","background-attachment":"scroll"}},"below-header-bg-obj-responsive":{"desktop":{"background-color":"#414042","background-image":"","background-repeat":"no-repeat","background-position":"center center","background-size":"cover","background-attachment":"scroll"},"tablet":{"background-color":"","background-image":"","background-repeat":"no-repeat","background-position":"center center","background-size":"cover","background-attachment":"scroll"},"mobile":{"background-color":"","background-image":"","background-repeat":"no-repeat","background-position":"center center","background-size":"cover","background-attachment":"scroll"}},"primary-menu-bg-color-responsive":{"desktop":"","tablet":"","mobile":""},"primary-menu-color-responsive":{"desktop":"#ffffff","tablet":"","mobile":""},"primary-menu-h-bg-color-responsive":{"desktop":"","tablet":"","mobile":""},"primary-menu-h-color-responsive":{"desktop":"#ffa700","tablet":"","mobile":""},"primary-menu-a-bg-color-responsive":{"desktop":"","tablet":"","mobile":""},"primary-menu-a-color-responsive":{"desktop":"#ffa700","tablet":"","mobile":""},"primary-submenu-bg-color-responsive":{"desktop":"","tablet":"","mobile":""},"primary-submenu-color-responsive":{"desktop":"","tablet":"","mobile":""},"primary-submenu-h-bg-color-responsive":{"desktop":"","tablet":"","mobile":""},"primary-submenu-h-color-responsive":{"desktop":"","tablet":"","mobile":""},"primary-submenu-a-bg-color-responsive":{"desktop":"","tablet":"","mobile":""},"primary-submenu-a-color-responsive":{"desktop":"","tablet":"","mobile":""},"above-header-text-color-responsive":{"desktop":"","tablet":"","mobile":""},"above-header-link-color-responsive":{"desktop":"","tablet":"","mobile":""},"above-header-link-h-color-responsive":{"desktop":"","tablet":"","mobile":""},"above-header-menu-bg-color":{"desktop":"","tablet":"","mobile":""},"above-header-menu-color-responsive":{"desktop":"","tablet":"","mobile":""},"above-header-menu-h-color-responsive":{"desktop":"","tablet":"","mobile":""},"above-header-menu-h-bg-color-responsive":{"desktop":"","tablet":"","mobile":""},"above-header-menu-active-color-responsive":{"desktop":"","tablet":"","mobile":""},"above-header-menu-active-bg-color-responsive":{"desktop":"","tablet":"","mobile":""},"above-header-submenu-text-color-responsive":{"desktop":"","tablet":"","mobile":""},"above-header-submenu-bg-color-responsive":{"desktop":"","tablet":"","mobile":""},"above-header-submenu-hover-color-responsive":{"desktop":"","tablet":"","mobile":""},"above-header-submenu-bg-hover-color-responsive":{"desktop":"","tablet":"","mobile":""},"above-header-submenu-active-color-responsive":{"desktop":"","tablet":"","mobile":""},"above-header-submenu-active-bg-color-responsive":{"desktop":"","tablet":"","mobile":""},"below-header-text-color-responsive":{"desktop":"#ffffff","tablet":"","mobile":""},"below-header-link-hover-color-responsive":{"desktop":"#ffffff","tablet":"","mobile":""},"below-header-link-color-responsive":{"desktop":"#ffffff","tablet":"","mobile":""},"below-header-menu-text-color-responsive":{"desktop":"#ffffff","tablet":"","mobile":""},"below-header-menu-text-hover-color-responsive":{"desktop":"#ffffff","tablet":"","mobile":""},"below-header-menu-bg-hover-color-responsive":{"desktop":"#575757","tablet":"","mobile":""},"below-header-current-menu-text-color-responsive":{"desktop":"#ffffff","tablet":"","mobile":""},"below-header-current-menu-bg-color-responsive":{"desktop":"#575757","tablet":"","mobile":""},"below-header-submenu-text-color-responsive":{"desktop":"","tablet":"","mobile":""},"below-header-submenu-bg-color-responsive":{"desktop":"","tablet":"","mobile":""},"below-header-submenu-hover-color-responsive":{"desktop":"","tablet":"","mobile":""},"below-header-submenu-bg-hover-color-responsive":{"desktop":"","tablet":"","mobile":""},"below-header-submenu-active-color-responsive":{"desktop":"","tablet":"","mobile":""},"below-header-submenu-active-bg-color-responsive":{"desktop":"","tablet":"","mobile":""},"different-sticky-logo":"1","above-header-menu-align":"inline","below-header-menu-align":"inline","primary-menu-bg-obj-responsive":{"desktop":{"background-color":"","background-image":"","background-repeat":"no-repeat","background-position":"center center","background-size":"cover","background-attachment":"scroll"},"tablet":{"background-color":"","background-image":"","background-repeat":"no-repeat","background-position":"center center","background-size":"cover","background-attachment":"scroll"},"mobile":{"background-color":"","background-image":"","background-repeat":"no-repeat","background-position":"center center","background-size":"cover","background-attachment":"scroll"}},"above-header-menu-bg-obj-responsive":{"desktop":{"background-color":"","background-image":"","background-repeat":"no-repeat","background-position":"center center","background-size":"cover","background-attachment":"scroll"},"tablet":{"background-color":"","background-image":"","background-repeat":"no-repeat","background-position":"center center","background-size":"cover","background-attachment":"scroll"},"mobile":{"background-color":"","background-image":"","background-repeat":"no-repeat","background-position":"center center","background-size":"cover","background-attachment":"scroll"}},"mobile-header-toggle-btn-style":"fill","sticky-header-color-site-title-responsive":{"desktop":"","tablet":"","mobile":""},"sticky-header-color-site-tagline-responsive":{"desktop":"","tablet":"","mobile":""},"sticky-header-color-h-site-title-responsive":{"desktop":"","tablet":"","mobile":""},"sticky-header-bg-color-responsive":{"desktop":"rgba(17,17,17,1)","tablet":"","mobile":""},"sticky-header-menu-bg-color-responsive":{"desktop":"","tablet":"","mobile":""},"sticky-header-menu-color-responsive":{"desktop":"#ffffff","tablet":"","mobile":""},"sticky-header-menu-h-color-responsive":{"desktop":"#ffa700","tablet":"","mobile":""},"sticky-header-menu-h-a-bg-color-responsive":{"desktop":"","tablet":"","mobile":""},"sticky-header-submenu-bg-color-responsive":{"desktop":"","tablet":"","mobile":""},"sticky-header-submenu-color-responsive":{"desktop":"","tablet":"","mobile":""},"sticky-header-submenu-h-color-responsive":{"desktop":"","tablet":"","mobile":""},"sticky-header-submenu-h-a-bg-color-responsive":{"desktop":"","tablet":"","mobile":""},"sticky-below-header-bg-color-responsive":{"desktop":"rgba(65,64,66,1)","tablet":"","mobile":""},"sticky-below-header-menu-bg-color-responsive":{"desktop":"","tablet":"","mobile":""},"sticky-below-header-menu-color-responsive":{"desktop":"#ffffff","tablet":"","mobile":""},"sticky-below-header-menu-h-color-responsive":{"desktop":"#ffffff","tablet":"","mobile":""},"sticky-below-header-menu-h-a-bg-color-responsive":{"desktop":"#575757","tablet":"","mobile":""},"sticky-below-header-submenu-bg-color-responsive":{"desktop":"","tablet":"","mobile":""},"sticky-below-header-submenu-color-responsive":{"desktop":"","tablet":"","mobile":""},"sticky-below-header-submenu-h-color-responsive":{"desktop":"","tablet":"","mobile":""},"sticky-below-header-submenu-h-a-bg-color-responsive":{"desktop":"","tablet":"","mobile":""},"sticky-above-header-bg-color-responsive":{"desktop":"rgba(255,255,255,1)","tablet":"","mobile":""},"sticky-above-header-menu-bg-color-responsive":{"desktop":"","tablet":"","mobile":""},"sticky-above-header-menu-color-responsive":{"desktop":"","tablet":"","mobile":""},"sticky-above-header-menu-h-color-responsive":{"desktop":"","tablet":"","mobile":""},"sticky-above-header-menu-h-a-bg-color-responsive":{"desktop":"","tablet":"","mobile":""},"sticky-above-header-submenu-bg-color-responsive":{"desktop":"","tablet":"","mobile":""},"sticky-above-header-submenu-color-responsive":{"desktop":"","tablet":"","mobile":""},"sticky-above-header-submenu-h-color-responsive":{"desktop":"","tablet":"","mobile":""},"sticky-above-header-submenu-h-a-bg-color-responsive":{"desktop":"","tablet":"","mobile":""},"transparent-header-bg-color-responsive":{"desktop":"rgba(0,0,0,0.7)","tablet":"","mobile":""},"transparent-header-color-site-title-responsive":{"desktop":"","tablet":"","mobile":""},"transparent-header-color-h-site-title-responsive":{"desktop":"","tablet":"","mobile":""},"transparent-menu-bg-color-responsive":{"desktop":"","tablet":"","mobile":""},"transparent-menu-color-responsive":{"desktop":"#ffffff","tablet":"","mobile":"#ffffff"},"transparent-menu-h-color-responsive":{"desktop":"#ffa700","tablet":"","mobile":"#ffa700"},"different-sticky-retina-logo":false,"different-transparent-retina-logo":false,"line-height-h3":1,"line-height-h2":1,"include-headings-in-typography":true,"transparent-content-section-text-color-responsive":{"desktop":"","tablet":"","mobile":""},"mobile-header-toggle-btn-style-color":"#ededed","above-header-submenu-border":{"top":"1","bottom":"1","left":"1","right":"1"},"above-header-submenu-item-border":1,"below-header-submenu-border":{"top":"1","bottom":"1","left":"1","right":"1"},"below-header-submenu-item-border":1,"above-nav-menu-pointer-effect":"none","below-nav-menu-pointer-effect":"none","above-header-submenu-border-color":"#eaeaea","below-header-submenu-container-animation":"","above-header-submenu-container-animation":"","primary-submenu-border":{"top":"1","bottom":"1","left":"1","right":"1"},"primary-submenu-item-border":1,"nav-menu-pointer-effect":"none","submenu-below-header":false,"primary-submenu-b-color":"#eaeaea","header-main-submenu-container-animation":"","above-header-submenu-item-b-color":"#eaeaea","primary-submenu-item-b-color":"#eaeaea","body-font-variant":"400","headings-font-variant":"400","logo-title-inline":0,"wc-header-cart-header-colors":false,"shop-quick-view-stick-cart":true,"_astra_pb_compatibility_completed":true,"is_theme_queue_running":false,"submenu-open-below-header":false,"is_addon_queue_running":true,"theme-button-border-group-border-size":{"top":"2","right":"2","bottom":"2","left":"2"},"theme-button-border-group-border-color":"#000000","theme-button-border-group-border-h-color":"#ffa700","button-color":"#000000","button-h-color":"#ffffff","button-bg-color":"rgba(0,0,0,0)","button-bg-h-color":"#ffa700","button-radius":0,"h4-color":"","text-transform-h4":"uppercase","text-transform-button":"uppercase","heading-base-color":"#ffa700","different-transparent-logo":true,"transparent-header-logo":"https:\/\/websitedemos.net\/artist-04\/wp-content\/uploads\/sites\/220\/2018\/06\/artist-logo-free-img.svg","button-v-padding":15,"button-h-padding":25,"theme-button-padding":{"desktop":{"top":15,"right":25,"bottom":15,"left":25},"tablet":{"top":"","right":"","bottom":"","left":""},"mobile":{"top":"","right":"","bottom":"","left":""},"desktop-unit":"px","tablet-unit":"px","mobile-unit":"px"}},"custom-css":""},"astra-site-options-data":{"woocommerce_product_attributes":[],"woocommerce_product_cat_list":[],"woocommerce_product_cat":[],"custom_logo":"https:\/\/websitedemos.net\/artist-04\/wp-content\/uploads\/sites\/220\/2018\/06\/artist-logo-free-img.svg","nav_menu_locations":{"primary":"primary-manu"},"show_on_front":"page","page_on_front":"Home","page_for_posts":"","_fl_builder_enabled_icons":null,"_fl_builder_enabled_modules":null,"_fl_builder_post_types":null,"_fl_builder_color_presets":null,"_fl_builder_services":null,"_fl_builder_settings":null,"_fl_builder_user_access":null,"_fl_builder_enabled_templates":null,"elementor_container_width":"1200","elementor_cpt_support":["post","page"],"elementor_css_print_method":"external","elementor_default_generic_fonts":"Sans-serif","elementor_disable_color_schemes":"yes","elementor_disable_typography_schemes":"yes","elementor_editor_break_lines":"","elementor_exclude_user_roles":null,"elementor_global_image_lightbox":null,"elementor_page_title_selector":null,"elementor_scheme_color":{"1":"#6ec1e4","2":"#54595f","3":"#7a7a7a","4":"#61ce70"},"elementor_scheme_color-picker]":{"1":"#6ec1e4","2":"#54595f","3":"#7a7a7a","4":"#61ce70","5":"#4054b2","6":"#23a455","7":"#000","8":"#fff","9":"#FFA700"},"elementor_scheme_typography":{"1":{"font_family":"Roboto","font_weight":"600"},"2":{"font_family":"Roboto Slab","font_weight":"400"},"3":{"font_family":"Roboto","font_weight":"400"},"4":{"font_family":"Roboto","font_weight":"500"}},"elementor_space_between_widgets":null,"elementor_stretched_section_container":null,"elementor_load_fa4_shim":"yes","woocommerce_shop_page_title":"","woocommerce_cart_page_title":"","woocommerce_checkout_page_title":"","woocommerce_myaccount_page_title":"","woocommerce_edit_address_page_title":"","woocommerce_view_order_page_title":"","woocommerce_change_password_page_title":"","woocommerce_logout_page_title":"","woocommerce_enable_guest_checkout":null,"woocommerce_enable_checkout_login_reminder":null,"woocommerce_enable_signup_and_login_from_checkout":null,"woocommerce_enable_myaccount_registration":null,"woocommerce_registration_generate_username":null,"wpforms_settings":null,"learndash_settings_theme_ld30":null,"learndash_settings_courses_themes":null},"astra-site-wxr-path":"https:\/\/websitedemos.net\/wp-content\/uploads\/astra-sites\/220\/wxr.xml","astra-enabled-extensions":{"advanced-hooks":"","blog-pro":"","colors-and-background":"","advanced-footer":"","header-sections":"","lifterlms":"","learndash":"","advanced-headers":"","site-layouts":"","spacing":"","sticky-header":"","scroll-to-top":"","transparent-header":"","typography":"","woocommerce":"","all":"","mobile-header":"","edd":"","nav-menu":""},"astra-custom-404":"","featured-image-url":"https:\/\/websitedemos.net\/wp-content\/uploads\/2019\/07\/artist-04-home.jpg","astra-woocommerce-csv-path":"","astra-post-data-mapping":{"astra-advanced-hook":[],"astra_adv_header":[]},"astra-site-wpforms-path":"https:\/\/websitedemos.net\/wp-content\/uploads\/astra-sites\/220\/wpforms.json","astra-site-cartflows-path":"","astra-site-taxonomy-mapping":"","astra-site-parent-id":1106,"license-status":"valid","request_time":0.16620516777039,"_links":{"self":[{"href":"https:\/\/websitedemos.net\/wp-json\/wp\/v2\/astra-sites\/38563"}],"collection":[{"href":"https:\/\/websitedemos.net\/wp-json\/wp\/v2\/astra-sites"}],"about":[{"href":"https:\/\/websitedemos.net\/wp-json\/wp\/v2\/types\/astra-sites"}],"version-history":[{"count":1,"href":"https:\/\/websitedemos.net\/wp-json\/wp\/v2\/astra-sites\/38563\/revisions"}],"predecessor-version":[{"id":38576,"href":"https:\/\/websitedemos.net\/wp-json\/wp\/v2\/astra-sites\/38563\/revisions\/38576"}],"wp:featuredmedia":[{"embeddable":true,"href":"https:\/\/websitedemos.net\/wp-json\/wp\/v2\/media\/34361"}],"wp:attachment":[{"href":"https:\/\/websitedemos.net\/wp-json\/wp\/v2\/media?parent=38563"}],"wp:term":[{"taxonomy":"astra-site-category","embeddable":true,"href":"https:\/\/websitedemos.net\/wp-json\/wp\/v2\/astra-site-category?post=38563"},{"taxonomy":"astra-sites-type","embeddable":true,"href":"https:\/\/websitedemos.net\/wp-json\/wp\/v2\/astra-sites-type?post=38563"},{"taxonomy":"astra-site-page-builder","embeddable":true,"href":"https:\/\/websitedemos.net\/wp-json\/wp\/v2\/astra-site-page-builder?post=38563"},{"taxonomy":"astra-sites-tag","embeddable":true,"href":"https:\/\/websitedemos.net\/wp-json\/wp\/v2\/astra-sites-tag?post=38563"}],"curies":[{"name":"wp","href":"https:\/\/api.w.org\/{rel}","templated":true}]}}