{"id":38629,"date":"2020-01-15T16:36:53","date_gmt":"2020-01-15T11:06:53","guid":{"rendered":"https:\/\/websitedemos.net\/?post_type=astra-sites&#038;p=38629"},"modified":"2020-01-20T16:25:32","modified_gmt":"2020-01-20T10:55:32","slug":"winery","status":"publish","type":"astra-sites","link":"https:\/\/websitedemos.net\/astra-site\/winery\/","title":{"rendered":"Winery"},"content":{"rendered":"","protected":false},"author":0,"featured_media":31467,"template":"","astra-site-category":[27],"astra-sites-type":[40],"astra-site-page-builder":[34],"astra-sites-tag":[635,632,634,633],"astra-site-type":"premium","astra-site-thumbnail":"https:\/\/websitedemos.net\/wp-content\/uploads\/2018\/06\/id-18736-winery-resize.jpg","required-plugins":[{"slug":"astra-addon","init":"astra-addon\/astra-addon.php","name":"Astra Pro"},{"slug":"beaver-builder-lite-version","init":"beaver-builder-lite-version\/fl-builder.php","name":"Beaver Builder Plugin (Lite Version)"},{"slug":"bb-ultimate-addon","init":"bb-ultimate-addon\/bb-ultimate-addon.php","name":"Ultimate Addons for Beaver Builder"}],"astra-site-url":"\/\/websitedemos.net\/winery-03","astra-site-open-in-new-tab":"0","astra-site-widgets-data":"{\"sidebar-1\":{\"search-2\":{\"title\":\"\"},\"recent-posts-2\":{\"title\":\"\",\"number\":5},\"recent-comments-2\":{\"title\":\"\",\"number\":5},\"archives-2\":{\"title\":\"\",\"count\":0,\"dropdown\":0},\"categories-2\":{\"title\":\"\",\"count\":0,\"hierarchical\":0,\"dropdown\":0},\"meta-2\":{\"title\":\"\"}}}","astra-site-customizer-data":{"astra-settings":{"ast-header-retina-logo":"","display-site-title":false,"site-content-layout":"boxed-container","site-sidebar-layout":"no-sidebar","link-color":"#c50529","link-h-color":"#c50529","h1-color":"#ffffff","h2-color":"#c50529","h3-color":"#c50529","h4-color":"#e1a957","h5-color":"#e1a957","h6-color":"#e1a957","body-font-family":"'Open Sans', sans-serif","body-font-weight":"400","headings-font-family":"'Abril Fatface', display","headings-font-weight":"400","font-family-primary-menu":"'Arbutus Slab', serif","font-weight-primary-menu":"400","font-size-primary-menu":{"desktop":"16","tablet":"","mobile":"","desktop-unit":"px","tablet-unit":"px","mobile-unit":"px"},"text-transform-primary-menu":"","button-color":"#ffffff","button-h-color":"#ffffff","button-radius":0,"button-bg-color":"#c50529","button-bg-h-color":"#8c95bb","button-h-padding":40,"primary-menu-color":"#424242","primary-menu-h-color":"#c50529","primary-menu-a-color":"#c50529","primary-submenu-border":{"top":"0","bottom":"0","left":"0","right":"0"},"font-family-button":"inherit","font-weight-button":"400","button-v-padding":20,"header-main-layout-width":"content","footer-sml-layout":"footer-sml-layout-2","footer-sml-section-1-credit":"Copyright \u00a9 [current_year] [site_title]","footer-sml-section-2":"custom","footer-sml-section-2-credit":"Powered by [site_title]","footer-sml-divider":0,"font-size-h3":{"desktop":"28","tablet":"","mobile":"","desktop-unit":"px","tablet-unit":"px","mobile-unit":"px"},"font-size-h4":{"desktop":"22","tablet":"","mobile":"","desktop-unit":"px","tablet-unit":"px","mobile-unit":"px"},"font-weight-h3":"500","font-size-h5":{"desktop":"18","tablet":"","mobile":"","desktop-unit":"px","tablet-unit":"px","mobile-unit":"px"},"font-size-h6":{"desktop":"16","tablet":"","mobile":"","desktop-unit":"px","tablet-unit":"px","mobile-unit":"px"},"font-weight-h5":"400","font-weight-h6":"400","font-family-h4":"'Arbutus Slab', serif","font-weight-h4":"400","font-family-h5":"'Arbutus Slab', serif","font-family-h6":"'Arbutus Slab', serif","font-size-body":{"desktop":"15","tablet":"","mobile":"","desktop-unit":"px","tablet-unit":"px","mobile-unit":"px"},"astra-addon-auto-version":"2.2.2","footer-adv":"layout-3","footer-adv-area-padding":{"desktop":{"top":50,"right":"","bottom":50,"left":""},"tablet":{"top":"","right":"","bottom":"","left":""},"mobile":{"top":"","right":"","bottom":"","left":""},"desktop-unit":"px","tablet-unit":"px","mobile-unit":"px"},"theme-auto-version":"2.2.1","single-page-content-layout":"default","single-post-content-layout":"default","archive-post-content-layout":"default","footer-sml-divider-color":"#fff","single-page-sidebar-layout":"default","single-post-sidebar-layout":"default","archive-post-sidebar-layout":"default","woocommerce-content-layout":"default","woocommerce-sidebar-layout":"default","shop-grids":{"desktop":3,"tablet":2,"mobile":1},"shop-no-of-products":"9","above-header-merge-menu":true,"below-header-merge-menu":true,"theme-color":"#c50529","header-bg-obj":{"background-color":"","background-image":"","background-repeat":"repeat","background-position":"center center","background-size":"auto","background-attachment":"scroll"},"content-bg-obj":{"background-color":"#ffffff","background-image":"","background-repeat":"repeat","background-position":"center center","background-size":"auto","background-attachment":"scroll"},"above-header-bg-obj":{"background-color":""},"below-header-bg-obj":{"background-color":""},"footer-adv-bg-obj":{"background-color":"","background-image":"","background-repeat":"no-repeat","background-position":"center center","background-size":"cover","background-attachment":"scroll"},"footer-bg-obj":{"background-color":"rgba(255,255,255,0)","background-image":"","background-repeat":"repeat","background-position":"center center","background-size":"auto","background-attachment":"scroll"},"site-layout-outside-bg-obj":{"background-color":"","background-image":"","background-repeat":"repeat","background-position":"center center","background-size":"auto","background-attachment":"scroll"},"sidebar-bg-obj":{"background-color":"","background-image":"","background-repeat":"repeat","background-position":"center center","background-size":"auto","background-attachment":"scroll"},"footer-color":"#3d3d3d","footer-link-color":"#969cba","footer-link-h-color":"#7884ba","font-weight-footer-content":"600","text-transform-footer-content":"uppercase","font-size-footer-content":{"desktop":"13","tablet":"","mobile":"","desktop-unit":"px","tablet-unit":"px","mobile-unit":"px"},"header-bg-obj-responsive":{"desktop":{"background-color":"","background-image":"","background-repeat":"repeat","background-position":"center center","background-size":"auto","background-attachment":"scroll"},"tablet":{"background-color":"","background-image":"","background-repeat":"no-repeat","background-position":"center center","background-size":"cover","background-attachment":"scroll"},"mobile":{"background-color":"","background-image":"","background-repeat":"no-repeat","background-position":"center center","background-size":"cover","background-attachment":"scroll"}},"above-header-bg-obj-responsive":{"desktop":{"background-color":"","background-image":"","background-repeat":"no-repeat","background-position":"center center","background-size":"cover","background-attachment":"scroll"},"tablet":{"background-color":"","background-image":"","background-repeat":"no-repeat","background-position":"center center","background-size":"cover","background-attachment":"scroll"},"mobile":{"background-color":"","background-image":"","background-repeat":"no-repeat","background-position":"center center","background-size":"cover","background-attachment":"scroll"}},"below-header-bg-obj-responsive":{"desktop":{"background-color":"","background-image":"","background-repeat":"no-repeat","background-position":"center center","background-size":"cover","background-attachment":"scroll"},"tablet":{"background-color":"","background-image":"","background-repeat":"no-repeat","background-position":"center center","background-size":"cover","background-attachment":"scroll"},"mobile":{"background-color":"","background-image":"","background-repeat":"no-repeat","background-position":"center center","background-size":"cover","background-attachment":"scroll"}},"primary-menu-bg-color-responsive":{"desktop":"","tablet":"","mobile":""},"primary-menu-color-responsive":{"desktop":"#424242","tablet":"","mobile":""},"primary-menu-h-bg-color-responsive":{"desktop":"","tablet":"","mobile":""},"primary-menu-h-color-responsive":{"desktop":"#c50529","tablet":"","mobile":""},"primary-menu-a-bg-color-responsive":{"desktop":"","tablet":"","mobile":""},"primary-menu-a-color-responsive":{"desktop":"#c50529","tablet":"","mobile":""},"primary-submenu-bg-color-responsive":{"desktop":"","tablet":"","mobile":""},"primary-submenu-color-responsive":{"desktop":"","tablet":"","mobile":""},"primary-submenu-h-bg-color-responsive":{"desktop":"","tablet":"","mobile":""},"primary-submenu-h-color-responsive":{"desktop":"","tablet":"","mobile":""},"primary-submenu-a-bg-color-responsive":{"desktop":"","tablet":"","mobile":""},"primary-submenu-a-color-responsive":{"desktop":"","tablet":"","mobile":""},"above-header-text-color-responsive":{"desktop":"","tablet":"","mobile":""},"above-header-link-color-responsive":{"desktop":"","tablet":"","mobile":""},"above-header-link-h-color-responsive":{"desktop":"","tablet":"","mobile":""},"above-header-menu-bg-color":{"desktop":"","tablet":"","mobile":""},"above-header-menu-color-responsive":{"desktop":"","tablet":"","mobile":""},"above-header-menu-h-color-responsive":{"desktop":"","tablet":"","mobile":""},"above-header-menu-h-bg-color-responsive":{"desktop":"","tablet":"","mobile":""},"above-header-menu-active-color-responsive":{"desktop":"","tablet":"","mobile":""},"above-header-menu-active-bg-color-responsive":{"desktop":"","tablet":"","mobile":""},"above-header-submenu-text-color-responsive":{"desktop":"","tablet":"","mobile":""},"above-header-submenu-bg-color-responsive":{"desktop":"","tablet":"","mobile":""},"above-header-submenu-hover-color-responsive":{"desktop":"","tablet":"","mobile":""},"above-header-submenu-bg-hover-color-responsive":{"desktop":"","tablet":"","mobile":""},"above-header-submenu-active-color-responsive":{"desktop":"","tablet":"","mobile":""},"above-header-submenu-active-bg-color-responsive":{"desktop":"","tablet":"","mobile":""},"below-header-text-color-responsive":{"desktop":"#ffffff","tablet":"","mobile":""},"below-header-link-hover-color-responsive":{"desktop":"#ffffff","tablet":"","mobile":""},"below-header-link-color-responsive":{"desktop":"#ffffff","tablet":"","mobile":""},"below-header-menu-text-color-responsive":{"desktop":"#ffffff","tablet":"","mobile":""},"below-header-menu-text-hover-color-responsive":{"desktop":"#ffffff","tablet":"","mobile":""},"below-header-menu-bg-hover-color-responsive":{"desktop":"#575757","tablet":"","mobile":""},"below-header-current-menu-text-color-responsive":{"desktop":"#ffffff","tablet":"","mobile":""},"below-header-current-menu-bg-color-responsive":{"desktop":"#575757","tablet":"","mobile":""},"below-header-submenu-text-color-responsive":{"desktop":"","tablet":"","mobile":""},"below-header-submenu-bg-color-responsive":{"desktop":"","tablet":"","mobile":""},"below-header-submenu-hover-color-responsive":{"desktop":"","tablet":"","mobile":""},"below-header-submenu-bg-hover-color-responsive":{"desktop":"","tablet":"","mobile":""},"below-header-submenu-active-color-responsive":{"desktop":"","tablet":"","mobile":""},"below-header-submenu-active-bg-color-responsive":{"desktop":"","tablet":"","mobile":""},"above-header-menu-align":"inline","below-header-menu-align":"inline","primary-menu-bg-obj-responsive":{"desktop":{"background-color":"","background-image":"","background-repeat":"no-repeat","background-position":"center center","background-size":"cover","background-attachment":"scroll"},"tablet":{"background-color":"","background-image":"","background-repeat":"no-repeat","background-position":"center center","background-size":"cover","background-attachment":"scroll"},"mobile":{"background-color":"","background-image":"","background-repeat":"no-repeat","background-position":"center center","background-size":"cover","background-attachment":"scroll"}},"above-header-menu-bg-obj-responsive":{"desktop":{"background-color":"","background-image":"","background-repeat":"no-repeat","background-position":"center center","background-size":"cover","background-attachment":"scroll"},"tablet":{"background-color":"","background-image":"","background-repeat":"no-repeat","background-position":"center center","background-size":"cover","background-attachment":"scroll"},"mobile":{"background-color":"","background-image":"","background-repeat":"no-repeat","background-position":"center center","background-size":"cover","background-attachment":"scroll"}},"mobile-above-header-toggle-btn-style":"fill","mobile-below-header-toggle-btn-style":"fill","sticky-header-color-site-title-responsive":{"desktop":"","tablet":"","mobile":""},"sticky-header-color-site-tagline-responsive":{"desktop":"","tablet":"","mobile":""},"sticky-header-color-h-site-title-responsive":{"desktop":"","tablet":"","mobile":""},"sticky-header-bg-color-responsive":{"desktop":"rgba(255,255,255,1)","tablet":"","mobile":""},"sticky-header-menu-bg-color-responsive":{"desktop":"","tablet":"","mobile":""},"sticky-header-menu-color-responsive":{"desktop":"#424242","tablet":"","mobile":""},"sticky-header-menu-h-color-responsive":{"desktop":"#c50529","tablet":"","mobile":""},"sticky-header-menu-h-a-bg-color-responsive":{"desktop":"","tablet":"","mobile":""},"sticky-header-submenu-bg-color-responsive":{"desktop":"","tablet":"","mobile":""},"sticky-header-submenu-color-responsive":{"desktop":"","tablet":"","mobile":""},"sticky-header-submenu-h-color-responsive":{"desktop":"","tablet":"","mobile":""},"sticky-header-submenu-h-a-bg-color-responsive":{"desktop":"","tablet":"","mobile":""},"sticky-below-header-bg-color-responsive":{"desktop":"rgba(65,64,66,1)","tablet":"","mobile":""},"sticky-below-header-menu-bg-color-responsive":{"desktop":"","tablet":"","mobile":""},"sticky-below-header-menu-color-responsive":{"desktop":"#ffffff","tablet":"","mobile":""},"sticky-below-header-menu-h-color-responsive":{"desktop":"#ffffff","tablet":"","mobile":""},"sticky-below-header-menu-h-a-bg-color-responsive":{"desktop":"#575757","tablet":"","mobile":""},"sticky-below-header-submenu-bg-color-responsive":{"desktop":"","tablet":"","mobile":""},"sticky-below-header-submenu-color-responsive":{"desktop":"","tablet":"","mobile":""},"sticky-below-header-submenu-h-color-responsive":{"desktop":"","tablet":"","mobile":""},"sticky-below-header-submenu-h-a-bg-color-responsive":{"desktop":"","tablet":"","mobile":""},"sticky-above-header-bg-color-responsive":{"desktop":"rgba(255,255,255,1)","tablet":"","mobile":""},"sticky-above-header-menu-bg-color-responsive":{"desktop":"","tablet":"","mobile":""},"sticky-above-header-menu-color-responsive":{"desktop":"","tablet":"","mobile":""},"sticky-above-header-menu-h-color-responsive":{"desktop":"","tablet":"","mobile":""},"sticky-above-header-menu-h-a-bg-color-responsive":{"desktop":"","tablet":"","mobile":""},"sticky-above-header-submenu-bg-color-responsive":{"desktop":"","tablet":"","mobile":""},"sticky-above-header-submenu-color-responsive":{"desktop":"","tablet":"","mobile":""},"sticky-above-header-submenu-h-color-responsive":{"desktop":"","tablet":"","mobile":""},"sticky-above-header-submenu-h-a-bg-color-responsive":{"desktop":"","tablet":"","mobile":""},"transparent-header-bg-color-responsive":{"desktop":"","tablet":"","mobile":""},"transparent-header-color-site-title-responsive":{"desktop":"","tablet":"","mobile":""},"transparent-header-color-h-site-title-responsive":{"desktop":"","tablet":"","mobile":""},"transparent-menu-bg-color-responsive":{"desktop":"","tablet":"","mobile":""},"transparent-menu-color-responsive":{"desktop":"#dddddd","tablet":"#424242","mobile":""},"transparent-menu-h-color-responsive":{"desktop":"#c50529","tablet":"#c50529","mobile":""},"different-sticky-retina-logo":false,"different-transparent-retina-logo":true,"mobile-header-toggle-btn-style":"fill","hide-custom-menu-mobile":0,"different-retina-logo":"1","include-headings-in-typography":true,"above-header-submenu-border":{"top":"1","bottom":"1","left":"1","right":"1"},"above-header-submenu-item-border":1,"below-header-submenu-border":{"top":"1","bottom":"1","left":"1","right":"1"},"below-header-submenu-item-border":1,"above-header-submenu-border-color":"#eaeaea","below-header-submenu-container-animation":"","above-header-submenu-container-animation":"","above-header-submenu-item-b-color":"#eaeaea","primary-submenu-item-border":0,"submenu-below-header":false,"primary-submenu-b-color":"#eaeaea","header-main-submenu-container-animation":"","primary-submenu-item-b-color":"#eaeaea","headings-font-variant":"400","font-size-h1":{"desktop":"85","tablet":"60","mobile":"40","desktop-unit":"px","tablet-unit":"px","mobile-unit":"px"},"font-size-h2":{"desktop":"42","tablet":"","mobile":"","desktop-unit":"px","tablet-unit":"px","mobile-unit":"px"},"font-size-page-title":{"desktop":"30","tablet":"","mobile":"","desktop-unit":"px","tablet-unit":"px","mobile-unit":"px"},"logo-title-inline":0,"wc-header-cart-header-colors":false,"shop-quick-view-stick-cart":true,"entry-title-color":"#000000","ast-header-responsive-logo-width":{"desktop":"90","tablet":"","mobile":""},"different-transparent-logo":true,"transparent-header-logo":"https:\/\/websitedemos.net\/winery-03\/wp-content\/uploads\/sites\/92\/2017\/10\/white-logo-free-img.png","transparent-header-logo-width":{"desktop":"","tablet":"","mobile":""},"_astra_pb_compatibility_completed":true,"is_addon_queue_running":true,"is_theme_queue_running":false,"text-transform-h1":"uppercase","theme-button-border-group-border-size":{"top":"0","right":"0","bottom":"0","left":"0"},"theme-button-padding":{"desktop":{"top":20,"right":40,"bottom":20,"left":40},"tablet":{"top":"","right":"","bottom":"","left":""},"mobile":{"top":"","right":"","bottom":"","left":""},"desktop-unit":"px","tablet-unit":"px","mobile-unit":"px"},"text-transform-button":"uppercase","heading-base-color":"#c50529","font-size-button":{"desktop":"14","tablet":"","mobile":"","desktop-unit":"px","tablet-unit":"px","mobile-unit":"px"},"submenu-open-below-header":false,"body-line-height":"1.7","transparent-header-retina-logo":"https:\/\/websitedemos.net\/winery-03\/wp-content\/uploads\/sites\/92\/2017\/10\/white-logo@2x-free-img.png"},"custom-css":"\n"},"astra-site-options-data":{"woocommerce_product_attributes":[],"woocommerce_product_cat_list":[],"woocommerce_product_cat":[],"custom_logo":"https:\/\/websitedemos.net\/winery-03\/wp-content\/uploads\/sites\/92\/2019\/01\/v-LOGO.png","nav_menu_locations":{"primary":"top-navigation"},"show_on_front":"page","page_on_front":"Home","page_for_posts":"","_fl_builder_enabled_icons":["font-awesome","foundation-icons","dashicons","ultimate-icons"],"_fl_builder_enabled_modules":null,"_fl_builder_post_types":["post","page","astra-advanced-hook"],"_fl_builder_color_presets":["c50529","ffffff","b0976d","8c95bb","e1a957"],"_fl_builder_services":null,"_fl_builder_settings":{"show_default_heading":"0","default_heading_selector":".fl-post-header","row_margins":"0","row_margins_medium":"","row_margins_responsive":"","row_padding":"20","row_padding_medium":"","row_padding_responsive":"","row_width":"1200","row_width_default":"fixed","row_content_width_default":"fixed","module_margins":"20","module_margins_medium":"","module_margins_responsive":"","responsive_enabled":"1","auto_spacing":"1","medium_breakpoint":"768","responsive_breakpoint":"480","css":"","js":""},"_fl_builder_user_access":null,"_fl_builder_enabled_templates":null,"elementor_container_width":null,"elementor_cpt_support":null,"elementor_css_print_method":null,"elementor_default_generic_fonts":null,"elementor_disable_color_schemes":null,"elementor_disable_typography_schemes":null,"elementor_editor_break_lines":null,"elementor_exclude_user_roles":null,"elementor_global_image_lightbox":null,"elementor_page_title_selector":null,"elementor_scheme_color":null,"elementor_scheme_color-picker]":null,"elementor_scheme_typography":null,"elementor_space_between_widgets":null,"elementor_stretched_section_container":null,"elementor_load_fa4_shim":null,"woocommerce_shop_page_title":"","woocommerce_cart_page_title":"","woocommerce_checkout_page_title":"","woocommerce_myaccount_page_title":"","woocommerce_edit_address_page_title":"","woocommerce_view_order_page_title":"","woocommerce_change_password_page_title":"","woocommerce_logout_page_title":"","woocommerce_enable_guest_checkout":null,"woocommerce_enable_checkout_login_reminder":null,"woocommerce_enable_signup_and_login_from_checkout":null,"woocommerce_enable_myaccount_registration":null,"woocommerce_registration_generate_username":null,"wpforms_settings":null,"learndash_settings_theme_ld30":null,"learndash_settings_courses_themes":null},"astra-site-wxr-path":"https:\/\/websitedemos.net\/wp-content\/uploads\/astra-sites\/92\/wxr.xml","astra-enabled-extensions":{"advanced-headers":"","advanced-hooks":"advanced-hooks","colors-and-background":"","advanced-footer":"","header-sections":"","sticky-header":"","scroll-to-top":"","typography":"","all":"all","blog-pro":"","mobile-header":"","lifterlms":"","learndash":"","site-layouts":"","spacing":"","transparent-header":"transparent-header","woocommerce":"","edd":"","nav-menu":""},"astra-custom-404":"","featured-image-url":"https:\/\/websitedemos.net\/wp-content\/uploads\/2018\/06\/id-18736-winery-resize.jpg","astra-woocommerce-csv-path":"","astra-post-data-mapping":{"astra-advanced-hook":[{"post_id":180,"post_title":"Site Footer","mapping":{"ast-advanced-hook-location":{"rule":["basic-global"],"specific":[]}}}],"astra_adv_header":[]},"astra-site-wpforms-path":"https:\/\/websitedemos.net\/wp-content\/uploads\/astra-sites\/92\/wpforms.json","astra-site-cartflows-path":"","astra-site-taxonomy-mapping":"","astra-site-parent-id":1116,"license-status":"valid","request_time":0.12163496017456,"_links":{"self":[{"href":"https:\/\/websitedemos.net\/wp-json\/wp\/v2\/astra-sites\/38629"}],"collection":[{"href":"https:\/\/websitedemos.net\/wp-json\/wp\/v2\/astra-sites"}],"about":[{"href":"https:\/\/websitedemos.net\/wp-json\/wp\/v2\/types\/astra-sites"}],"version-history":[{"count":1,"href":"https:\/\/websitedemos.net\/wp-json\/wp\/v2\/astra-sites\/38629\/revisions"}],"predecessor-version":[{"id":38636,"href":"https:\/\/websitedemos.net\/wp-json\/wp\/v2\/astra-sites\/38629\/revisions\/38636"}],"wp:featuredmedia":[{"embeddable":true,"href":"https:\/\/websitedemos.net\/wp-json\/wp\/v2\/media\/31467"}],"wp:attachment":[{"href":"https:\/\/websitedemos.net\/wp-json\/wp\/v2\/media?parent=38629"}],"wp:term":[{"taxonomy":"astra-site-category","embeddable":true,"href":"https:\/\/websitedemos.net\/wp-json\/wp\/v2\/astra-site-category?post=38629"},{"taxonomy":"astra-sites-type","embeddable":true,"href":"https:\/\/websitedemos.net\/wp-json\/wp\/v2\/astra-sites-type?post=38629"},{"taxonomy":"astra-site-page-builder","embeddable":true,"href":"https:\/\/websitedemos.net\/wp-json\/wp\/v2\/astra-site-page-builder?post=38629"},{"taxonomy":"astra-sites-tag","embeddable":true,"href":"https:\/\/websitedemos.net\/wp-json\/wp\/v2\/astra-sites-tag?post=38629"}],"curies":[{"name":"wp","href":"https:\/\/api.w.org\/{rel}","templated":true}]}}