{"id":38696,"date":"2020-01-15T17:06:53","date_gmt":"2020-01-15T11:36:53","guid":{"rendered":"https:\/\/websitedemos.net\/?post_type=astra-sites&#038;p=38696"},"modified":"2020-01-20T16:28:00","modified_gmt":"2020-01-20T10:58:00","slug":"furniture-store","status":"publish","type":"astra-sites","link":"https:\/\/websitedemos.net\/astra-site\/furniture-store\/","title":{"rendered":"Furniture Store"},"content":{"rendered":"","protected":false},"author":0,"featured_media":31695,"template":"","astra-site-category":[38],"astra-sites-type":[40],"astra-site-page-builder":[34],"astra-sites-tag":[496,524,856,436,383,967,733,749,966,1024],"astra-site-type":"premium","astra-site-thumbnail":"https:\/\/websitedemos.net\/wp-content\/uploads\/2019\/07\/furniture-store-03-home.jpg","required-plugins":[{"slug":"astra-addon","init":"astra-addon\/astra-addon.php","name":"Astra Pro"},{"slug":"beaver-builder-lite-version","init":"beaver-builder-lite-version\/fl-builder.php","name":"Beaver Builder Plugin (Lite Version)"},{"slug":"bb-ultimate-addon","init":"bb-ultimate-addon\/bb-ultimate-addon.php","name":"Ultimate Addons for Beaver Builder"},{"slug":"woocommerce","init":"woocommerce\/woocommerce.php","name":"WooCommerce"},{"slug":"woo-cart-abandonment-recovery","init":"woo-cart-abandonment-recovery\/woo-cart-abandonment-recovery.php","name":"WooCommerce Cart Abandonment Recovery"}],"astra-site-url":"\/\/websitedemos.net\/furniture-store-03","astra-site-open-in-new-tab":"0","astra-site-widgets-data":"{\"sidebar-1\":{\"search-2\":{\"title\":\"\"},\"recent-posts-2\":{\"title\":\"\",\"number\":5},\"recent-comments-2\":{\"title\":\"\",\"number\":5},\"archives-2\":{\"title\":\"\",\"count\":0,\"dropdown\":0},\"categories-2\":{\"title\":\"\",\"count\":0,\"hierarchical\":0,\"dropdown\":0},\"meta-2\":{\"title\":\"\"}},\"advanced-footer-widget-1\":{\"nav_menu-1\":{\"title\":\"Product Links\",\"nav_menu\":\"primary-menu\"}},\"advanced-footer-widget-2\":{\"nav_menu-2\":{\"title\":\"Chairs\",\"nav_menu\":\"chair\"}},\"advanced-footer-widget-3\":{\"nav_menu-3\":{\"title\":\"Table\",\"nav_menu\":\"table\"}},\"advanced-footer-widget-4\":{\"woocommerce_products-1\":{\"title\":\"Products\",\"number\":2,\"show\":\"onsale\",\"orderby\":\"date\",\"order\":\"desc\",\"hide_free\":0,\"show_hidden\":0}},\"astra-woo-shop-sidebar\":{\"woocommerce_product_search-1\":[],\"woocommerce_product_categories-1\":{\"title\":\"Product categories\",\"orderby\":\"name\",\"dropdown\":0,\"count\":1,\"hierarchical\":1,\"show_children_only\":0,\"hide_empty\":0,\"max_depth\":\"\"},\"woocommerce_price_filter-1\":{\"title\":\"Filter by price\"},\"woocommerce_recently_viewed_products-1\":{\"title\":\"Recently Viewed Products\",\"number\":3}}}","astra-site-customizer-data":{"astra-settings":{"theme-auto-version":"2.2.1","ast-header-retina-logo":"https:\/\/websitedemos.net\/furniture-store-03\/wp-content\/uploads\/sites\/164\/2018\/01\/logo06@2x-free-img.png","display-site-title":false,"site-sidebar-layout":"no-sidebar","single-product-sidebar-layout":"no-sidebar","font-size-h1":{"desktop":"60","tablet":"","mobile":"","desktop-unit":"px","tablet-unit":"px","mobile-unit":"px"},"body-font-family":"'Poppins', sans-serif","body-font-weight":"400","headings-font-family":"'Poppins', sans-serif","headings-font-weight":"400","header-layouts":"header-main-layout-1","disable-primary-nav":false,"site-content-layout":"boxed-container","woocommerce-content-layout":"plain-container","single-page-content-layout":"default","site-content-width":1200,"single-post-content-layout":"default","site-layout-outside-bg-color":"#f3f3f3","footer-bg-color":"#3a3a3a","shop-product-structure":["title","price"],"link-color":"#78909c","astra-addon-auto-version":"2.2.2","header-main-layout-width":"content","archive-post-content-layout":"default","transparent-header-enable":0,"site-layout":"ast-box-layout","site-layout-box-tb-margin":0,"header-main-sep":0,"single-product-tabs-layout":"horizontal","single-product-breadcrumb-disable":false,"font-family-primary-menu":"'Poppins', sans-serif","font-weight-primary-menu":"400","font-size-primary-menu":{"desktop":"15","tablet":"","mobile":"","desktop-unit":"px","tablet-unit":"px","mobile-unit":"px"},"header-main-rt-section":"woocommerce","primary-menu-color":"#757575","primary-menu-h-color":"#a9803c","primary-menu-a-color":"#a9803c","footer-sml-layout":"footer-sml-layout-2","footer-sml-section-1-credit":"Copyright \u00a9 [current_year] [site_title] | <a href=\"#\">Credits<\/a> ","footer-sml-divider":0,"footer-sml-section-2":"custom","footer-sml-section-2-credit":"Powered by [site_title] ","footer-adv":"disabled","footer-adv-bg-color":"#ffffff","footer-adv-wgt-title-color":"#1c1c1c","footer-adv-text-color":"#0a0a0a","footer-adv-link-h-color":"#a9803c","font-family-footer-content":"'Poppins', sans-serif","font-weight-footer-content":"300","font-size-footer-content":{"desktop":"13","tablet":"","mobile":"","desktop-unit":"px","tablet-unit":"px","mobile-unit":"px"},"shop-grids":{"desktop":"3","tablet":"3","mobile":"1"},"shop-no-of-products":10,"shop-hover-style":"zoom","shop-style":"shop-page-grid-style","font-family-h1":"inherit","font-weight-h1":"600","font-family-h2":"inherit","font-weight-h2":"500","font-family-h3":"inherit","font-weight-h3":"normal","font-family-h4":"'Poppins', sans-serif","font-weight-h4":"400","font-family-h5":"'Poppins', sans-serif","font-weight-h5":"400","shop-product-shadow":"1","shop-product-shadow-hover":"1","single-product-tabs-enable":"1","single-product-related-upsell-per-page":3,"shop-sale-notification":"default","shop-sale-shape":"circle","shop-pagination":"number","shop-pagination-style":"default","shop-page-title-disable":true,"shop-breadcrumb-disable":true,"shop-toolbar-disable":true,"shop-filters-off-canvas-disable":true,"woocommerce-sidebar-layout":"left-sidebar","font-size-h2":{"desktop":"42","tablet":"","mobile":"","desktop-unit":"px","tablet-unit":"px","mobile-unit":"px"},"font-size-widget-title":{"desktop":"20","tablet":"","mobile":"","desktop-unit":"px","tablet-unit":"px","mobile-unit":"px"},"font-size-widget-content":{"desktop":"14","tablet":"","mobile":"","desktop-unit":"px","tablet-unit":"px","mobile-unit":"px"},"footer-adv-link-color":"#666666","footer-adv-wgt-title-font-size":{"desktop":"19","tablet":"","mobile":"","desktop-unit":"px","tablet-unit":"px","mobile-unit":"px"},"button-color":"#455a64","button-radius":0,"button-v-padding":10,"button-h-padding":25,"font-family-button":"'Poppins', sans-serif","font-weight-button":"500","footer-adv-wgt-title-font-family":"'Lora', serif","footer-adv-wgt-title-font-weight":"400","footer-adv-wgt-title-text-transform":"none","two-step-checkout":false,"shop-quick-view-enable":"on-image","single-product-nav-style":"default","single-product-gallery-layout":"vertical","font-size-entry-title":{"desktop":"30","tablet":"","mobile":"","desktop-unit":"px","tablet-unit":"px","mobile-unit":"px"},"blog-post-structure":["image","title-meta"],"blog-single-post-structure":["single-image","single-title-meta"],"font-size-archive-summary-title":{"desktop":"22","tablet":"","mobile":"","desktop-unit":"px","tablet-unit":"px","mobile-unit":"px"},"font-size-page-title":{"desktop":"19","tablet":"","mobile":"","desktop-unit":"px","tablet-unit":"px","mobile-unit":"px"},"font-family-entry-title":"'Lora', serif","font-weight-entry-title":"400","font-family-widget-title":"'Poppins', sans-serif","font-weight-widget-title":"400","font-family-widget-content":"'Poppins', sans-serif","font-weight-widget-content":"300","line-height-widget-content":"2.26","shop-product-align":"align-left","shop-page-title-display":false,"shop-breadcrumb-display":false,"shop-toolbar-display":true,"shop-off-canvas-trigger-type":"disable","header-display-outside-menu":"1","single-product-image-width":40,"checkout-distraction-free":false,"single-product-ajax-add-to-cart":"1","checkout-content-width":"custom","checkout-content-max-width":1200,"site-layout-box-width":1200,"checkout-order-notes-display":"1","woo-header-cart-total-display":false,"woo-header-cart-title-display":false,"footer-adv-area-padding":{"desktop":{"top":"30","right":"","bottom":"70","left":""},"tablet":{"top":"","right":"","bottom":"","left":""},"mobile":{"top":"","right":"","bottom":"","left":""},"desktop-unit":"px","tablet-unit":"px","mobile-unit":"px"},"font-size-button":{"desktop":"15","tablet":"","mobile":"","desktop-unit":"px","tablet-unit":"px","mobile-unit":"px"},"above-header-merge-menu":true,"below-header-merge-menu":true,"woo-header-cart-icon":"default","theme-color":"#78909c","header-bg-obj":{"background-color":""},"content-bg-obj":{"background-color":"#ffffff"},"footer-adv-bg-obj":{"background-color":"#ffffff","background-image":"","background-repeat":"no-repeat","background-position":"center center","background-size":"cover","background-attachment":"scroll"},"footer-bg-obj":{"background-color":"#3a3a3a","background-image":"","background-repeat":"repeat","background-position":"center center","background-size":"auto","background-attachment":"scroll"},"site-layout-outside-bg-obj":{"background-color":"#f3f3f3","background-image":"","background-repeat":"no-repeat","background-position":"center center","background-size":"cover","background-attachment":"scroll"},"header-bg-obj-responsive":{"desktop":{"background-color":"","background-image":"","background-repeat":"no-repeat","background-position":"center center","background-size":"cover","background-attachment":"scroll"},"tablet":{"background-color":"","background-image":"","background-repeat":"no-repeat","background-position":"center center","background-size":"cover","background-attachment":"scroll"},"mobile":{"background-color":"","background-image":"","background-repeat":"no-repeat","background-position":"center center","background-size":"cover","background-attachment":"scroll"}},"above-header-bg-obj-responsive":{"desktop":{"background-color":"","background-image":"","background-repeat":"no-repeat","background-position":"center center","background-size":"cover","background-attachment":"scroll"},"tablet":{"background-color":"","background-image":"","background-repeat":"no-repeat","background-position":"center center","background-size":"cover","background-attachment":"scroll"},"mobile":{"background-color":"","background-image":"","background-repeat":"no-repeat","background-position":"center center","background-size":"cover","background-attachment":"scroll"}},"below-header-bg-obj-responsive":{"desktop":{"background-color":"#414042","background-image":"","background-repeat":"no-repeat","background-position":"center center","background-size":"cover","background-attachment":"scroll"},"tablet":{"background-color":"","background-image":"","background-repeat":"no-repeat","background-position":"center center","background-size":"cover","background-attachment":"scroll"},"mobile":{"background-color":"","background-image":"","background-repeat":"no-repeat","background-position":"center center","background-size":"cover","background-attachment":"scroll"}},"primary-menu-bg-color-responsive":{"desktop":"","tablet":"","mobile":""},"primary-menu-color-responsive":{"desktop":"#757575","tablet":"","mobile":""},"primary-menu-h-bg-color-responsive":{"desktop":"","tablet":"","mobile":""},"primary-menu-h-color-responsive":{"desktop":"#a9803c","tablet":"","mobile":""},"primary-menu-a-bg-color-responsive":{"desktop":"","tablet":"","mobile":""},"primary-menu-a-color-responsive":{"desktop":"#a9803c","tablet":"","mobile":""},"primary-submenu-bg-color-responsive":{"desktop":"","tablet":"","mobile":""},"primary-submenu-color-responsive":{"desktop":"","tablet":"","mobile":""},"primary-submenu-h-bg-color-responsive":{"desktop":"","tablet":"","mobile":""},"primary-submenu-h-color-responsive":{"desktop":"","tablet":"","mobile":""},"primary-submenu-a-bg-color-responsive":{"desktop":"","tablet":"","mobile":""},"primary-submenu-a-color-responsive":{"desktop":"","tablet":"","mobile":""},"above-header-text-color-responsive":{"desktop":"","tablet":"","mobile":""},"above-header-link-color-responsive":{"desktop":"","tablet":"","mobile":""},"above-header-link-h-color-responsive":{"desktop":"","tablet":"","mobile":""},"above-header-menu-bg-color":{"desktop":"","tablet":"","mobile":""},"above-header-menu-color-responsive":{"desktop":"","tablet":"","mobile":""},"above-header-menu-h-color-responsive":{"desktop":"","tablet":"","mobile":""},"above-header-menu-h-bg-color-responsive":{"desktop":"","tablet":"","mobile":""},"above-header-menu-active-color-responsive":{"desktop":"","tablet":"","mobile":""},"above-header-menu-active-bg-color-responsive":{"desktop":"","tablet":"","mobile":""},"above-header-submenu-text-color-responsive":{"desktop":"","tablet":"","mobile":""},"above-header-submenu-bg-color-responsive":{"desktop":"","tablet":"","mobile":""},"above-header-submenu-hover-color-responsive":{"desktop":"","tablet":"","mobile":""},"above-header-submenu-bg-hover-color-responsive":{"desktop":"","tablet":"","mobile":""},"above-header-submenu-active-color-responsive":{"desktop":"","tablet":"","mobile":""},"above-header-submenu-active-bg-color-responsive":{"desktop":"","tablet":"","mobile":""},"below-header-text-color-responsive":{"desktop":"#ffffff","tablet":"","mobile":""},"below-header-link-hover-color-responsive":{"desktop":"#ffffff","tablet":"","mobile":""},"below-header-link-color-responsive":{"desktop":"#ffffff","tablet":"","mobile":""},"below-header-menu-text-color-responsive":{"desktop":"#ffffff","tablet":"","mobile":""},"below-header-menu-text-hover-color-responsive":{"desktop":"#ffffff","tablet":"","mobile":""},"below-header-menu-bg-hover-color-responsive":{"desktop":"#575757","tablet":"","mobile":""},"below-header-current-menu-text-color-responsive":{"desktop":"#ffffff","tablet":"","mobile":""},"below-header-current-menu-bg-color-responsive":{"desktop":"#575757","tablet":"","mobile":""},"below-header-submenu-text-color-responsive":{"desktop":"","tablet":"","mobile":""},"below-header-submenu-bg-color-responsive":{"desktop":"","tablet":"","mobile":""},"below-header-submenu-hover-color-responsive":{"desktop":"","tablet":"","mobile":""},"below-header-submenu-bg-hover-color-responsive":{"desktop":"","tablet":"","mobile":""},"below-header-submenu-active-color-responsive":{"desktop":"","tablet":"","mobile":""},"below-header-submenu-active-bg-color-responsive":{"desktop":"","tablet":"","mobile":""},"above-header-menu-align":"inline","below-header-menu-align":"inline","primary-menu-bg-obj-responsive":{"desktop":{"background-color":"","background-image":"","background-repeat":"no-repeat","background-position":"center center","background-size":"cover","background-attachment":"scroll"},"tablet":{"background-color":"","background-image":"","background-repeat":"no-repeat","background-position":"center center","background-size":"cover","background-attachment":"scroll"},"mobile":{"background-color":"","background-image":"","background-repeat":"no-repeat","background-position":"center center","background-size":"cover","background-attachment":"scroll"}},"above-header-menu-bg-obj-responsive":{"desktop":{"background-color":"","background-image":"","background-repeat":"no-repeat","background-position":"center center","background-size":"cover","background-attachment":"scroll"},"tablet":{"background-color":"","background-image":"","background-repeat":"no-repeat","background-position":"center center","background-size":"cover","background-attachment":"scroll"},"mobile":{"background-color":"","background-image":"","background-repeat":"no-repeat","background-position":"center center","background-size":"cover","background-attachment":"scroll"}},"mobile-header-toggle-btn-style":"outline","sticky-header-color-site-title-responsive":{"desktop":"","tablet":"","mobile":""},"sticky-header-color-site-tagline-responsive":{"desktop":"","tablet":"","mobile":""},"sticky-header-color-h-site-title-responsive":{"desktop":"","tablet":"","mobile":""},"sticky-header-bg-color-responsive":{"desktop":"rgba(255,255,255,1)","tablet":"","mobile":""},"sticky-header-menu-bg-color-responsive":{"desktop":"","tablet":"","mobile":""},"sticky-header-menu-color-responsive":{"desktop":"#757575","tablet":"","mobile":""},"sticky-header-menu-h-color-responsive":{"desktop":"#a9803c","tablet":"","mobile":""},"sticky-header-menu-h-a-bg-color-responsive":{"desktop":"","tablet":"","mobile":""},"sticky-header-submenu-bg-color-responsive":{"desktop":"","tablet":"","mobile":""},"sticky-header-submenu-color-responsive":{"desktop":"","tablet":"","mobile":""},"sticky-header-submenu-h-color-responsive":{"desktop":"","tablet":"","mobile":""},"sticky-header-submenu-h-a-bg-color-responsive":{"desktop":"","tablet":"","mobile":""},"sticky-below-header-bg-color-responsive":{"desktop":"rgba(65,64,66,1)","tablet":"","mobile":""},"sticky-below-header-menu-bg-color-responsive":{"desktop":"","tablet":"","mobile":""},"sticky-below-header-menu-color-responsive":{"desktop":"#ffffff","tablet":"","mobile":""},"sticky-below-header-menu-h-color-responsive":{"desktop":"#ffffff","tablet":"","mobile":""},"sticky-below-header-menu-h-a-bg-color-responsive":{"desktop":"#575757","tablet":"","mobile":""},"sticky-below-header-submenu-bg-color-responsive":{"desktop":"","tablet":"","mobile":""},"sticky-below-header-submenu-color-responsive":{"desktop":"","tablet":"","mobile":""},"sticky-below-header-submenu-h-color-responsive":{"desktop":"","tablet":"","mobile":""},"sticky-below-header-submenu-h-a-bg-color-responsive":{"desktop":"","tablet":"","mobile":""},"sticky-above-header-bg-color-responsive":{"desktop":"rgba(255,255,255,1)","tablet":"","mobile":""},"sticky-above-header-menu-bg-color-responsive":{"desktop":"","tablet":"","mobile":""},"sticky-above-header-menu-color-responsive":{"desktop":"","tablet":"","mobile":""},"sticky-above-header-menu-h-color-responsive":{"desktop":"","tablet":"","mobile":""},"sticky-above-header-menu-h-a-bg-color-responsive":{"desktop":"","tablet":"","mobile":""},"sticky-above-header-submenu-bg-color-responsive":{"desktop":"","tablet":"","mobile":""},"sticky-above-header-submenu-color-responsive":{"desktop":"","tablet":"","mobile":""},"sticky-above-header-submenu-h-color-responsive":{"desktop":"","tablet":"","mobile":""},"sticky-above-header-submenu-h-a-bg-color-responsive":{"desktop":"","tablet":"","mobile":""},"transparent-header-bg-color-responsive":{"desktop":"","tablet":"","mobile":""},"transparent-header-color-site-title-responsive":{"desktop":"","tablet":"","mobile":""},"transparent-header-color-h-site-title-responsive":{"desktop":"","tablet":"","mobile":""},"transparent-menu-bg-color-responsive":{"desktop":"","tablet":"","mobile":""},"transparent-menu-color-responsive":{"desktop":"","tablet":"","mobile":""},"transparent-menu-h-color-responsive":{"desktop":"","tablet":"","mobile":""},"different-sticky-retina-logo":false,"different-transparent-retina-logo":false,"different-retina-logo":"1","include-headings-in-typography":true,"above-header-submenu-border":{"top":"1","bottom":"1","left":"1","right":"1"},"above-header-submenu-item-border":1,"below-header-submenu-border":{"top":"1","bottom":"1","left":"1","right":"1"},"below-header-submenu-item-border":1,"above-nav-menu-pointer-effect":"none","below-nav-menu-pointer-effect":"none","above-header-submenu-border-color":"#eaeaea","below-header-submenu-container-animation":"","above-header-submenu-container-animation":"","primary-submenu-border":{"top":"1","bottom":"1","left":"1","right":"1"},"primary-submenu-item-border":1,"nav-menu-pointer-effect":"none","submenu-below-header":false,"primary-submenu-b-color":"#eaeaea","header-main-submenu-container-animation":"","above-header-submenu-item-b-color":"#eaeaea","primary-submenu-item-b-color":"#eaeaea","body-font-variant":"","headings-font-variant":"","font-size-h3":{"desktop":"30","tablet":"","mobile":"","desktop-unit":"px","tablet-unit":"px","mobile-unit":"px"},"logo-title-inline":0,"wc-header-cart-header-colors":false,"shop-quick-view-stick-cart":true,"_astra_pb_compatibility_completed":true,"is_addon_queue_running":true,"is_theme_queue_running":false,"submenu-open-below-header":false,"theme-button-padding":{"desktop":{"top":"15","right":"25","bottom":"15","left":"25"},"tablet":{"top":"","right":"","bottom":"","left":""},"mobile":{"top":"","right":"","bottom":"","left":""},"desktop-unit":"px","tablet-unit":"px","mobile-unit":"px"},"button-h-color":"#ffffff","button-bg-color":"rgba(0,0,0,0)","button-bg-h-color":"#455a64","theme-button-border-group-border-size":{"top":"2","right":"2","bottom":"2","left":"2"},"theme-button-border-group-border-color":"#455a64","theme-button-border-group-border-h-color":"#455a64","heading-base-color":"#607d8b","text-transform-button":"uppercase","text-transform-h1":"uppercase","text-color":"#3a3a3a","mobile-header-toggle-btn-style-color":"#607d8b","ast-header-responsive-logo-width":{"desktop":"","tablet":"","mobile":"130"}},"custom-css":""},"astra-site-options-data":{"woocommerce_product_attributes":[],"woocommerce_product_cat_list":{"36":{"term_id":36,"name":"Uncategorized","slug":"uncategorized","description":""},"22":{"term_id":22,"name":"Armchair","slug":"armchair","description":""},"23":{"term_id":23,"name":"Chair","slug":"chair","description":""},"24":{"term_id":24,"name":"Computer table","slug":"computer-table","description":""},"25":{"term_id":25,"name":"Recliner","slug":"recliner","description":""},"26":{"term_id":26,"name":"Sofa","slug":"sofa","description":""},"27":{"term_id":27,"name":"Stool","slug":"stool","description":""},"28":{"term_id":28,"name":"Study table","slug":"study-table","description":""},"29":{"term_id":29,"name":"Table","slug":"table","description":""},"30":{"term_id":30,"name":"Two Seaters","slug":"two-seaters","description":""}},"woocommerce_product_cat":[{"slug":"uncategorized","thumbnail_id":"","thumbnail_src":""},{"slug":"armchair","thumbnail_id":"","thumbnail_src":""},{"slug":"chair","thumbnail_id":"","thumbnail_src":""},{"slug":"computer-table","thumbnail_id":"","thumbnail_src":""},{"slug":"recliner","thumbnail_id":"","thumbnail_src":""},{"slug":"sofa","thumbnail_id":"","thumbnail_src":""},{"slug":"stool","thumbnail_id":"","thumbnail_src":""},{"slug":"study-table","thumbnail_id":"","thumbnail_src":""},{"slug":"table","thumbnail_id":"","thumbnail_src":""},{"slug":"two-seaters","thumbnail_id":"","thumbnail_src":""}],"custom_logo":"https:\/\/websitedemos.net\/furniture-store-03\/wp-content\/uploads\/sites\/164\/2018\/01\/logo06-free-img-1.png","nav_menu_locations":{"primary":"primary-menu"},"show_on_front":"page","page_on_front":"Home","page_for_posts":"","_fl_builder_enabled_icons":["font-awesome","foundation-icons","dashicons","ultimate-icons"],"_fl_builder_enabled_modules":null,"_fl_builder_post_types":null,"_fl_builder_color_presets":["00acc1","4dd0e1","f90053","ffffff"],"_fl_builder_services":null,"_fl_builder_settings":{"show_default_heading":"0","default_heading_selector":".fl-post-header","row_margins":"0","row_margins_medium":"","row_margins_responsive":"","row_padding":"20","row_padding_medium":"","row_padding_responsive":"","row_width":"1200","row_width_default":"fixed","row_content_width_default":"fixed","module_margins":"20","module_margins_medium":"","module_margins_responsive":"","responsive_enabled":"1","auto_spacing":"1","medium_breakpoint":"992","responsive_breakpoint":"768","css":"","js":""},"_fl_builder_user_access":null,"_fl_builder_enabled_templates":null,"elementor_container_width":"1200","elementor_cpt_support":["post","page"],"elementor_css_print_method":"external","elementor_default_generic_fonts":"","elementor_disable_color_schemes":"","elementor_disable_typography_schemes":"","elementor_editor_break_lines":"","elementor_exclude_user_roles":[],"elementor_global_image_lightbox":null,"elementor_page_title_selector":null,"elementor_scheme_color":{"1":"#6ec1e4","2":"#54595f","3":"#7a7a7a","4":"#61ce70"},"elementor_scheme_color-picker]":null,"elementor_scheme_typography":{"1":{"font_family":"","font_weight":""},"2":{"font_family":"","font_weight":""},"3":{"font_family":"","font_weight":""},"4":{"font_family":"","font_weight":""}},"elementor_space_between_widgets":null,"elementor_stretched_section_container":null,"elementor_load_fa4_shim":null,"woocommerce_shop_page_title":"Shop","woocommerce_cart_page_title":"Cart","woocommerce_checkout_page_title":"Checkout","woocommerce_myaccount_page_title":"My account","woocommerce_edit_address_page_title":"","woocommerce_view_order_page_title":"","woocommerce_change_password_page_title":"","woocommerce_logout_page_title":"","woocommerce_enable_guest_checkout":"yes","woocommerce_enable_checkout_login_reminder":"yes","woocommerce_enable_signup_and_login_from_checkout":"yes","woocommerce_enable_myaccount_registration":"no","woocommerce_registration_generate_username":"yes","wpforms_settings":null,"learndash_settings_theme_ld30":null,"learndash_settings_courses_themes":null},"astra-site-wxr-path":"https:\/\/websitedemos.net\/wp-content\/uploads\/astra-sites\/164\/wxr.xml","astra-enabled-extensions":{"advanced-hooks":"advanced-hooks","blog-pro":"","colors-and-background":"colors-and-background","advanced-footer":"","header-sections":"","advanced-headers":"advanced-headers","site-layouts":"site-layouts","sticky-header":"","scroll-to-top":"","transparent-header":"","typography":"","woocommerce":"woocommerce","all":"all","mobile-header":"","lifterlms":"","learndash":"","spacing":"","edd":"","nav-menu":""},"astra-custom-404":"","featured-image-url":"https:\/\/websitedemos.net\/wp-content\/uploads\/2019\/07\/furniture-store-03-home.jpg","astra-woocommerce-csv-path":"https:\/\/websitedemos.net\/wp-content\/uploads\/astra-sites\/164\/woocommerce.csv","astra-post-data-mapping":{"astra-advanced-hook":[{"post_id":294,"post_title":"Social Footer","mapping":{"ast-advanced-hook-location":{"rule":["basic-global"],"specific":[]}}}],"astra_adv_header":[{"post_id":301,"post_title":"Product Headers","mapping":{"ast-advanced-headers-design":{"menus":{"custom-menu":{"id":32,"name":"Primary Menu","slug":"primary-menu"}},"images":[{"key_map":{"url":"logo-url","id":"logo-id"},"image":{"url":"","id":""}},{"key_map":{"url":"retina-logo-url","id":"retina-logo-id"},"image":{"url":"","id":""}},{"key_map":{"url":"bg-image","id":"bg-image-id"},"image":{"url":"","id":""}}]},"ast-advanced-headers-location":{"rule":["product|all|archive"],"specific":[]},"ast-advanced-headers-exclusion":""}}]},"astra-site-wpforms-path":"https:\/\/websitedemos.net\/wp-content\/uploads\/astra-sites\/164\/wpforms.json","astra-site-cartflows-path":"","astra-site-taxonomy-mapping":"","astra-site-parent-id":1119,"license-status":"valid","request_time":0.12437081336975,"_links":{"self":[{"href":"https:\/\/websitedemos.net\/wp-json\/wp\/v2\/astra-sites\/38696"}],"collection":[{"href":"https:\/\/websitedemos.net\/wp-json\/wp\/v2\/astra-sites"}],"about":[{"href":"https:\/\/websitedemos.net\/wp-json\/wp\/v2\/types\/astra-sites"}],"version-history":[{"count":1,"href":"https:\/\/websitedemos.net\/wp-json\/wp\/v2\/astra-sites\/38696\/revisions"}],"predecessor-version":[{"id":38701,"href":"https:\/\/websitedemos.net\/wp-json\/wp\/v2\/astra-sites\/38696\/revisions\/38701"}],"wp:featuredmedia":[{"embeddable":true,"href":"https:\/\/websitedemos.net\/wp-json\/wp\/v2\/media\/31695"}],"wp:attachment":[{"href":"https:\/\/websitedemos.net\/wp-json\/wp\/v2\/media?parent=38696"}],"wp:term":[{"taxonomy":"astra-site-category","embeddable":true,"href":"https:\/\/websitedemos.net\/wp-json\/wp\/v2\/astra-site-category?post=38696"},{"taxonomy":"astra-sites-type","embeddable":true,"href":"https:\/\/websitedemos.net\/wp-json\/wp\/v2\/astra-sites-type?post=38696"},{"taxonomy":"astra-site-page-builder","embeddable":true,"href":"https:\/\/websitedemos.net\/wp-json\/wp\/v2\/astra-site-page-builder?post=38696"},{"taxonomy":"astra-sites-tag","embeddable":true,"href":"https:\/\/websitedemos.net\/wp-json\/wp\/v2\/astra-sites-tag?post=38696"}],"curies":[{"name":"wp","href":"https:\/\/api.w.org\/{rel}","templated":true}]}}