{"id":43398,"date":"2020-02-06T16:55:40","date_gmt":"2020-02-06T11:25:40","guid":{"rendered":"https:\/\/websitedemos.net\/?post_type=astra-sites&#038;p=43398"},"modified":"2020-02-19T10:16:45","modified_gmt":"2020-02-19T04:46:45","slug":"plant-shop-4","status":"publish","type":"astra-sites","link":"https:\/\/websitedemos.net\/astra-site\/plant-shop-4\/","title":{"rendered":"Plant Shop"},"content":{"rendered":"","protected":false},"author":34,"featured_media":34349,"template":"","astra-site-category":[27,38],"astra-sites-type":[40],"astra-site-page-builder":[41],"astra-sites-tag":[496,383,1414,497,1024],"astra-site-type":"premium","astra-site-thumbnail":"https:\/\/websitedemos.net\/wp-content\/uploads\/2019\/07\/plant-shop-04-home-400x1479.jpg","required-plugins":[{"slug":"astra-addon","init":"astra-addon\/astra-addon.php","name":"Astra Pro"},{"slug":"brizy","init":"brizy\/brizy.php","name":"Brizy"},{"slug":"woocommerce","init":"woocommerce\/woocommerce.php","name":"WooCommerce"}],"astra-site-url":"\/\/websitedemos.net\/plant-shop-06","astra-site-open-in-new-tab":"0","astra-site-widgets-data":"{\"sidebar-1\":{\"search-2\":{\"title\":\"\"},\"recent-posts-2\":{\"title\":\"\",\"number\":5},\"recent-comments-2\":{\"title\":\"\",\"number\":5},\"archives-2\":{\"title\":\"\",\"count\":0,\"dropdown\":0},\"categories-2\":{\"title\":\"\",\"count\":0,\"hierarchical\":0,\"dropdown\":0},\"meta-2\":{\"title\":\"\"}}}","astra-site-customizer-data":{"astra-settings":{"blog-single-post-structure":["single-image","single-title-meta"],"blog-single-width":"default","blog-single-max-width":1200,"blog-single-meta":["comments","category","author"],"blog-post-structure":["image","title-meta"],"blog-width":"default","blog-max-width":1200,"blog-post-content":"excerpt","blog-meta":["comments","category","author"],"text-color":"#3a3a3a","link-color":"#8bc34a","theme-color":"#8bc34a","link-h-color":"#3a3a3a","footer-bg-obj":{"background-color":"#191919","background-image":"","background-repeat":"repeat","background-position":"center center","background-size":"auto","background-attachment":"scroll"},"footer-color":"","footer-link-color":"","footer-link-h-color":"","footer-adv-bg-obj":{"background-color":"","background-image":"","background-repeat":"no-repeat","background-position":"center center","background-size":"cover","background-attachment":"scroll"},"footer-adv-text-color":"","footer-adv-link-color":"","footer-adv-link-h-color":"","footer-adv-wgt-title-color":"","button-color":"#ffffff","button-h-color":"#ffffff","button-bg-color":"#3a3a3a","button-bg-h-color":"#000000","theme-button-padding":{"desktop":{"top":15,"right":55,"bottom":15,"left":55},"tablet":{"top":"","right":"","bottom":"","left":""},"mobile":{"top":"","right":"","bottom":"","left":""},"desktop-unit":"px","tablet-unit":"px","mobile-unit":"px"},"button-radius":0,"theme-button-border-group-border-size":{"top":"","right":"","bottom":"","left":""},"footer-sml-layout":"footer-sml-layout-2","footer-sml-section-1":"custom","footer-sml-section-1-credit":"Copyright \u00a9 [current_year] [site_title] | <a href=\"#\">Credits<\/a>","footer-sml-section-2":"custom","footer-sml-section-2-credit":"Powered by [site_title]","footer-sml-dist-equal-align":true,"footer-sml-divider":0,"footer-sml-divider-color":"#7a7a7a","footer-layout-width":"content","ast-header-retina-logo":"https:\/\/websitedemos.net\/plant-shop-06\/wp-content\/uploads\/sites\/377\/2018\/11\/growlogo@2x-free-img-1.png","ast-header-logo-width":"","ast-header-responsive-logo-width":{"desktop":"","tablet":"","mobile":"130"},"display-site-title":false,"display-site-tagline":0,"logo-title-inline":0,"disable-primary-nav":false,"header-layouts":"header-main-layout-1","header-main-rt-section":"woocommerce","header-display-outside-menu":false,"header-main-rt-section-html":"<button>Contact Us<\/button>","header-main-rt-section-button-text":"Button","header-main-rt-section-button-link":"https:\/\/www.wpastra.com","header-main-rt-section-button-link-option":{"url":"https:\/\/www.wpastra.com","new_tab":false,"link_rel":""},"header-main-rt-section-button-style":"theme-button","header-main-rt-section-button-text-color":"","header-main-rt-section-button-back-color":"","header-main-rt-section-button-text-h-color":"","header-main-rt-section-button-back-h-color":"","header-main-rt-section-button-padding":{"desktop":{"top":"","right":"","bottom":"","left":""},"tablet":{"top":"","right":"","bottom":"","left":""},"mobile":{"top":"","right":"","bottom":"","left":""}},"header-main-rt-section-button-border-size":{"top":"","right":"","bottom":"","left":""},"header-main-sep":1,"header-main-sep-color":"","header-main-layout-width":"full","primary-submenu-border":{"top":"0","bottom":"0","left":"0","right":"0"},"primary-submenu-item-border":0,"primary-submenu-b-color":"#eaeaea","primary-submenu-item-b-color":"#eaeaea","header-main-menu-label":"","header-main-menu-align":"inline","header-main-submenu-container-animation":"","mobile-header-breakpoint":"","mobile-header-logo":"","mobile-header-logo-width":"","site-layout":"ast-padded-layout","site-content-width":1200,"site-layout-outside-bg-obj":{"background-color":"","background-image":"","background-repeat":"no-repeat","background-position":"center center","background-size":"cover","background-attachment":""},"site-content-layout":"boxed-container","single-page-content-layout":"default","single-post-content-layout":"default","archive-post-content-layout":"default","body-font-family":"'Open Sans', sans-serif","body-font-variant":"400","body-font-weight":"400","font-size-body":{"desktop":15,"tablet":"","mobile":"","desktop-unit":"px","tablet-unit":"px","mobile-unit":"px"},"body-line-height":"","para-margin-bottom":"","body-text-transform":"","headings-font-family":"inherit","headings-font-weight":"inherit","headings-text-transform":"","headings-line-height":"","font-size-site-title":{"desktop":35,"tablet":"","mobile":"","desktop-unit":"px","tablet-unit":"px","mobile-unit":"px"},"font-size-site-tagline":{"desktop":15,"tablet":"","mobile":"","desktop-unit":"px","tablet-unit":"px","mobile-unit":"px"},"font-size-entry-title":{"desktop":"32","tablet":"","mobile":"","desktop-unit":"px","tablet-unit":"px","mobile-unit":"px"},"font-size-archive-summary-title":{"desktop":40,"tablet":"","mobile":"","desktop-unit":"px","tablet-unit":"px","mobile-unit":"px"},"font-size-page-title":{"desktop":"30","tablet":"","mobile":"","desktop-unit":"px","tablet-unit":"px","mobile-unit":"px"},"font-size-h1":{"desktop":"48","tablet":"","mobile":"","desktop-unit":"px","tablet-unit":"px","mobile-unit":"px"},"font-size-h2":{"desktop":"42","tablet":"","mobile":"","desktop-unit":"px","tablet-unit":"px","mobile-unit":"px"},"font-size-h3":{"desktop":"28","tablet":"","mobile":"","desktop-unit":"px","tablet-unit":"px","mobile-unit":"px"},"font-size-h4":{"desktop":20,"tablet":"","mobile":"","desktop-unit":"px","tablet-unit":"px","mobile-unit":"px"},"font-size-h5":{"desktop":"16","tablet":"","mobile":"","desktop-unit":"px","tablet-unit":"px","mobile-unit":"px"},"font-size-h6":{"desktop":15,"tablet":"","mobile":"","desktop-unit":"px","tablet-unit":"px","mobile-unit":"px"},"site-sidebar-layout":"no-sidebar","site-sidebar-width":30,"single-page-sidebar-layout":"default","single-post-sidebar-layout":"default","archive-post-sidebar-layout":"default","footer-adv":"disabled","footer-adv-border-width":"","footer-adv-border-color":"#7a7a7a","mobile-header-toggle-btn-style":"fill","hide-custom-menu-mobile":1,"mobile-header-toggle-target":"icon","woocommerce-content-layout":"default","woocommerce-sidebar-layout":"default","single-product-sidebar-layout":"default","shop-grids":{"desktop":"4","tablet":"3","mobile":"2"},"shop-no-of-products":"12","shop-product-structure":["title","ratings","price"],"shop-hover-style":"","single-product-breadcrumb-disable":false,"enable-cart-upsells":true,"shop-archive-width":"default","shop-archive-max-width":1200,"transparent-header-logo":"","transparent-header-retina-logo":"","different-transparent-logo":0,"different-transparent-retina-logo":false,"transparent-header-logo-width":{"desktop":"","tablet":"","mobile":""},"transparent-header-enable":0,"transparent-header-disable-archive":1,"transparent-header-disable-latest-posts-index":1,"transparent-header-on-devices":"both","transparent-header-main-sep":0,"transparent-header-main-sep-color":"","transparent-header-bg-color":"","transparent-header-color-site-title":"","transparent-header-color-h-site-title":"","transparent-menu-bg-color":"","transparent-menu-color":"","transparent-menu-h-color":"","transparent-submenu-bg-color":"","transparent-submenu-color":"","transparent-submenu-h-color":"","transparent-header-bg-color-responsive":{"desktop":"","tablet":"","mobile":""},"transparent-header-color-site-title-responsive":{"desktop":"","tablet":"","mobile":""},"transparent-header-color-h-site-title-responsive":{"desktop":"","tablet":"","mobile":""},"transparent-menu-bg-color-responsive":{"desktop":"","tablet":"","mobile":""},"transparent-menu-color-responsive":{"desktop":"","tablet":"","mobile":""},"transparent-menu-h-color-responsive":{"desktop":"","tablet":"","mobile":""},"transparent-submenu-bg-color-responsive":{"desktop":"","tablet":"","mobile":""},"transparent-submenu-color-responsive":{"desktop":"","tablet":"","mobile":""},"transparent-submenu-h-color-responsive":{"desktop":"","tablet":"","mobile":""},"transparent-content-section-text-color-responsive":{"desktop":"","tablet":"","mobile":""},"transparent-content-section-link-color-responsive":{"desktop":"","tablet":"","mobile":""},"transparent-content-section-link-h-color-responsive":{"desktop":"","tablet":"","mobile":""},"breadcrumb-font-family":"inherit","breadcrumb-font-weight":"inherit","breadcrumb-text-transform":"","breadcrumb-text-color-responsive":{"desktop":"","tablet":"","mobile":""},"breadcrumb-active-color-responsive":{"desktop":"","tablet":"","mobile":""},"breadcrumb-hover-color-responsive":{"desktop":"","tablet":"","mobile":""},"breadcrumb-separator-color":{"desktop":"","tablet":"","mobile":""},"breadcrumb-bg-color":{"desktop":"","tablet":"","mobile":""},"breadcrumb-spacing":{"desktop":{"top":"","right":"","bottom":"","left":""},"tablet":{"top":"","right":"","bottom":"","left":""},"mobile":{"top":"","right":"","bottom":"","left":""},"desktop-unit":"px","tablet-unit":"px","mobile-unit":"px"},"h1-color":"","h2-color":"","h3-color":"","h4-color":"","h5-color":"","h6-color":"","font-family-h1":"inherit","font-weight-h1":"inherit","text-transform-h1":"","line-height-h1":"","font-family-h2":"'Alegreya', serif","font-weight-h2":"400","text-transform-h2":"capitalize","line-height-h2":"","font-family-h3":"'Alegreya', serif","font-weight-h3":"400","text-transform-h3":"","line-height-h3":"","font-weight-button":"inherit","font-family-button":"inherit","font-size-button":{"desktop":"","tablet":"","mobile":"","desktop-unit":"px","tablet-unit":"px","mobile-unit":"px"},"text-transform-button":"","theme-btn-line-height":1,"theme-btn-letter-spacing":"","content-bg-obj":{"background-color":"#ffffff"},"header-bg-obj":{"background-color":"","background-image":"","background-repeat":"repeat","background-position":"center center","background-size":"auto","background-attachment":"scroll"},"header-bg-obj-responsive":{"desktop":{"background-color":"","background-image":"","background-repeat":"no-repeat","background-position":"center center","background-size":"cover","background-attachment":"scroll"},"tablet":{"background-color":"","background-image":"","background-repeat":"no-repeat","background-position":"center center","background-size":"cover","background-attachment":"scroll"},"mobile":{"background-color":"","background-image":"","background-repeat":"no-repeat","background-position":"center center","background-size":"cover","background-attachment":"scroll"}},"header-color-site-title":"","header-color-h-site-title":"","header-color-site-tagline":"","primary-menu-bg-color":"","primary-menu-color":"","primary-menu-h-bg-color":"","primary-menu-h-color":"","primary-menu-a-bg-color":"","primary-menu-a-color":"","primary-menu-bg-obj-responsive":{"desktop":{"background-color":"","background-image":"","background-repeat":"no-repeat","background-position":"center center","background-size":"cover","background-attachment":"scroll"},"tablet":{"background-color":"","background-image":"","background-repeat":"no-repeat","background-position":"center center","background-size":"cover","background-attachment":"scroll"},"mobile":{"background-color":"","background-image":"","background-repeat":"no-repeat","background-position":"center center","background-size":"cover","background-attachment":"scroll"}},"primary-menu-color-responsive":{"desktop":"#444444","tablet":"","mobile":""},"primary-menu-h-bg-color-responsive":{"desktop":"","tablet":"","mobile":""},"primary-menu-h-color-responsive":{"desktop":"#8bc34a","tablet":"","mobile":""},"primary-menu-a-bg-color-responsive":{"desktop":"","tablet":"","mobile":""},"primary-menu-a-color-responsive":{"desktop":"#444444","tablet":"","mobile":""},"primary-submenu-bg-color":"","primary-submenu-color":"","primary-submenu-h-bg-color":"","primary-submenu-h-color":"","primary-submenu-a-bg-color":"","primary-submenu-a-color":"","primary-submenu-bg-color-responsive":{"desktop":"#ffffff","tablet":"","mobile":""},"primary-submenu-color-responsive":{"desktop":"","tablet":"","mobile":""},"primary-submenu-h-bg-color-responsive":{"desktop":"#f7f5f2","tablet":"","mobile":""},"primary-submenu-h-color-responsive":{"desktop":"","tablet":"","mobile":""},"primary-submenu-a-bg-color-responsive":{"desktop":"","tablet":"","mobile":""},"primary-submenu-a-color-responsive":{"desktop":"","tablet":"","mobile":""},"entry-title-color":"#000000","sidebar-bg-obj":{"background-color":"","background-image":"","background-repeat":"repeat","background-position":"center center","background-size":"auto","background-attachment":"scroll"},"sidebar-widget-title-color":"","sidebar-text-color":"","sidebar-link-color":"","sidebar-link-h-color":"","archive-summary-box-bg-color":"","archive-summary-box-title-color":"","archive-summary-box-text-color":"","page-title-color":"","post-meta-color":"","post-meta-link-color":"","post-meta-link-h-color":"","footer-bg-color":"","footer-bg-color-opc":"0.8","site-layout-padded-width":1200,"site-layout-padded-pad":{"desktop":{"top":"5","right":"40","bottom":"40","left":"40"},"tablet":{"top":"","right":"","bottom":"","left":""},"mobile":{"top":"15","right":"15","bottom":"15","left":"15"},"desktop-unit":"px","tablet-unit":"px","mobile-unit":"px"},"site-layout-fluid-lr-padding":25,"site-layout-box-width":1200,"site-layout-box-tb-margin":0,"site-layout-box-bg-img":"","scroll-to-top-icon-size":"15","scroll-to-top-icon-position":"right","scroll-to-top-on-devices":"both","scroll-to-top-icon-radius":60,"scroll-to-top-icon-color":"","scroll-to-top-icon-h-color":"","scroll-to-top-icon-bg-color":"","scroll-to-top-icon-h-bg-color":"","font-family-site-title":"inherit","font-weight-site-title":"inherit","text-transform-site-title":"","line-height-site-title":"","font-family-site-tagline":"inherit","font-weight-site-tagline":"inherit","text-transform-site-tagline":"","line-height-site-tagline":"","font-size-primary-menu":{"desktop":"15","tablet":"","mobile":"","desktop-unit":"px","tablet-unit":"px","mobile-unit":"px"},"font-weight-primary-menu":"600","font-family-primary-menu":"'Open Sans', sans-serif","text-transform-primary-menu":"","line-height-primary-menu":"","font-size-primary-dropdown-menu":{"desktop":"15","tablet":"","mobile":"","desktop-unit":"px","tablet-unit":"px","mobile-unit":"px"},"font-family-primary-dropdown-menu":"'Open Sans', sans-serif","font-weight-primary-dropdown-menu":"600","text-transform-primary-dropdown-menu":"","line-height-primary-dropdown-menu":"","font-family-archive-summary-title":"inherit","font-weight-archive-summary-title":"normal","text-transform-archive-summary-title":"","line-height-archive-summary-title":"","font-family-page-title":"inherit","font-weight-page-title":"normal","text-transform-page-title":"","line-height-page-title":"","font-size-post-meta":{"desktop":"","tablet":"","mobile":"","desktop-unit":"px","tablet-unit":"px","mobile-unit":"px"},"font-family-post-meta":"inherit","font-weight-post-meta":"inherit","text-transform-post-meta":"","line-height-post-meta":"","font-size-post-pagination":{"desktop":"","tablet":"","mobile":"","desktop-unit":"px","tablet-unit":"px","mobile-unit":"px"},"text-transform-post-pagination":"","font-family-entry-title":"'Open Sans', sans-serif","font-weight-entry-title":"600","text-transform-entry-title":"","line-height-entry-title":"","font-size-widget-title":{"desktop":"","tablet":"","mobile":"","desktop-unit":"px","tablet-unit":"px","mobile-unit":"px"},"font-family-widget-title":"inherit","font-weight-widget-title":"inherit","text-transform-widget-title":"","line-height-widget-title":"","font-size-widget-content":{"desktop":"","tablet":"","mobile":"","desktop-unit":"px","tablet-unit":"px","mobile-unit":"px"},"font-family-widget-content":"inherit","font-weight-widget-content":"inherit","text-transform-widget-content":"","line-height-widget-content":"","font-size-footer-content":{"desktop":"0.9","tablet":"","mobile":"","desktop-unit":"em","tablet-unit":"px","mobile-unit":"px"},"font-family-footer-content":"inherit","font-weight-footer-content":"inherit","text-transform-footer-content":"uppercase","line-height-footer-content":"1","font-family-h4":"'Open Sans', sans-serif","font-weight-h4":"600","text-transform-h4":"","line-height-h4":"","font-family-h5":"inherit","font-weight-h5":"inherit","text-transform-h5":"","line-height-h5":"","font-family-h6":"inherit","font-weight-h6":"inherit","text-transform-h6":"","line-height-h6":"","outside-menu-font-size":{"desktop":"","tablet":"","mobile":"","desktop-unit":"px","tablet-unit":"px","mobile-unit":"px"},"outside-menu-line-height":"","shop-style":"shop-page-grid-style","shop-product-align":"align-center","product-sale-percent-value":"-[value]%","product-sale-style":"circle","product-sale-notification":"default","shop-page-title-display":false,"shop-breadcrumb-display":false,"shop-toolbar-display":false,"shop-active-filters-display":true,"shop-off-canvas-trigger-type":"disable","shop-filter-trigger-link":"Filter","shop-filter-trigger-custom-class":"","shop-title-disable":false,"shop-price-disable":false,"shop-rating-disable":false,"shop-cart-button-disable":false,"shop-description-disable":true,"shop-category-disable":true,"shop-quick-view-enable":"on-image","shop-quick-view-stick-cart":true,"shop-product-shadow":"0","shop-product-shadow-hover":"0","shop-button-v-padding":"","shop-button-h-padding":"","shop-pagination":"number","shop-pagination-style":"default","shop-infinite-scroll-event":"scroll","shop-load-more-text":"Load More","single-product-related-display":true,"single-product-image-zoom-effect":true,"single-product-ajax-add-to-cart":"1","single-product-related-upsell-grid":{"desktop":"4","tablet":"3","mobile":"2"},"single-product-related-upsell-per-page":4,"single-product-image-width":45,"single-product-gallery-layout":"horizontal","single-product-structure":["title","ratings","price","short_desc","add_cart","meta"],"single-product-tabs-display":true,"single-product-tabs-layout":"horizontal","single-product-up-sells-display":true,"single-product-nav-style":"disable","two-step-checkout":false,"checkout-labels-as-placeholders":false,"checkout-order-notes-display":true,"checkout-coupon-display":true,"checkout-persistence-form-data":false,"checkout-content-width":"default","checkout-content-max-width":1200,"woo-header-cart-icon":"default","woo-header-cart-icon-style":"none","woo-header-cart-icon-color":"","woo-header-cart-icon-radius":3,"woo-header-cart-total-display":false,"woo-header-cart-title-display":false,"font-family-product-price":"inherit","font-weight-product-price":"inherit","font-family-product-title":"inherit","font-weight-product-title":"inherit","text-transform-product-title":"","line-height-product-title":"","font-size-product-title":{"desktop":"","tablet":"","mobile":"","desktop-unit":"px","tablet-unit":"px","mobile-unit":"px"},"font-family-product-content":"inherit","font-weight-product-content":"inherit","text-transform-product-content":"","line-height-product-content":"","font-size-product-content":{"desktop":"","tablet":"","mobile":"","desktop-unit":"px","tablet-unit":"px","mobile-unit":"px"},"line-height-product-price":"","font-size-product-price":{"desktop":"","tablet":"","mobile":"","desktop-unit":"px","tablet-unit":"px","mobile-unit":"px"},"font-family-product-breadcrumb":"inherit","font-weight-product-breadcrumb":"inherit","text-transform-product-breadcrumb":"","line-height-product-breadcrumb":"","font-size-product-breadcrumb":{"desktop":"","tablet":"","mobile":"","desktop-unit":"px","tablet-unit":"px","mobile-unit":"px"},"font-family-shop-product-title":"inherit","font-weight-shop-product-title":"inherit","text-transform-shop-product-title":"","line-height-shop-product-title":"","font-size-shop-product-title":{"desktop":"","tablet":"","mobile":"","desktop-unit":"px","tablet-unit":"px","mobile-unit":"px"},"font-family-shop-product-price":"inherit","font-weight-shop-product-price":"inherit","line-height-shop-product-price":"","font-size-shop-product-price":{"desktop":"","tablet":"","mobile":"","desktop-unit":"px","tablet-unit":"px","mobile-unit":"px"},"font-family-shop-product-content":"inherit","font-weight-shop-product-content":"inherit","text-transform-shop-product-content":"","line-height-shop-product-content":"","font-size-shop-product-content":{"desktop":"","tablet":"","mobile":"","desktop-unit":"px","tablet-unit":"px","mobile-unit":"px"},"single-product-title-color":"","single-product-price-color":"","single-product-content-color":"","single-product-breadcrumb-color":"","shop-product-title-color":"","shop-product-price-color":"","shop-product-content-color":"","single-product-rating-color":"","header-main-rt-section-search-box-type":"slide-search","below-header-section-2-search-box-type":"slide-search","below-header-section-1-search-box-type":"slide-search","above-header-section-1-search-box-type":"slide-search","above-header-section-2-search-box-type":"slide-search","theme-auto-version":"2.3.0","astra-addon-auto-version":"2.3.2","wc-header-cart-header-colors":false,"button-v-padding":15,"button-h-padding":55,"header-main-rt-section-button-border-color":"","header-main-rt-section-button-border-h-color":"","header-main-rt-section-button-border-radius":"","header-main-rt-trans-section-button-text-color":"","header-main-rt-trans-section-button-text-h-color":"","header-main-rt-trans-section-button-back-color":"","header-main-rt-trans-section-button-back-h-color":"","header-main-rt-trans-section-button-padding":"","header-main-rt-trans-section-button-border-size":"","header-main-rt-trans-section-button-border-color":"","header-main-rt-trans-section-button-border-h-color":"","header-main-rt-trans-section-button-border-radius":"","header-button-style-link":"","primary-submenu-border-divider":"","header-main-menu-label-divider":"","mobile-header-toggle-btn-style-color":"","mobile-header-toggle-btn-border-radius":"","different-retina-logo":"1","different-mobile-logo":false,"ast-site-logo-divider":"","ast-site-icon-divider":"","ast-styling-section-blog-width":"","ast-styling-section-single-blog-layouts":"","single-page-sidebar-layout-divider":"","divider-section-sidebar-width":"","site-sidebar-width-description":"","site-content-layout-divider":"","section-ast-small-footer-layout-info":"","section-ast-small-footer-typography":"","footer-adv-border-style":"","divider-outside-bg-color":"","divider-footer-image":"","footer-adv-background-divider":"","divider-section-archive-typo-archive-title":"","divider-section-archive-summary-box-typo":"","divider-base-typo":"","divider-headings-typo":"","headings-font-variant":"","divider-section-h1":"","divider-section-h2":"","divider-section-h3":"","divider-section-h4":"","divider-section-h5":"","divider-section-h6":"","divider-section-header-typo-title":"","divider-section-header-typo-tagline":"","divider-section-header-single-title":"","single-product-sidebar-layout-divider":"","shop-archive-width-divider":"","transparent-header-disable-woo-products":"","divider-transparent-menu-responsive":"","divider-transparent-sub-menu-responsive":"","divider-transparent-content-section":"","transparent-header-disable-index":"","transparent-header-disable-page":"","transparent-header-disable-posts":"","divider-section-transparent-display":"","divider-section-transparent-styling":"","blog-archive-image-size-heading":"","blog-archive-image-width":false,"blog-archive-image-height":false,"blog-archive-image-apply-sizes":"","blog-single-post-image-size-heading":"","blog-single-post-image-width":false,"blog-single-post-image-height":false,"blog-single-post-image-apply-sizes":"","blog-layout":"blog-layout-1","blog-grid":1,"blog-space-bet-posts":false,"blog-masonry":false,"first-post-full-width":false,"blog-date-box":false,"blog-date-box-style":"square","blog-featured-image-padding":false,"ast-styling-section-blog-grid":"","blog-excerpt-count":55,"blog-read-more-text":"Read More \u00bb","blog-read-more-as-button":false,"ast-styling-section-blog-meta":"","blog-pagination":"number","blog-pagination-style":"default","blog-infinite-scroll-event":"scroll","blog-load-more-text":"Load More","ast-styling-section-blog-pagination":"","ast-author-info":false,"ast-single-post-navigation":false,"ast-auto-prev-post":false,"single-featured-image-padding":false,"divider-section-single-post-spacing":"","single-post-outside-spacing":{"desktop":{"top":"","right":"","bottom":"","left":""},"tablet":{"top":"","right":"","bottom":"","left":""},"mobile":{"top":"","right":"","bottom":"","left":""},"desktop-unit":"px","tablet-unit":"px","mobile-unit":"px"},"single-post-inside-spacing":{"desktop":{"top":"","right":"","bottom":"","left":""},"tablet":{"top":"","right":"","bottom":"","left":""},"mobile":{"top":"","right":"","bottom":"","left":""},"desktop-unit":"px","tablet-unit":"px","mobile-unit":"px"},"divider-section-single-featured-image-padding":"","archive-summary-box-lable":"","archive-summary-box-divider":"","divider-bg-color":"","divider-primary-menu":"","divider-primary-sub-menu":"","footer-adv-area-padding":{"desktop":{"top":"70","right":"","bottom":"70","left":""},"tablet":{"top":"","right":"","bottom":"","left":""},"mobile":{"top":"","right":"","bottom":"","left":""}},"footer-adv-layout-width":"content","footer-adv-typo-title":"","footer-adv-wgt-title-font-family":"inherit","footer-adv-wgt-title-font-weight":"inherit","footer-adv-wgt-title-text-transform":"","footer-adv-wgt-title-font-size":{"desktop":"","tablet":"","mobile":"","desktop-unit":"px","tablet-unit":"px","mobile-unit":"px"},"footer-adv-wgt-title-line-height":"","footer-adv-typo-content":"","footer-adv-wgt-content-font-family":"inherit","footer-adv-wgt-content-font-weight":"inherit","footer-adv-wgt-content-text-transform":"","footer-adv-wgt-content-font-size":{"desktop":"","tablet":"","mobile":"","desktop-unit":"px","tablet-unit":"px","mobile-unit":"px"},"footer-adv-wgt-content-line-height":"","mobile-menu-style":"default","flyout-mobile-menu-alignment":"left","mobile-header-menu-all-border":{"top":"","right":"","bottom":"","left":""},"mobile-header-menu-b-color":"#dadada","mobile-header-above-header-divider":"","mobile-above-header-menu-style":"default","flyout-mobile-above-header-menu-alignment":"left","mobile-above-header-main-menu-style-divider":"","mobile-above-header-toggle-btn-style":"minimal","mobile-above-header-toggle-btn-style-color":"","mobile-above-header-toggle-btn-border-radius":2,"mobile-above-header-menu-all-border":{"top":"","right":"","bottom":"","left":""},"mobile-above-header-menu-b-color":"#dadada","mobile-header-below-header-divider":"","mobile-below-header-menu-style":"default","flyout-mobile-below-header-menu-alignment":"left","mobile-below-header-main-menu-style-divider":"","mobile-below-header-toggle-btn-style":"minimal","mobile-below-header-toggle-btn-style-color":"","mobile-below-header-toggle-btn-border-radius":2,"mobile-below-header-menu-all-border":{"top":"","right":"","bottom":"","left":""},"mobile-below-header-menu-b-color":"#dadada","above-header-layout":"disabled","above-header-layout-section-1-divider":"","above-header-section-1":"text-html","above-header-section-1-html":"1-800-000-000 \u2014 hello@example.com","above-header-layout-section-2-divider":"","above-header-section-2":"search","above-header-section-2-html":"1-800-000-000 \u2014 hello@example.com","section-ast-above-header-border":"","above-header-divider":1,"above-header-divider-color":"","above-header-height":40,"above-header-submenu-border-divider":"","above-header-submenu-border":{"top":"1","bottom":"1","left":"1","right":"1"},"above-header-submenu-border-color":"#eaeaea","above-header-submenu-item-border":1,"above-header-submenu-item-b-color":"#eaeaea","above-header-submenu-container-animation":"","above-header-mobile-menu-divider":"","above-header-on-mobile":true,"above-header-merge-menu":true,"above-header-menu-align":"inline","above-header-menu-label":"","above-header-swap-mobile":"","below-header-layout":"disabled","below-header-layout-section-1-divider":"","below-header-section-1":"menu","below-header-section-1-html":"1-800-000-000 \u2014 hello@example.com","below-header-layout-section-2-divider":"","below-header-section-2":"none","below-header-section-2-html":"1-800-000-000 \u2014 hello@example.com","below-header-layout-options-separator-divider":"","below-header-separator":0,"below-header-bottom-border-color":"","below-header-height":60,"below-header-submenu-border-divider":"","below-header-submenu-border":{"top":"1","bottom":"1","left":"1","right":"1"},"below-header-submenu-border-color":"#ffffff","below-header-submenu-item-border":1,"below-header-submenu-item-b-color":"","below-header-submenu-container-animation":"","below-header-mobile-menu-divider":"","below-header-on-mobile":true,"below-header-merge-menu":true,"below-header-menu-align":"inline","below-header-menu-label":"","below-header-swap-mobile":"","divider-above-header-typography-primary-menu":"","above-header-font-family":"inherit","above-header-font-weight":"inherit","above-header-text-transform":"","above-header-font-size":{"desktop":"","tablet":"","mobile":"","desktop-unit":"px","tablet-unit":"px","mobile-unit":"px"},"divider-above-header-typography-dropdown-menu":"","font-family-above-header-dropdown-menu":"inherit","font-weight-above-header-dropdown-menu":"inherit","text-transform-above-header-dropdown-menu":"","font-size-above-header-dropdown-menu":{"desktop":"","tablet":"","mobile":"","desktop-unit":"px","tablet-unit":"px","mobile-unit":"px"},"divider-below-header-typography-primary-menu":"","font-family-below-header-primary-menu":"inherit","font-weight-below-header-primary-menu":"inherit","text-transform-below-header-primary-menu":"","font-size-below-header-primary-menu":{"desktop":"","tablet":"","mobile":"","desktop-unit":"px","tablet-unit":"px","mobile-unit":"px"},"divider-below-header-typography-dropdown-menu":"","font-family-below-header-dropdown-menu":"inherit","font-weight-below-header-dropdown-menu":"inherit","text-transform-below-header-dropdown-menu":"","font-size-below-header-dropdown-menu":{"desktop":"","tablet":"","mobile":"","desktop-unit":"px","tablet-unit":"px","mobile-unit":"px"},"divider-below-header-typography-content":"","font-family-below-header-content":"inherit","font-weight-below-header-content":"inherit","text-transform-below-header-content":"","font-size-below-header-content":{"desktop":"","tablet":"","mobile":"","desktop-unit":"px","tablet-unit":"px","mobile-unit":"px"},"above-header-bg-obj-responsive":{"desktop":{"background-color":"","background-image":"","background-repeat":"no-repeat","background-position":"center center","background-size":"cover","background-attachment":"scroll"},"tablet":{"background-color":"","background-image":"","background-repeat":"no-repeat","background-position":"center center","background-size":"cover","background-attachment":"scroll"},"mobile":{"background-color":"","background-image":"","background-repeat":"no-repeat","background-position":"center center","background-size":"cover","background-attachment":"scroll"}},"above-header-menu-color-divider":"","above-header-menu-bg-obj-responsive":{"desktop":{"background-color":"","background-image":"","background-repeat":"no-repeat","background-position":"center center","background-size":"cover","background-attachment":"scroll"},"tablet":{"background-color":"","background-image":"","background-repeat":"no-repeat","background-position":"center center","background-size":"cover","background-attachment":"scroll"},"mobile":{"background-color":"","background-image":"","background-repeat":"no-repeat","background-position":"center center","background-size":"cover","background-attachment":"scroll"}},"above-header-menu-color-responsive":{"desktop":"","tablet":"","mobile":""},"above-header-menu-h-color-responsive":{"desktop":"","tablet":"","mobile":""},"above-header-menu-h-bg-color-responsive":{"desktop":"","tablet":"","mobile":""},"above-header-menu-active-color-responsive":{"desktop":"","tablet":"","mobile":""},"above-header-menu-active-bg-color-responsive":{"desktop":"","tablet":"","mobile":""},"above-header-color-bg-dropdown-menu-divider":"","above-header-submenu-bg-color-responsive":{"desktop":"","tablet":"","mobile":""},"above-header-submenu-text-color-responsive":{"desktop":"","tablet":"","mobile":""},"above-header-submenu-hover-color-responsive":{"desktop":"","tablet":"","mobile":""},"above-header-submenu-bg-hover-color-responsive":{"desktop":"","tablet":"","mobile":""},"above-header-submenu-active-color-responsive":{"desktop":"","tablet":"","mobile":""},"above-header-submenu-active-bg-color-responsive":{"desktop":"","tablet":"","mobile":""},"above-header-content-color-divider":"","above-header-text-color-responsive":{"desktop":"","tablet":"","mobile":""},"above-header-link-color-responsive":{"desktop":"","tablet":"","mobile":""},"above-header-link-h-color-responsive":{"desktop":"","tablet":"","mobile":""},"below-header-bg-obj-responsive":{"desktop":{"background-color":"","background-image":"","background-repeat":"no-repeat","background-position":"center center","background-size":"cover","background-attachment":"scroll"},"tablet":{"background-color":"","background-image":"","background-repeat":"no-repeat","background-position":"center center","background-size":"cover","background-attachment":"scroll"},"mobile":{"background-color":"","background-image":"","background-repeat":"no-repeat","background-position":"center center","background-size":"cover","background-attachment":"scroll"}},"below-header-color-bg-primary-menu-divider":"","below-header-menu-bg-obj-responsive":{"desktop":{"background-color":"","background-image":"","background-repeat":"repeat","background-position":"center center","background-size":"auto","background-attachment":"scroll"},"tablet":{"background-color":"","background-image":"","background-repeat":"repeat","background-position":"center center","background-size":"auto","background-attachment":"scroll"},"mobile":{"background-color":"","background-image":"","background-repeat":"repeat","background-position":"center center","background-size":"auto","background-attachment":"scroll"}},"below-header-menu-text-color-responsive":{"desktop":"#ffffff","tablet":"","mobile":""},"below-header-menu-text-hover-color-responsive":{"desktop":"#ffffff","tablet":"","mobile":""},"below-header-menu-bg-hover-color-responsive":{"desktop":"#575757","tablet":"","mobile":""},"below-header-current-menu-text-color-responsive":{"desktop":"#ffffff","tablet":"","mobile":""},"below-header-current-menu-bg-color-responsive":{"desktop":"#575757","tablet":"","mobile":""},"below-header-color-bg-dropdown-menu-divider":"","below-header-submenu-bg-color-responsive":{"desktop":"","tablet":"","mobile":""},"below-header-submenu-text-color-responsive":{"desktop":"","tablet":"","mobile":""},"below-header-submenu-hover-color-responsive":{"desktop":"","tablet":"","mobile":""},"below-header-submenu-bg-hover-color-responsive":{"desktop":"","tablet":"","mobile":""},"below-header-submenu-active-color-responsive":{"desktop":"","tablet":"","mobile":""},"below-header-submenu-active-bg-color-responsive":{"desktop":"","tablet":"","mobile":""},"below-header-color-bg-content-divider":"","below-header-text-color-responsive":{"desktop":"#ffffff","tablet":"","mobile":""},"below-header-link-color-responsive":{"desktop":"#ffffff","tablet":"","mobile":""},"below-header-link-hover-color-responsive":{"desktop":"#ffffff","tablet":"","mobile":""},"divider-section-site-identity-spacing":"","site-identity-spacing":{"desktop":{"top":"","bottom":""},"tablet":{"top":"","bottom":""},"mobile":{"top":"","bottom":""},"desktop-unit":"px","tablet-unit":"px","mobile-unit":"px"},"site-identity-spacing-divider":"","content-spacing-divider":"","container-outside-spacing":{"desktop":{"top":"","right":"","bottom":"","left":""},"tablet":{"top":"1.5","right":"0","bottom":"1.5","left":"0"},"mobile":{"top":"","right":"","bottom":"","left":""},"desktop-unit":"px","tablet-unit":"em","mobile-unit":"px"},"container-inside-spacing":{"desktop":{"top":"","right":"","bottom":"","left":""},"tablet":{"top":"1.5","right":"2.14","bottom":"1.5","left":"2.14"},"mobile":{"top":"1.5","right":"1","bottom":"1.5","left":"1"},"desktop-unit":"px","tablet-unit":"em","mobile-unit":"em"},"header-spacing-divider":"","header-spacing":{"desktop":{"top":"","right":"","bottom":"","left":""},"tablet":{"top":"1.5","right":"","bottom":"1.5","left":""},"mobile":{"top":"1","right":"","bottom":"1","left":""},"desktop-unit":"px","tablet-unit":"em","mobile-unit":"em"},"primary-menu-spacing":{"desktop":{"top":"","right":"","bottom":"","left":""},"tablet":{"top":"0","right":"20","bottom":"0","left":"20"},"mobile":{"top":"","right":"","bottom":"","left":""},"desktop-unit":"px","tablet-unit":"px","mobile-unit":"px"},"primary-submenu-spacing":{"desktop":{"top":"","right":"","bottom":"","left":""},"tablet":{"top":"0","right":"20","bottom":"0","left":"30"},"mobile":{"top":"","right":"","bottom":"","left":""},"desktop-unit":"px","tablet-unit":"px","mobile-unit":"px"},"above-header-spacing-divider":"","above-header-spacing":{"desktop":{"top":"","right":"","bottom":"","left":""},"tablet":{"top":"0","right":"","bottom":"0","left":""},"mobile":{"top":"0.5","right":"","bottom":"","left":""},"desktop-unit":"px","tablet-unit":"px","mobile-unit":"em"},"above-header-menu-spacing":{"desktop":{"top":"","right":"","bottom":"","left":""},"tablet":{"top":"0","right":"20","bottom":"0","left":"20"},"mobile":{"top":"","right":"","bottom":"","left":""},"desktop-unit":"px","tablet-unit":"px","mobile-unit":"px"},"above-header-submenu-spacing":{"desktop":{"top":"","right":"","bottom":"","left":""},"tablet":{"top":"0","right":"20","bottom":"0","left":"20"},"mobile":{"top":"","right":"","bottom":"","left":""},"desktop-unit":"px","tablet-unit":"px","mobile-unit":"px"},"below-header-spacing-divider":"","below-header-spacing":{"desktop":{"top":"","right":"","bottom":"","left":""},"tablet":{"top":"1","right":"","bottom":"1","left":""},"mobile":{"top":"","right":"","bottom":"","left":""},"desktop-unit":"px","tablet-unit":"em","mobile-unit":"px"},"below-header-menu-spacing":{"desktop":{"top":"","right":"","bottom":"","left":""},"tablet":{"top":"0","right":"20","bottom":"0","left":"20"},"mobile":{"top":"","right":"","bottom":"","left":""},"desktop-unit":"px","tablet-unit":"px","mobile-unit":"px"},"below-header-submenu-spacing":{"desktop":{"top":"","right":"","bottom":"","left":""},"tablet":{"top":"0","right":"20","bottom":"0","left":"20"},"mobile":{"top":"","right":"","bottom":"","left":""},"desktop-unit":"px","tablet-unit":"px","mobile-unit":"px"},"divider-section-sidebar-spacing":"","sidebar-outside-spacing":{"desktop":{"top":"","right":"","bottom":"","left":""},"tablet":{"top":"1.5","right":"1","bottom":"1.5","left":"1"},"mobile":{"top":"","right":"","bottom":"","left":""},"desktop-unit":"px","tablet-unit":"em","mobile-unit":"px"},"sidebar-inside-spacing":{"desktop":{"top":"","right":"","bottom":"","left":""},"tablet":{"top":"","right":"","bottom":"","left":""},"mobile":{"top":"","right":"","bottom":"","left":""},"desktop-unit":"px","tablet-unit":"px","mobile-unit":"px"},"blog-post-spacing-divider":"","blog-post-outside-spacing":{"desktop":{"top":"","right":"","bottom":"","left":""},"tablet":{"top":"","right":"","bottom":"","left":""},"mobile":{"top":"","right":"","bottom":"","left":""},"desktop-unit":"px","tablet-unit":"px","mobile-unit":"px"},"blog-post-inside-spacing":{"desktop":{"top":"","right":"","bottom":"","left":""},"tablet":{"top":"","right":"","bottom":"","left":""},"mobile":{"top":"","right":"","bottom":"","left":""},"desktop-unit":"px","tablet-unit":"px","mobile-unit":"px"},"blog-post-pagination-spacing":{"desktop":{"top":"","right":"","bottom":"","left":""},"tablet":{"top":"","right":"","bottom":"","left":""},"mobile":{"top":"","right":"","bottom":"","left":""},"desktop-unit":"px","tablet-unit":"px","mobile-unit":"px"},"footer-sml-spacing":{"desktop":{"top":"","right":"","bottom":"","left":""},"tablet":{"top":"2","right":"","bottom":"2","left":""},"mobile":{"top":"","right":"","bottom":"","left":""},"desktop-unit":"px","tablet-unit":"em","mobile-unit":"px"},"footer-menu-spacing":{"desktop":{"top":"","right":"","bottom":"","left":""},"tablet":{"top":"0","right":".5","bottom":"0","left":".5"},"mobile":{"top":"","right":"","bottom":"","left":""},"desktop-unit":"px","tablet-unit":"em","mobile-unit":"px"},"footer-spacing-divider":"","header-main-stick":0,"different-sticky-logo":0,"sticky-header-logo":"","different-sticky-retina-logo":false,"sticky-header-retina-logo":"","sticky-header-logo-width":{"desktop":"","tablet":"","mobile":""},"header-main-shrink":1,"sticky-header-style":"none","sticky-hide-on-scroll":0,"sticky-header-on-devices":"desktop","header-main-rt-sticky-section-button-text-color":"","header-main-rt-sticky-section-button-text-h-color":"","header-main-rt-sticky-section-button-back-color":"","header-main-rt-sticky-section-button-back-h-color":"","header-main-rt-sticky-section-button-padding":"","header-main-rt-sticky-section-button-border-size":"","header-main-rt-sticky-section-button-border-color":"","header-main-rt-sticky-section-button-border-h-color":"","header-main-rt-sticky-section-button-border-radius":"","sticky-header-color-divider":"","sticky-header-bg-color-responsive":{"desktop":"rgba(255,255,255,1)","tablet":"","mobile":""},"sticky-header-color-site-title-responsive":{"desktop":"","tablet":"","mobile":""},"sticky-header-color-h-site-title-responsive":{"desktop":"","tablet":"","mobile":""},"sticky-header-color-site-tagline-responsive":{"desktop":"","tablet":"","mobile":""},"sticky-header-menu-color-divider":"","sticky-header-menu-bg-color-responsive":{"desktop":"","tablet":"","mobile":""},"sticky-header-menu-color-responsive":{"desktop":"#444444","tablet":"","mobile":""},"sticky-header-menu-h-color-responsive":{"desktop":"#8bc34a","tablet":"","mobile":""},"sticky-header-menu-h-a-bg-color-responsive":{"desktop":"","tablet":"","mobile":""},"sticky-header-submenu-color-divider":"","sticky-header-submenu-bg-color-responsive":{"desktop":"#ffffff","tablet":"","mobile":""},"sticky-header-submenu-color-responsive":{"desktop":"","tablet":"","mobile":""},"sticky-header-submenu-h-color-responsive":{"desktop":"","tablet":"","mobile":""},"sticky-header-submenu-h-a-bg-color-responsive":{"desktop":"#f7f5f2","tablet":"","mobile":""},"divider-sticky-header-content-section":"","sticky-header-content-section-text-color-responsive":{"desktop":"","tablet":"","mobile":""},"sticky-header-content-section-link-color-responsive":{"desktop":"","tablet":"","mobile":""},"sticky-header-content-section-link-h-color-responsive":{"desktop":"","tablet":"","mobile":""},"header-above-stick":0,"header-below-stick":0,"sticky-above-header-color-divider":"","sticky-above-header-bg-color-responsive":{"desktop":"rgba(255,255,255,1)","tablet":"","mobile":""},"sticky-above-header-menu-color-divider":"","sticky-above-header-menu-bg-color-responsive":{"desktop":"","tablet":"","mobile":""},"sticky-above-header-menu-color-responsive":{"desktop":"","tablet":"","mobile":""},"sticky-above-header-menu-h-color-responsive":{"desktop":"","tablet":"","mobile":""},"sticky-above-header-menu-h-a-bg-color-responsive":{"desktop":"","tablet":"","mobile":""},"sticky-above-header-submenu-color-divider":"","sticky-above-header-submenu-bg-color-responsive":{"desktop":"","tablet":"","mobile":""},"sticky-above-header-submenu-color-responsive":{"desktop":"","tablet":"","mobile":""},"sticky-above-header-submenu-h-color-responsive":{"desktop":"","tablet":"","mobile":""},"sticky-above-header-submenu-h-a-bg-color-responsive":{"desktop":"","tablet":"","mobile":""},"divider-sticky-above-header-content-section":"","sticky-above-header-content-section-text-color-responsive":{"desktop":"","tablet":"","mobile":""},"sticky-above-header-content-section-link-color-responsive":{"desktop":"","tablet":"","mobile":""},"sticky-above-header-content-section-link-h-color-responsive":{"desktop":"","tablet":"","mobile":""},"sticky-below-header-color-divider":"","sticky-below-header-bg-color-responsive":{"desktop":"rgba(65,64,66,1)","tablet":"","mobile":""},"sticky-below-header-menu-color-divider":"","sticky-below-header-menu-bg-color-responsive":{"desktop":"","tablet":"","mobile":""},"sticky-below-header-menu-color-responsive":{"desktop":"#ffffff","tablet":"","mobile":""},"sticky-below-header-menu-h-color-responsive":{"desktop":"#ffffff","tablet":"","mobile":""},"sticky-below-header-menu-h-a-bg-color-responsive":{"desktop":"#575757","tablet":"","mobile":""},"sticky-below-header-submenu-color-divider":"","sticky-below-header-submenu-bg-color-responsive":{"desktop":"","tablet":"","mobile":""},"sticky-below-header-submenu-color-responsive":{"desktop":"","tablet":"","mobile":""},"sticky-below-header-submenu-h-color-responsive":{"desktop":"","tablet":"","mobile":""},"sticky-below-header-submenu-h-a-bg-color-responsive":{"desktop":"","tablet":"","mobile":""},"divider-sticky-below-header-content-section":"","sticky-below-header-content-section-text-color-responsive":{"desktop":"","tablet":"","mobile":""},"sticky-below-header-content-section-link-color-responsive":{"desktop":"","tablet":"","mobile":""},"sticky-below-header-content-section-link-h-color-responsive":{"desktop":"","tablet":"","mobile":""},"divider-section-archive-typo-post-meta":"","divider-section-archive-typo-pagination":"","divider-section-primary-menu-typo-main":"","divider-section-primary-menu-typo-dropdown":"","divider-section-outside-menu-typo-dropdown":"","divider-section-sidebar-typo-title":"","divider-section-sidebar-typo-content":"","header-cart-icon-divider":"","shop-box-styling":"","shop-button-divider":"","shop-pagination-divider":"","shop-meta-divider":"","shop-filters-off-canvas-divider":"","shop-quick-view-divider":"","single-product-meta-divider":"","single-product-tabs-divider":"","single-product-related-upsell-divider":"","checkout-distraction-free":"","typo-product-title-divider":"","typo-product-single-price-divider":"","typo-product-breadcrumb-divider":"","typo-product-content-divider":"","typo-shop-product-title-divider":"","typo-product-shop-price-divider":"","typo-product-shop-content-divider":"","primary-header-megamenu-heading-colors-divider":"","primary-header-megamenu-heading-color":"","primary-header-megamenu-heading-h-color":"","sticky-primary-header-megamenu-heading-colors-divider":"","sticky-primary-header-megamenu-heading-color":"","sticky-primary-header-megamenu-heading-h-color":"","primary-header-megamenu-heading-space":{"desktop":{"top":"","right":"","bottom":"","left":""},"tablet":{"top":"","right":"","bottom":"","left":""},"mobile":{"top":"","right":"","bottom":"","left":""},"desktop-unit":"px","tablet-unit":"px","mobile-unit":"px"},"primary-header-megamenu-heading-typo-divider":"","primary-header-megamenu-heading-font-family":"inherit","primary-header-megamenu-heading-font-weight":"700","primary-header-megamenu-heading-text-transform":"","primary-header-megamenu-heading-font-size":{"desktop":"1.1","tablet":"","mobile":"","desktop-unit":"em","tablet-unit":"px","mobile-unit":"px"},"above-header-megamenu-heading-colors-divider":"","above-header-megamenu-heading-color":"","above-header-megamenu-heading-h-color":"","sticky-above-header-megamenu-heading-colors-divider":"","sticky-above-header-megamenu-heading-color":"","sticky-above-header-megamenu-heading-h-color":"","above-header-megamenu-heading-space":{"desktop":{"top":"","right":"","bottom":"","left":""},"tablet":{"top":"","right":"","bottom":"","left":""},"mobile":{"top":"","right":"","bottom":"","left":""},"desktop-unit":"px","tablet-unit":"px","mobile-unit":"px"},"above-header-megamenu-heading-typo-divider":"","above-header-megamenu-heading-font-family":"inherit","above-header-megamenu-heading-font-weight":"500","above-header-megamenu-heading-text-transform":"","above-header-megamenu-heading-font-size":{"desktop":"1.1","tablet":"","mobile":"","desktop-unit":"em","tablet-unit":"px","mobile-unit":"px"},"below-header-megamenu-heading-colors-divider":"","below-header-megamenu-heading-color":"","below-header-megamenu-heading-h-color":"","sticky-below-header-megamenu-heading-colors-divider":"","sticky-below-header-megamenu-heading-color":"","sticky-below-header-megamenu-heading-h-color":"","below-header-megamenu-heading-space":{"desktop":{"top":"","right":"","bottom":"","left":""},"tablet":{"top":"","right":"","bottom":"","left":""},"mobile":{"top":"","right":"","bottom":"","left":""},"desktop-unit":"px","tablet-unit":"px","mobile-unit":"px"},"below-header-megamenu-heading-typo-divider":"","below-header-megamenu-heading-font-family":"inherit","below-header-megamenu-heading-font-weight":"500","below-header-megamenu-heading-text-transform":"","below-header-megamenu-heading-font-size":{"desktop":"1.1","tablet":"","mobile":"","desktop-unit":"em","tablet-unit":"px","mobile-unit":"px"},"header-custom-layout-above-header":"","header-custom-layout-below-header":"","header-custom-layout-header":"","header-custom-layout-sticky-header":"","header-custom-layout-transparent-header":"","header-custom-color-above-header":"","header-custom-color-primary-header":"","header-custom-color-below-header":"","header-custom-color-transparent-header":"","header-custom-typo-above-header":"","header-custom-typo-primary-header":"","header-custom-typo-below-header":"","header-custom-title_tagline":"","header-color-transparent-above-header-notice":"","header-color-transparent-header-notice":"","header-color-transparent-below-header-notice":"","_astra_pb_compatibility_completed":true,"is_theme_queue_running":false,"submenu-open-below-header":false,"is_addon_queue_running":false,"is_astra_addon_queue_running":false},"custom-css":""},"astra-site-options-data":{"woocommerce_product_attributes":[],"woocommerce_product_cat_list":{"20":{"term_id":20,"name":"Uncategorized","slug":"uncategorized","description":""},"35":{"term_id":35,"name":"Bonsai","slug":"bonsai","description":""},"36":{"term_id":36,"name":"Cactus","slug":"cactus","description":""},"37":{"term_id":37,"name":"Indoor Plants","slug":"indoor-plants","description":""},"38":{"term_id":38,"name":"Succulent","slug":"succulent","description":""}},"woocommerce_product_cat":[{"slug":"uncategorized","thumbnail_id":"","thumbnail_src":""},{"slug":"bonsai","thumbnail_id":"","thumbnail_src":""},{"slug":"cactus","thumbnail_id":"","thumbnail_src":""},{"slug":"indoor-plants","thumbnail_id":"","thumbnail_src":""},{"slug":"succulent","thumbnail_id":"","thumbnail_src":""}],"custom_logo":"https:\/\/websitedemos.net\/plant-shop-06\/wp-content\/uploads\/sites\/377\/2018\/11\/growlogo02-free-img-1-1.png","nav_menu_locations":{"primary":"primary-menu","footer_menu":"primary-menu"},"show_on_front":"page","page_on_front":"Home","page_for_posts":"","_fl_builder_enabled_icons":null,"_fl_builder_enabled_modules":null,"_fl_builder_post_types":null,"_fl_builder_color_presets":null,"_fl_builder_services":null,"_fl_builder_settings":null,"_fl_builder_user_access":null,"_fl_builder_enabled_templates":null,"elementor_container_width":null,"elementor_cpt_support":null,"elementor_css_print_method":null,"elementor_default_generic_fonts":null,"elementor_disable_color_schemes":null,"elementor_disable_typography_schemes":null,"elementor_editor_break_lines":null,"elementor_exclude_user_roles":null,"elementor_global_image_lightbox":null,"elementor_page_title_selector":null,"elementor_scheme_color":null,"elementor_scheme_color-picker]":null,"elementor_scheme_typography":null,"elementor_space_between_widgets":null,"elementor_stretched_section_container":null,"elementor_load_fa4_shim":null,"woocommerce_shop_page_title":"Shop","woocommerce_cart_page_title":"Cart","woocommerce_checkout_page_title":"Checkout","woocommerce_myaccount_page_title":"My account","woocommerce_edit_address_page_title":"","woocommerce_view_order_page_title":"","woocommerce_change_password_page_title":"","woocommerce_logout_page_title":"","woocommerce_enable_guest_checkout":"yes","woocommerce_enable_checkout_login_reminder":"no","woocommerce_enable_signup_and_login_from_checkout":"no","woocommerce_enable_myaccount_registration":"no","woocommerce_registration_generate_username":"yes","wpforms_settings":null,"learndash_settings_theme_ld30":null,"learndash_settings_courses_themes":null},"astra-site-wxr-path":"https:\/\/websitedemos.net\/wp-content\/uploads\/astra-sites\/377\/wxr.xml","astra-site-give-path":"","astra-enabled-extensions":{"advanced-hooks":"advanced-hooks","blog-pro":"","colors-and-background":"colors-and-background","advanced-footer":"","mobile-header":"","header-sections":"","lifterlms":"lifterlms","learndash":"learndash","advanced-headers":"advanced-headers","site-layouts":"site-layouts","spacing":"","sticky-header":"","scroll-to-top":"scroll-to-top","transparent-header":"transparent-header","typography":"typography","woocommerce":"woocommerce","edd":"edd","nav-menu":""},"astra-custom-404":"","featured-image-url":"https:\/\/websitedemos.net\/wp-content\/uploads\/2019\/07\/plant-shop-04-home.jpg","astra-woocommerce-csv-path":"https:\/\/websitedemos.net\/wp-content\/uploads\/astra-sites\/377\/woocommerce.csv","astra-post-data-mapping":{"astra-advanced-hook":[{"post_id":188,"post_title":"Product headers","mapping":{"ast-advanced-hook-location":""}},{"post_id":187,"post_title":"Footer","mapping":{"ast-advanced-hook-location":{"rule":["basic-global"],"specific":[]}}}],"astra_adv_header":[{"post_id":189,"post_title":"Product headers","mapping":{"ast-advanced-headers-design":{"menus":[],"images":[{"key_map":{"url":"logo-url","id":"logo-id"},"image":{"url":"","id":""}},{"key_map":{"url":"retina-logo-url","id":"retina-logo-id"},"image":{"url":"","id":""}},{"key_map":{"url":"bg-image","id":"bg-image-id"},"image":{"url":"http:\/\/test.themefuse.com\/wpastra\/pro-plant-shop\/wp-content\/uploads\/2018\/01\/pic39-free-img.jpg","id":"190"}}]},"ast-advanced-headers-location":{"rule":["product|all|archive"],"specific":[]},"ast-advanced-headers-exclusion":""}}],"give_forms":[]},"astra-site-wpforms-path":"https:\/\/websitedemos.net\/wp-content\/uploads\/astra-sites\/377\/wpforms.json","astra-site-cartflows-path":"","astra-site-taxonomy-mapping":"","astra-site-parent-id":1413,"license-status":"valid","request_time":0.12540197372437,"_links":{"self":[{"href":"https:\/\/websitedemos.net\/wp-json\/wp\/v2\/astra-sites\/43398"}],"collection":[{"href":"https:\/\/websitedemos.net\/wp-json\/wp\/v2\/astra-sites"}],"about":[{"href":"https:\/\/websitedemos.net\/wp-json\/wp\/v2\/types\/astra-sites"}],"author":[{"embeddable":true,"href":"https:\/\/websitedemos.net\/wp-json\/wp\/v2\/users\/34"}],"version-history":[{"count":1,"href":"https:\/\/websitedemos.net\/wp-json\/wp\/v2\/astra-sites\/43398\/revisions"}],"predecessor-version":[{"id":43401,"href":"https:\/\/websitedemos.net\/wp-json\/wp\/v2\/astra-sites\/43398\/revisions\/43401"}],"wp:featuredmedia":[{"embeddable":true,"href":"https:\/\/websitedemos.net\/wp-json\/wp\/v2\/media\/34349"}],"wp:attachment":[{"href":"https:\/\/websitedemos.net\/wp-json\/wp\/v2\/media?parent=43398"}],"wp:term":[{"taxonomy":"astra-site-category","embeddable":true,"href":"https:\/\/websitedemos.net\/wp-json\/wp\/v2\/astra-site-category?post=43398"},{"taxonomy":"astra-sites-type","embeddable":true,"href":"https:\/\/websitedemos.net\/wp-json\/wp\/v2\/astra-sites-type?post=43398"},{"taxonomy":"astra-site-page-builder","embeddable":true,"href":"https:\/\/websitedemos.net\/wp-json\/wp\/v2\/astra-site-page-builder?post=43398"},{"taxonomy":"astra-sites-tag","embeddable":true,"href":"https:\/\/websitedemos.net\/wp-json\/wp\/v2\/astra-sites-tag?post=43398"}],"curies":[{"name":"wp","href":"https:\/\/api.w.org\/{rel}","templated":true}]}}