{"id-37726":{"title":"Services 1W","featured-image-url":"https:\/\/websitedemos.net\/wp-content\/uploads\/2020\/01\/services-1w-2020.jpg","thumbnail-image-url":"https:\/\/websitedemos.net\/wp-content\/uploads\/2020\/01\/services-1w-2020-600x600.jpg","url":"https:\/\/websitedemos.net\/astra-blocks\/services-1w\/","tag":{"953":"services"},"category":952,"filter":"light"},"id-37739":{"title":"Services 1B","featured-image-url":"https:\/\/websitedemos.net\/wp-content\/uploads\/2020\/01\/services-1b-2020.jpg","thumbnail-image-url":"https:\/\/websitedemos.net\/wp-content\/uploads\/2020\/01\/services-1b-2020-600x600.jpg","url":"https:\/\/websitedemos.net\/astra-blocks\/services-1b\/","tag":{"953":"services"},"category":952,"filter":"dark"},"id-37721":{"title":"Features 4B","featured-image-url":"https:\/\/websitedemos.net\/wp-content\/uploads\/2020\/01\/features-4b.jpg","thumbnail-image-url":"https:\/\/websitedemos.net\/wp-content\/uploads\/2020\/01\/features-4b-600x500.jpg","url":"https:\/\/websitedemos.net\/astra-blocks\/features-4b\/","tag":{"920":"features"},"category":919,"filter":"dark"},"id-37717":{"title":"Features 4W","featured-image-url":"https:\/\/websitedemos.net\/wp-content\/uploads\/2020\/01\/features-4w-2020.jpg","thumbnail-image-url":"https:\/\/websitedemos.net\/wp-content\/uploads\/2020\/01\/features-4w-2020-600x500.jpg","url":"https:\/\/websitedemos.net\/astra-blocks\/features-4w\/","tag":{"920":"features"},"category":919,"filter":"light"},"id-37704":{"title":"Features 3W","featured-image-url":"https:\/\/websitedemos.net\/wp-content\/uploads\/2020\/01\/features-3w-2020.jpg","thumbnail-image-url":"https:\/\/websitedemos.net\/wp-content\/uploads\/2020\/01\/features-3w-2020-600x630.jpg","url":"https:\/\/websitedemos.net\/astra-blocks\/features-3w\/","tag":{"920":"features"},"category":919,"filter":"light"},"id-37705":{"title":"Features 3B","featured-image-url":"https:\/\/websitedemos.net\/wp-content\/uploads\/2020\/01\/features-3b-2020.jpg","thumbnail-image-url":"https:\/\/websitedemos.net\/wp-content\/uploads\/2020\/01\/features-3b-2020-600x630.jpg","url":"https:\/\/websitedemos.net\/astra-blocks\/features-3b\/","tag":{"920":"features"},"category":919,"filter":"dark"},"id-37697":{"title":"Features 2B","featured-image-url":"https:\/\/websitedemos.net\/wp-content\/uploads\/2020\/01\/features-2b-2020.jpg","thumbnail-image-url":"https:\/\/websitedemos.net\/wp-content\/uploads\/2020\/01\/features-2b-2020-600x630.jpg","url":"https:\/\/websitedemos.net\/astra-blocks\/features-2b\/","tag":{"920":"features"},"category":919,"filter":"dark"},"id-37695":{"title":"Features 2W","featured-image-url":"https:\/\/websitedemos.net\/wp-content\/uploads\/2020\/01\/features-2w-2020.jpg","thumbnail-image-url":"https:\/\/websitedemos.net\/wp-content\/uploads\/2020\/01\/features-2w-2020-600x630.jpg","url":"https:\/\/websitedemos.net\/astra-blocks\/features-2w\/","tag":{"920":"features"},"category":919,"filter":"light"},"id-37688":{"title":"Features 1B","featured-image-url":"https:\/\/websitedemos.net\/wp-content\/uploads\/2020\/01\/feature-1b-2020.jpg","thumbnail-image-url":"https:\/\/websitedemos.net\/wp-content\/uploads\/2020\/01\/feature-1b-2020-600x600.jpg","url":"https:\/\/websitedemos.net\/astra-blocks\/features-1b\/","tag":{"920":"features"},"category":919,"filter":"dark"},"id-37686":{"title":"Features 1W","featured-image-url":"https:\/\/websitedemos.net\/wp-content\/uploads\/2020\/01\/feature-1w-2020.jpg","thumbnail-image-url":"https:\/\/websitedemos.net\/wp-content\/uploads\/2020\/01\/feature-1w-2020-600x600.jpg","url":"https:\/\/websitedemos.net\/astra-blocks\/features-1w\/","tag":{"920":"features"},"category":919,"filter":"light"},"id-37679":{"title":"Heading 6B","featured-image-url":"https:\/\/websitedemos.net\/wp-content\/uploads\/2020\/01\/heading-6b-2020.jpg","thumbnail-image-url":"https:\/\/websitedemos.net\/wp-content\/uploads\/2020\/01\/heading-6b-2020-600x344.jpg","url":"https:\/\/websitedemos.net\/astra-blocks\/heading-6b\/","tag":{"1093":"heading"},"category":1094,"filter":"dark"},"id-37678":{"title":"Heading 6W","featured-image-url":"https:\/\/websitedemos.net\/wp-content\/uploads\/2020\/01\/heading-6w-2020.jpg","thumbnail-image-url":"https:\/\/websitedemos.net\/wp-content\/uploads\/2020\/01\/heading-6w-2020-600x344.jpg","url":"https:\/\/websitedemos.net\/astra-blocks\/heading-6w\/","tag":{"1093":"heading"},"category":1094,"filter":"light"},"id-37669":{"title":"Heading 5W","featured-image-url":"https:\/\/websitedemos.net\/wp-content\/uploads\/2020\/01\/heading-5w-2020.jpg","thumbnail-image-url":"https:\/\/websitedemos.net\/wp-content\/uploads\/2020\/01\/heading-5w-2020-600x344.jpg","url":"https:\/\/websitedemos.net\/astra-blocks\/heading-5w\/","tag":{"1093":"heading"},"category":1094,"filter":"light"},"id-37670":{"title":"Heading 5B","featured-image-url":"https:\/\/websitedemos.net\/wp-content\/uploads\/2020\/01\/heading-5b-2020.jpg","thumbnail-image-url":"https:\/\/websitedemos.net\/wp-content\/uploads\/2020\/01\/heading-5b-2020-600x344.jpg","url":"https:\/\/websitedemos.net\/astra-blocks\/heading-5b\/","tag":{"1093":"heading"},"category":1094,"filter":"dark"},"id-37662":{"title":"Heading 4B","featured-image-url":"https:\/\/websitedemos.net\/wp-content\/uploads\/2020\/01\/heading-4b-2020-1.jpg","thumbnail-image-url":"https:\/\/websitedemos.net\/wp-content\/uploads\/2020\/01\/heading-4b-2020-1-600x344.jpg","url":"https:\/\/websitedemos.net\/astra-blocks\/heading-4b\/","tag":{"1093":"heading"},"category":1094,"filter":"dark"},"id-37661":{"title":"Heading 4W","featured-image-url":"https:\/\/websitedemos.net\/wp-content\/uploads\/2020\/01\/heading-4w.jpg","thumbnail-image-url":"https:\/\/websitedemos.net\/wp-content\/uploads\/2020\/01\/heading-4w-600x344.jpg","url":"https:\/\/websitedemos.net\/astra-blocks\/heading-4w\/","tag":{"1093":"heading"},"category":1094,"filter":"light"},"id-37656":{"title":"Heading 3B","featured-image-url":"https:\/\/websitedemos.net\/wp-content\/uploads\/2020\/01\/heading-3b-2020.jpg","thumbnail-image-url":"https:\/\/websitedemos.net\/wp-content\/uploads\/2020\/01\/heading-3b-2020-600x326.jpg","url":"https:\/\/websitedemos.net\/astra-blocks\/heading-3b\/","tag":{"1093":"heading"},"category":1094,"filter":"dark"},"id-37655":{"title":"Heading 3W","featured-image-url":"https:\/\/websitedemos.net\/wp-content\/uploads\/2020\/01\/heading-3w-2020.jpg","thumbnail-image-url":"https:\/\/websitedemos.net\/wp-content\/uploads\/2020\/01\/heading-3w-2020-600x326.jpg","url":"https:\/\/websitedemos.net\/astra-blocks\/heading-3w\/","tag":{"1093":"heading"},"category":1094,"filter":"light"},"id-37646":{"title":"Heading 2W","featured-image-url":"https:\/\/websitedemos.net\/wp-content\/uploads\/2020\/01\/heading-2w-2020.jpg","thumbnail-image-url":"https:\/\/websitedemos.net\/wp-content\/uploads\/2020\/01\/heading-2w-2020-600x272.jpg","url":"https:\/\/websitedemos.net\/astra-blocks\/heading-2w\/","tag":{"1093":"heading"},"category":1094,"filter":"light"},"id-37647":{"title":"Heading 2B","featured-image-url":"https:\/\/websitedemos.net\/wp-content\/uploads\/2020\/01\/heading-2b-2020.jpg","thumbnail-image-url":"https:\/\/websitedemos.net\/wp-content\/uploads\/2020\/01\/heading-2b-2020-600x272.jpg","url":"https:\/\/websitedemos.net\/astra-blocks\/heading-2b\/","tag":{"1093":"heading"},"category":1094,"filter":"dark"},"id-37642":{"title":"Heading 1B","featured-image-url":"https:\/\/websitedemos.net\/wp-content\/uploads\/2020\/01\/heading-1b-2020.jpg","thumbnail-image-url":"https:\/\/websitedemos.net\/wp-content\/uploads\/2020\/01\/heading-1b-2020-600x361.jpg","url":"https:\/\/websitedemos.net\/astra-blocks\/heading-1b\/","tag":{"1093":"heading"},"category":1094,"filter":"dark"},"id-37640":{"title":"Heading 1W","featured-image-url":"https:\/\/websitedemos.net\/wp-content\/uploads\/2020\/01\/heading-1w-2020.jpg","thumbnail-image-url":"https:\/\/websitedemos.net\/wp-content\/uploads\/2020\/01\/heading-1w-2020-600x361.jpg","url":"https:\/\/websitedemos.net\/astra-blocks\/heading-1w\/","tag":{"1093":"heading"},"category":1094,"filter":"light"},"id-37557":{"title":"Clients 6W","featured-image-url":"https:\/\/websitedemos.net\/wp-content\/uploads\/2020\/01\/clients-6w-2020.jpg","thumbnail-image-url":"https:\/\/websitedemos.net\/wp-content\/uploads\/2020\/01\/clients-6w-2020-600x378.jpg","url":"https:\/\/websitedemos.net\/astra-blocks\/clients-6w\/","tag":{"1090":"clients"},"category":1091,"filter":"light"},"id-37558":{"title":"Clients 6B","featured-image-url":"https:\/\/websitedemos.net\/wp-content\/uploads\/2020\/01\/clients-6b-2020.jpg","thumbnail-image-url":"https:\/\/websitedemos.net\/wp-content\/uploads\/2020\/01\/clients-6b-2020-600x378.jpg","url":"https:\/\/websitedemos.net\/astra-blocks\/clients-6b\/","tag":{"1090":"clients"},"category":1091,"filter":"dark"},"id-37549":{"title":"Clients 5B","featured-image-url":"https:\/\/websitedemos.net\/wp-content\/uploads\/2020\/01\/clients-5b-2020.jpg","thumbnail-image-url":"https:\/\/websitedemos.net\/wp-content\/uploads\/2020\/01\/clients-5b-2020-600x225.jpg","url":"https:\/\/websitedemos.net\/astra-blocks\/clients-5b\/","tag":{"1090":"clients"},"category":1091,"filter":"dark"},"id-37550":{"title":"Clients 5W","featured-image-url":"https:\/\/websitedemos.net\/wp-content\/uploads\/2020\/01\/clients-5w-2020.jpg","thumbnail-image-url":"https:\/\/websitedemos.net\/wp-content\/uploads\/2020\/01\/clients-5w-2020-600x225.jpg","url":"https:\/\/websitedemos.net\/astra-blocks\/clients-5w\/","tag":{"1090":"clients"},"category":1091,"filter":"light"},"id-37542":{"title":"Clients 4W","featured-image-url":"https:\/\/websitedemos.net\/wp-content\/uploads\/2020\/01\/clients-4w-2020.jpg","thumbnail-image-url":"https:\/\/websitedemos.net\/wp-content\/uploads\/2020\/01\/clients-4w-2020-600x225.jpg","url":"https:\/\/websitedemos.net\/astra-blocks\/clients-4w\/","tag":{"1090":"clients"},"category":1091,"filter":"light"},"id-37544":{"title":"Clients 4B","featured-image-url":"https:\/\/websitedemos.net\/wp-content\/uploads\/2020\/01\/clients-4b-2020.jpg","thumbnail-image-url":"https:\/\/websitedemos.net\/wp-content\/uploads\/2020\/01\/clients-4b-2020-600x225.jpg","url":"https:\/\/websitedemos.net\/astra-blocks\/clients-4b\/","tag":{"1090":"clients"},"category":1091,"filter":"dark"},"id-37537":{"title":"Clients 3B","featured-image-url":"https:\/\/websitedemos.net\/wp-content\/uploads\/2020\/01\/clients-3b.jpg","thumbnail-image-url":"https:\/\/websitedemos.net\/wp-content\/uploads\/2020\/01\/clients-3b-600x632.jpg","url":"https:\/\/websitedemos.net\/astra-blocks\/clients-3b\/","tag":{"1090":"clients"},"category":1091,"filter":"dark"},"id-37535":{"title":"Clients 3W","featured-image-url":"https:\/\/websitedemos.net\/wp-content\/uploads\/2020\/01\/clients-3w-2020.jpg","thumbnail-image-url":"https:\/\/websitedemos.net\/wp-content\/uploads\/2020\/01\/clients-3w-2020-600x600.jpg","url":"https:\/\/websitedemos.net\/astra-blocks\/clients-3w\/","tag":{"1090":"clients"},"category":1091,"filter":"light"},"id-37530":{"title":"Clients 2B","featured-image-url":"https:\/\/websitedemos.net\/wp-content\/uploads\/2020\/01\/clients-2b.jpg","thumbnail-image-url":"https:\/\/websitedemos.net\/wp-content\/uploads\/2020\/01\/clients-2b-600x329.jpg","url":"https:\/\/websitedemos.net\/astra-blocks\/clients-2b\/","tag":{"1090":"clients"},"category":1091,"filter":"dark"},"id-37529":{"title":"Clients 2W","featured-image-url":"https:\/\/websitedemos.net\/wp-content\/uploads\/2020\/01\/clients-2w.jpg","thumbnail-image-url":"https:\/\/websitedemos.net\/wp-content\/uploads\/2020\/01\/clients-2w-600x329.jpg","url":"https:\/\/websitedemos.net\/astra-blocks\/clients-2w\/","tag":{"1090":"clients"},"category":1091,"filter":"light"},"id-37524":{"title":"Clients 1B","featured-image-url":"https:\/\/websitedemos.net\/wp-content\/uploads\/2020\/01\/clients-1b.jpg","thumbnail-image-url":"https:\/\/websitedemos.net\/wp-content\/uploads\/2020\/01\/clients-1b-600x329.jpg","url":"https:\/\/websitedemos.net\/astra-blocks\/clients-1b\/","tag":{"1090":"clients"},"category":1091,"filter":"dark"},"id-37518":{"title":"Clients 1W","featured-image-url":"https:\/\/websitedemos.net\/wp-content\/uploads\/2020\/01\/clients-1w.jpg","thumbnail-image-url":"https:\/\/websitedemos.net\/wp-content\/uploads\/2020\/01\/clients-1w-600x329.jpg","url":"https:\/\/websitedemos.net\/astra-blocks\/clients-1w\/","tag":{"1090":"clients"},"category":1091,"filter":"light"},"id-37203":{"title":"Team 4B","featured-image-url":"https:\/\/websitedemos.net\/wp-content\/uploads\/2020\/01\/team-4b.jpg","thumbnail-image-url":"https:\/\/websitedemos.net\/wp-content\/uploads\/2020\/01\/team-4b-600x491.jpg","url":"https:\/\/websitedemos.net\/astra-blocks\/team-4b\/","tag":{"927":"team"},"category":829,"filter":"dark"},"id-37200":{"title":"Team 4W","featured-image-url":"https:\/\/websitedemos.net\/wp-content\/uploads\/2020\/01\/team-4w.jpg","thumbnail-image-url":"https:\/\/websitedemos.net\/wp-content\/uploads\/2020\/01\/team-4w-600x491.jpg","url":"https:\/\/websitedemos.net\/astra-blocks\/team-4w\/","tag":{"927":"team"},"category":829,"filter":"light"},"id-37197":{"title":"Team 3B","featured-image-url":"https:\/\/websitedemos.net\/wp-content\/uploads\/2020\/01\/team-3b.jpg","thumbnail-image-url":"https:\/\/websitedemos.net\/wp-content\/uploads\/2020\/01\/team-3b-600x491.jpg","url":"https:\/\/websitedemos.net\/astra-blocks\/team-3b\/","tag":{"927":"team"},"category":829,"filter":"dark"},"id-37194":{"title":"Team 3W","featured-image-url":"https:\/\/websitedemos.net\/wp-content\/uploads\/2020\/01\/team-3w.jpg","thumbnail-image-url":"https:\/\/websitedemos.net\/wp-content\/uploads\/2020\/01\/team-3w-600x491.jpg","url":"https:\/\/websitedemos.net\/astra-blocks\/team-3w\/","tag":{"927":"team"},"category":829,"filter":"light"},"id-37190":{"title":"Team 2B","featured-image-url":"https:\/\/websitedemos.net\/wp-content\/uploads\/2020\/01\/team-2b.jpg","thumbnail-image-url":"https:\/\/websitedemos.net\/wp-content\/uploads\/2020\/01\/team-2b-600x578.jpg","url":"https:\/\/websitedemos.net\/astra-blocks\/team-2b\/","tag":{"927":"team"},"category":829,"filter":"dark"},"id-37187":{"title":"Team 2W","featured-image-url":"https:\/\/websitedemos.net\/wp-content\/uploads\/2020\/01\/Team-2W.jpg","thumbnail-image-url":"https:\/\/websitedemos.net\/wp-content\/uploads\/2020\/01\/Team-2W-600x578.jpg","url":"https:\/\/websitedemos.net\/astra-blocks\/team-2w\/","tag":{"927":"team"},"category":829,"filter":"light"},"id-37184":{"title":"Team 1B","featured-image-url":"https:\/\/websitedemos.net\/wp-content\/uploads\/2020\/01\/team-1b-2020.jpg","thumbnail-image-url":"https:\/\/websitedemos.net\/wp-content\/uploads\/2020\/01\/team-1b-2020-600x600.jpg","url":"https:\/\/websitedemos.net\/astra-blocks\/team-1b\/","tag":{"927":"team"},"category":829,"filter":"dark"},"id-37153":{"title":"Team 1W","featured-image-url":"https:\/\/websitedemos.net\/wp-content\/uploads\/2020\/01\/team-1w-2020-new.jpg","thumbnail-image-url":"https:\/\/websitedemos.net\/wp-content\/uploads\/2020\/01\/team-1w-2020-new-600x600.jpg","url":"https:\/\/websitedemos.net\/astra-blocks\/team-1w\/","tag":{"927":"team"},"category":829,"filter":"light"},"id-37150":{"title":"Call To Action 6B","featured-image-url":"https:\/\/websitedemos.net\/wp-content\/uploads\/2020\/01\/call-to-action-6b.jpg","thumbnail-image-url":"https:\/\/websitedemos.net\/wp-content\/uploads\/2020\/01\/call-to-action-6b-600x445.jpg","url":"https:\/\/websitedemos.net\/astra-blocks\/call-to-action-6b\/","tag":{"819":"call-to-action"},"category":832,"filter":"dark"},"id-37147":{"title":"Call To Action 6W","featured-image-url":"https:\/\/websitedemos.net\/wp-content\/uploads\/2020\/01\/call-to-action-6w.jpg","thumbnail-image-url":"https:\/\/websitedemos.net\/wp-content\/uploads\/2020\/01\/call-to-action-6w-600x445.jpg","url":"https:\/\/websitedemos.net\/astra-blocks\/call-to-action-6w\/","tag":{"819":"call-to-action"},"category":832,"filter":"light"},"id-37136":{"title":"Call To Action 4B","featured-image-url":"https:\/\/websitedemos.net\/wp-content\/uploads\/2020\/01\/call-to-action-4b.jpg","thumbnail-image-url":"https:\/\/websitedemos.net\/wp-content\/uploads\/2020\/01\/call-to-action-4b-600x227.jpg","url":"https:\/\/websitedemos.net\/astra-blocks\/call-to-action-4b\/","tag":{"819":"call-to-action"},"category":832,"filter":"dark"},"id-37132":{"title":"Call To Action 4W","featured-image-url":"https:\/\/websitedemos.net\/wp-content\/uploads\/2020\/01\/call-to-action-4w.jpg","thumbnail-image-url":"https:\/\/websitedemos.net\/wp-content\/uploads\/2020\/01\/call-to-action-4w-600x227.jpg","url":"https:\/\/websitedemos.net\/astra-blocks\/call-to-action-4w\/","tag":{"819":"call-to-action"},"category":832,"filter":"light"},"id-37129":{"title":"Call To Action 3B","featured-image-url":"https:\/\/websitedemos.net\/wp-content\/uploads\/2020\/01\/call-to-action-3d.jpg","thumbnail-image-url":"https:\/\/websitedemos.net\/wp-content\/uploads\/2020\/01\/call-to-action-3d-600x434.jpg","url":"https:\/\/websitedemos.net\/astra-blocks\/call-to-action-3b\/","tag":{"819":"call-to-action"},"category":832,"filter":"dark"},"id-37126":{"title":"Call To Action 3W","featured-image-url":"https:\/\/websitedemos.net\/wp-content\/uploads\/2020\/01\/call-to-action-3w.jpg","thumbnail-image-url":"https:\/\/websitedemos.net\/wp-content\/uploads\/2020\/01\/call-to-action-3w-600x434.jpg","url":"https:\/\/websitedemos.net\/astra-blocks\/call-to-action-3w\/","tag":{"819":"call-to-action"},"category":832,"filter":"light"},"id-37122":{"title":"Call To Action 2B","featured-image-url":"https:\/\/websitedemos.net\/wp-content\/uploads\/2020\/01\/call-to-action-2b.jpg","thumbnail-image-url":"https:\/\/websitedemos.net\/wp-content\/uploads\/2020\/01\/call-to-action-2b-600x434.jpg","url":"https:\/\/websitedemos.net\/astra-blocks\/call-to-action-2b\/","tag":{"819":"call-to-action"},"category":832,"filter":"dark"},"id-37120":{"title":"Call To Action 2W","featured-image-url":"https:\/\/websitedemos.net\/wp-content\/uploads\/2020\/01\/call-to-action-2w.jpg","thumbnail-image-url":"https:\/\/websitedemos.net\/wp-content\/uploads\/2020\/01\/call-to-action-2w-600x434.jpg","url":"https:\/\/websitedemos.net\/astra-blocks\/call-to-action-2w\/","tag":{"819":"call-to-action"},"category":832,"filter":"light"},"id-37117":{"title":"Call To Action 1B","featured-image-url":"https:\/\/websitedemos.net\/wp-content\/uploads\/2020\/01\/call-to-action-1b.jpg","thumbnail-image-url":"https:\/\/websitedemos.net\/wp-content\/uploads\/2020\/01\/call-to-action-1b-600x294.jpg","url":"https:\/\/websitedemos.net\/astra-blocks\/call-to-action-1b\/","tag":{"819":"call-to-action"},"category":832,"filter":"dark"},"id-37114":{"title":"Call To Action 1W","featured-image-url":"https:\/\/websitedemos.net\/wp-content\/uploads\/2020\/01\/call-to-action-1w.jpg","thumbnail-image-url":"https:\/\/websitedemos.net\/wp-content\/uploads\/2020\/01\/call-to-action-1w-600x294.jpg","url":"https:\/\/websitedemos.net\/astra-blocks\/call-to-action-1w\/","tag":{"819":"call-to-action"},"category":832,"filter":"light"},"id-37111":{"title":"FAQ 4B","featured-image-url":"https:\/\/websitedemos.net\/wp-content\/uploads\/2020\/01\/faq-4b.jpg","thumbnail-image-url":"https:\/\/websitedemos.net\/wp-content\/uploads\/2020\/01\/faq-4b-600x501.jpg","url":"https:\/\/websitedemos.net\/astra-blocks\/faq-4b\/","tag":{"822":"faq","821":"frequently-asked-questions"},"category":1001,"filter":"dark"},"id-37108":{"title":"FAQ 4W","featured-image-url":"https:\/\/websitedemos.net\/wp-content\/uploads\/2020\/01\/faq-4w.jpg","thumbnail-image-url":"https:\/\/websitedemos.net\/wp-content\/uploads\/2020\/01\/faq-4w-600x501.jpg","url":"https:\/\/websitedemos.net\/astra-blocks\/faq-4w\/","tag":{"822":"faq","821":"frequently-asked-questions"},"category":1001,"filter":"light"},"id-37105":{"title":"FAQ 3B","featured-image-url":"https:\/\/websitedemos.net\/wp-content\/uploads\/2020\/01\/faq-3b.jpg","thumbnail-image-url":"https:\/\/websitedemos.net\/wp-content\/uploads\/2020\/01\/faq-3b-600x501.jpg","url":"https:\/\/websitedemos.net\/astra-blocks\/faq-3d\/","tag":{"822":"faq","821":"frequently-asked-questions"},"category":1001,"filter":"dark"},"id-37102":{"title":"FAQ 3W","featured-image-url":"https:\/\/websitedemos.net\/wp-content\/uploads\/2020\/01\/faq-3w.jpg","thumbnail-image-url":"https:\/\/websitedemos.net\/wp-content\/uploads\/2020\/01\/faq-3w-600x501.jpg","url":"https:\/\/websitedemos.net\/astra-blocks\/faq-3w\/","tag":{"822":"faq","821":"frequently-asked-questions"},"category":1001,"filter":"light"},"id-37099":{"title":"FAQ 2B","featured-image-url":"https:\/\/websitedemos.net\/wp-content\/uploads\/2020\/01\/faq-2b.jpg","thumbnail-image-url":"https:\/\/websitedemos.net\/wp-content\/uploads\/2020\/01\/faq-2b-600x501.jpg","url":"https:\/\/websitedemos.net\/astra-blocks\/faq-2b\/","tag":{"822":"faq","821":"frequently-asked-questions"},"category":1001,"filter":"dark"},"id-37096":{"title":"FAQ 2W","featured-image-url":"https:\/\/websitedemos.net\/wp-content\/uploads\/2020\/01\/faq-2w.jpg","thumbnail-image-url":"https:\/\/websitedemos.net\/wp-content\/uploads\/2020\/01\/faq-2w-600x501.jpg","url":"https:\/\/websitedemos.net\/astra-blocks\/faq-2w\/","tag":{"822":"faq","821":"frequently-asked-questions"},"category":1001,"filter":"light"},"id-37093":{"title":"FAQ 1B","featured-image-url":"https:\/\/websitedemos.net\/wp-content\/uploads\/2020\/01\/faq-1b-2.jpg","thumbnail-image-url":"https:\/\/websitedemos.net\/wp-content\/uploads\/2020\/01\/faq-1b-2-600x501.jpg","url":"https:\/\/websitedemos.net\/astra-blocks\/faq-1b\/","tag":{"822":"faq","821":"frequently-asked-questions"},"category":1001,"filter":"dark"},"id-37061":{"title":"FAQ 1W","featured-image-url":"https:\/\/websitedemos.net\/wp-content\/uploads\/2020\/01\/faq-1w.jpg","thumbnail-image-url":"https:\/\/websitedemos.net\/wp-content\/uploads\/2020\/01\/faq-1w-600x501.jpg","url":"https:\/\/websitedemos.net\/astra-blocks\/faq-1w\/","tag":{"822":"faq","821":"frequently-asked-questions"},"category":1001,"filter":"light"},"id-37057":{"title":"About 5B","featured-image-url":"https:\/\/websitedemos.net\/wp-content\/uploads\/2020\/01\/about-5b-1.jpg","thumbnail-image-url":"https:\/\/websitedemos.net\/wp-content\/uploads\/2020\/01\/about-5b-1-600x501.jpg","url":"https:\/\/websitedemos.net\/astra-blocks\/about-5b\/","tag":{"818":"about"},"category":825,"filter":"dark"},"id-37051":{"title":"About 5W","featured-image-url":"https:\/\/websitedemos.net\/wp-content\/uploads\/2020\/01\/about-5w-1.jpg","thumbnail-image-url":"https:\/\/websitedemos.net\/wp-content\/uploads\/2020\/01\/about-5w-1-600x501.jpg","url":"https:\/\/websitedemos.net\/astra-blocks\/about-5w\/","tag":{"818":"about"},"category":825,"filter":"light"},"id-37043":{"title":"About 4B","featured-image-url":"https:\/\/websitedemos.net\/wp-content\/uploads\/2020\/01\/about-4b-1.jpg","thumbnail-image-url":"https:\/\/websitedemos.net\/wp-content\/uploads\/2020\/01\/about-4b-1-600x501.jpg","url":"https:\/\/websitedemos.net\/astra-blocks\/about-4b\/","tag":{"818":"about"},"category":825,"filter":"dark"},"id-37040":{"title":"About 4W","featured-image-url":"https:\/\/websitedemos.net\/wp-content\/uploads\/2020\/01\/about-4w-1.jpg","thumbnail-image-url":"https:\/\/websitedemos.net\/wp-content\/uploads\/2020\/01\/about-4w-1-600x501.jpg","url":"https:\/\/websitedemos.net\/astra-blocks\/about-4w\/","tag":{"818":"about"},"category":825,"filter":"light"},"id-37025":{"title":"About 3B","featured-image-url":"https:\/\/websitedemos.net\/wp-content\/uploads\/2020\/01\/About-3B-1.jpg","thumbnail-image-url":"https:\/\/websitedemos.net\/wp-content\/uploads\/2020\/01\/About-3B-1-600x501.jpg","url":"https:\/\/websitedemos.net\/astra-blocks\/about-3b\/","tag":{"818":"about"},"category":825,"filter":"dark"},"id-37022":{"title":"About 3W","featured-image-url":"https:\/\/websitedemos.net\/wp-content\/uploads\/2020\/01\/About-3W-1.jpg","thumbnail-image-url":"https:\/\/websitedemos.net\/wp-content\/uploads\/2020\/01\/About-3W-1-600x501.jpg","url":"https:\/\/websitedemos.net\/astra-blocks\/about-3w\/","tag":{"818":"about"},"category":825,"filter":"light"},"id-37019":{"title":"About 2B","featured-image-url":"https:\/\/websitedemos.net\/wp-content\/uploads\/2020\/01\/About-2B-1.jpg","thumbnail-image-url":"https:\/\/websitedemos.net\/wp-content\/uploads\/2020\/01\/About-2B-1-600x576.jpg","url":"https:\/\/websitedemos.net\/astra-blocks\/about-2b\/","tag":{"818":"about"},"category":825,"filter":"dark"},"id-37015":{"title":"About 2W","featured-image-url":"https:\/\/websitedemos.net\/wp-content\/uploads\/2020\/01\/About-2W-1.jpg","thumbnail-image-url":"https:\/\/websitedemos.net\/wp-content\/uploads\/2020\/01\/About-2W-1-600x576.jpg","url":"https:\/\/websitedemos.net\/astra-blocks\/about-2w\/","tag":{"818":"about"},"category":825,"filter":"light"},"id-36983":{"title":"About 1B","featured-image-url":"https:\/\/websitedemos.net\/wp-content\/uploads\/2020\/01\/About-1B-1.jpg","thumbnail-image-url":"https:\/\/websitedemos.net\/wp-content\/uploads\/2020\/01\/About-1B-1-600x576.jpg","url":"https:\/\/websitedemos.net\/astra-blocks\/about-1b\/","tag":{"818":"about"},"category":825,"filter":"dark"},"id-36980":{"title":"About 1W","featured-image-url":"https:\/\/websitedemos.net\/wp-content\/uploads\/2020\/01\/About-1W-1.jpg","thumbnail-image-url":"https:\/\/websitedemos.net\/wp-content\/uploads\/2020\/01\/About-1W-1-600x576.jpg","url":"https:\/\/websitedemos.net\/astra-blocks\/about-1w\/","tag":{"818":"about"},"category":825,"filter":"light"},"id-36964":{"title":"Hero 4B","featured-image-url":"https:\/\/websitedemos.net\/wp-content\/uploads\/2020\/01\/hero-4b.jpg","thumbnail-image-url":"https:\/\/websitedemos.net\/wp-content\/uploads\/2020\/01\/hero-4b-600x501.jpg","url":"https:\/\/websitedemos.net\/astra-blocks\/hero-4b\/","tag":{"817":"hero"},"category":831,"filter":"dark"},"id-36961":{"title":"Hero 4W","featured-image-url":"https:\/\/websitedemos.net\/wp-content\/uploads\/2020\/01\/hero-4w.jpg","thumbnail-image-url":"https:\/\/websitedemos.net\/wp-content\/uploads\/2020\/01\/hero-4w-600x501.jpg","url":"https:\/\/websitedemos.net\/astra-blocks\/hero-4w\/","tag":{"817":"hero"},"category":831,"filter":"light"},"id-36958":{"title":"Hero 3B","featured-image-url":"https:\/\/websitedemos.net\/wp-content\/uploads\/2020\/01\/hero-3b.jpg","thumbnail-image-url":"https:\/\/websitedemos.net\/wp-content\/uploads\/2020\/01\/hero-3b-600x501.jpg","url":"https:\/\/websitedemos.net\/astra-blocks\/hero-3b\/","tag":{"817":"hero"},"category":831,"filter":"dark"},"id-36953":{"title":"Hero 2B","featured-image-url":"https:\/\/websitedemos.net\/wp-content\/uploads\/2020\/01\/hero-2b.jpg","thumbnail-image-url":"https:\/\/websitedemos.net\/wp-content\/uploads\/2020\/01\/hero-2b-600x501.jpg","url":"https:\/\/websitedemos.net\/astra-blocks\/hero-2b\/","tag":{"817":"hero"},"category":831,"filter":"dark"},"id-36942":{"title":"Hero 3W","featured-image-url":"https:\/\/websitedemos.net\/wp-content\/uploads\/2020\/01\/hero-3w.jpg","thumbnail-image-url":"https:\/\/websitedemos.net\/wp-content\/uploads\/2020\/01\/hero-3w-600x501.jpg","url":"https:\/\/websitedemos.net\/astra-blocks\/hero-3w\/","tag":{"817":"hero"},"category":831,"filter":"light"},"id-36939":{"title":"Hero 2W","featured-image-url":"https:\/\/websitedemos.net\/wp-content\/uploads\/2020\/01\/hero-2w.jpg","thumbnail-image-url":"https:\/\/websitedemos.net\/wp-content\/uploads\/2020\/01\/hero-2w-600x501.jpg","url":"https:\/\/websitedemos.net\/astra-blocks\/hero-2w\/","tag":{"817":"hero"},"category":831,"filter":"light"},"id-36936":{"title":"Hero 1B","featured-image-url":"https:\/\/websitedemos.net\/wp-content\/uploads\/2020\/01\/hero-1b-1.jpg","thumbnail-image-url":"https:\/\/websitedemos.net\/wp-content\/uploads\/2020\/01\/hero-1b-1-600x501.jpg","url":"https:\/\/websitedemos.net\/astra-blocks\/hero-1b\/","tag":{"817":"hero"},"category":831,"filter":"dark"},"id-35365":{"title":"Testimonial 10W","featured-image-url":"https:\/\/websitedemos.net\/wp-content\/uploads\/2020\/01\/testimonial-10w.jpg","thumbnail-image-url":"https:\/\/websitedemos.net\/wp-content\/uploads\/2020\/01\/testimonial-10w-600x679.jpg","url":"https:\/\/websitedemos.net\/astra-blocks\/testimonial-10w\/","tag":{"1095":"reviews","844":"testimonial"},"category":830,"filter":"light"},"id-29230":{"title":"Hero 1W","featured-image-url":"https:\/\/websitedemos.net\/wp-content\/uploads\/2019\/08\/hero-1w.jpg","thumbnail-image-url":"https:\/\/websitedemos.net\/wp-content\/uploads\/2019\/08\/hero-1w-600x501.jpg","url":"https:\/\/websitedemos.net\/astra-blocks\/hero-1w\/","tag":{"817":"hero"},"category":831,"filter":"light"},"id-28634":{"title":"Call To Action 8W","featured-image-url":"https:\/\/websitedemos.net\/wp-content\/uploads\/2020\/01\/call-to-action-11w.jpg","thumbnail-image-url":"https:\/\/websitedemos.net\/wp-content\/uploads\/2020\/01\/call-to-action-11w-600x439.jpg","url":"https:\/\/websitedemos.net\/astra-blocks\/call-to-action-8w\/","tag":{"819":"call-to-action"},"category":832,"filter":"light"},"id-28474":{"title":"About 9W","featured-image-url":"https:\/\/websitedemos.net\/wp-content\/uploads\/2020\/01\/about-9w.jpg","thumbnail-image-url":"https:\/\/websitedemos.net\/wp-content\/uploads\/2020\/01\/about-9w-600x668.jpg","url":"https:\/\/websitedemos.net\/astra-blocks\/about-9w\/","tag":{"818":"about"},"category":825,"filter":"light"}}