{"id-42862":{"title":"Heading 7W","featured-image-url":"https:\/\/websitedemos.net\/wp-content\/uploads\/2020\/01\/heading-7w.jpg","thumbnail-image-url":"https:\/\/websitedemos.net\/wp-content\/uploads\/2020\/01\/heading-7w-600x387.jpg","url":"https:\/\/websitedemos.net\/astra-blocks\/heading-7w\/","tag":{"1093":"heading"},"category":1094,"filter":"light"},"id-42848":{"title":"Features 8B","featured-image-url":"https:\/\/websitedemos.net\/wp-content\/uploads\/2020\/01\/features-8b.jpg","thumbnail-image-url":"https:\/\/websitedemos.net\/wp-content\/uploads\/2020\/01\/features-8b-600x701.jpg","url":"https:\/\/websitedemos.net\/astra-blocks\/features-8b\/","tag":{"920":"features"},"category":919,"filter":"dark"},"id-42839":{"title":"Features 8W","featured-image-url":"https:\/\/websitedemos.net\/wp-content\/uploads\/2020\/01\/features-8w.jpg","thumbnail-image-url":"https:\/\/websitedemos.net\/wp-content\/uploads\/2020\/01\/features-8w-600x701.jpg","url":"https:\/\/websitedemos.net\/astra-blocks\/features-8w\/","tag":{"920":"features"},"category":919,"filter":"light"},"id-42723":{"title":"About 8B","featured-image-url":"https:\/\/websitedemos.net\/wp-content\/uploads\/2020\/01\/about-8b.jpg","thumbnail-image-url":"https:\/\/websitedemos.net\/wp-content\/uploads\/2020\/01\/about-8b-600x491.jpg","url":"https:\/\/websitedemos.net\/astra-blocks\/about-8b\/","tag":{"818":"about"},"category":825,"filter":"dark"},"id-42709":{"title":"About 8W","featured-image-url":"https:\/\/websitedemos.net\/wp-content\/uploads\/2020\/01\/about-8w.jpg","thumbnail-image-url":"https:\/\/websitedemos.net\/wp-content\/uploads\/2020\/01\/about-8w-600x491.jpg","url":"https:\/\/websitedemos.net\/astra-blocks\/about-8w\/","tag":{"818":"about"},"category":825,"filter":"light"},"id-42394":{"title":"FAQ 8B","featured-image-url":"https:\/\/websitedemos.net\/wp-content\/uploads\/2020\/01\/faq-8b.jpg","thumbnail-image-url":"https:\/\/websitedemos.net\/wp-content\/uploads\/2020\/01\/faq-8b-600x800.jpg","url":"https:\/\/websitedemos.net\/astra-blocks\/faq-8b\/","tag":{"822":"faq","821":"frequently-asked-questions"},"category":1001,"filter":"dark"},"id-42393":{"title":"FAQ 8W","featured-image-url":"https:\/\/websitedemos.net\/wp-content\/uploads\/2020\/01\/faq-8w.jpg","thumbnail-image-url":"https:\/\/websitedemos.net\/wp-content\/uploads\/2020\/01\/faq-8w-600x800.jpg","url":"https:\/\/websitedemos.net\/astra-blocks\/faq-8w\/","tag":{"822":"faq","821":"frequently-asked-questions"},"category":1001,"filter":"light"},"id-42392":{"title":"FAQ 7B","featured-image-url":"https:\/\/websitedemos.net\/wp-content\/uploads\/2020\/01\/faq-7b.jpg","thumbnail-image-url":"https:\/\/websitedemos.net\/wp-content\/uploads\/2020\/01\/faq-7b-600x800.jpg","url":"https:\/\/websitedemos.net\/astra-blocks\/faq-7b\/","tag":{"822":"faq","821":"frequently-asked-questions"},"category":1001,"filter":"dark"},"id-42319":{"title":"FAQ 7W","featured-image-url":"https:\/\/websitedemos.net\/wp-content\/uploads\/2020\/01\/faq-7w.jpg","thumbnail-image-url":"https:\/\/websitedemos.net\/wp-content\/uploads\/2020\/01\/faq-7w-600x800.jpg","url":"https:\/\/websitedemos.net\/astra-blocks\/faq-7w\/","tag":{"822":"faq","821":"frequently-asked-questions"},"category":1001,"filter":"light"},"id-42310":{"title":"Statistics 9B","featured-image-url":"https:\/\/websitedemos.net\/wp-content\/uploads\/2020\/01\/statistics-9b.jpg","thumbnail-image-url":"https:\/\/websitedemos.net\/wp-content\/uploads\/2020\/01\/statistics-9b-600x548.jpg","url":"https:\/\/websitedemos.net\/astra-blocks\/statistics-9b\/","tag":{"924":"statistics","921":"stats"},"category":1096,"filter":"dark"},"id-42307":{"title":"Statistics 9W","featured-image-url":"https:\/\/websitedemos.net\/wp-content\/uploads\/2020\/01\/statistics-9w.jpg","thumbnail-image-url":"https:\/\/websitedemos.net\/wp-content\/uploads\/2020\/01\/statistics-9w-600x533.jpg","url":"https:\/\/websitedemos.net\/astra-blocks\/statistics-9w\/","tag":{"924":"statistics","921":"stats"},"category":1096,"filter":"light"},"id-42304":{"title":"Statistics 8B","featured-image-url":"https:\/\/websitedemos.net\/wp-content\/uploads\/2020\/01\/statistics-8b.jpg","thumbnail-image-url":"https:\/\/websitedemos.net\/wp-content\/uploads\/2020\/01\/statistics-8b-600x181.jpg","url":"https:\/\/websitedemos.net\/astra-blocks\/statistics-8b\/","tag":{"924":"statistics","921":"stats"},"category":1096,"filter":"dark"},"id-42298":{"title":"Statistics 8W","featured-image-url":"https:\/\/websitedemos.net\/wp-content\/uploads\/2020\/01\/statistics-8w.jpg","thumbnail-image-url":"https:\/\/websitedemos.net\/wp-content\/uploads\/2020\/01\/statistics-8w-600x181.jpg","url":"https:\/\/websitedemos.net\/astra-blocks\/statistics-8w\/","tag":{"924":"statistics","921":"stats"},"category":1096,"filter":"light"},"id-42295":{"title":"Statistics 7B","featured-image-url":"https:\/\/websitedemos.net\/wp-content\/uploads\/2020\/01\/statistics-7b.jpg","thumbnail-image-url":"https:\/\/websitedemos.net\/wp-content\/uploads\/2020\/01\/statistics-7b-600x419.jpg","url":"https:\/\/websitedemos.net\/astra-blocks\/statistics-7b\/","tag":{"924":"statistics","921":"stats"},"category":1096,"filter":"dark"},"id-42292":{"title":"Statistics 7W","featured-image-url":"https:\/\/websitedemos.net\/wp-content\/uploads\/2020\/01\/statistics-7w.jpg","thumbnail-image-url":"https:\/\/websitedemos.net\/wp-content\/uploads\/2020\/01\/statistics-7w-600x419.jpg","url":"https:\/\/websitedemos.net\/astra-blocks\/statistics-7w\/","tag":{"924":"statistics","921":"stats"},"category":1096,"filter":"light"},"id-42280":{"title":"Statistics 6B","featured-image-url":"https:\/\/websitedemos.net\/wp-content\/uploads\/2020\/01\/statistics-6b.jpg","thumbnail-image-url":"https:\/\/websitedemos.net\/wp-content\/uploads\/2020\/01\/statistics-6b-600x158.jpg","url":"https:\/\/websitedemos.net\/astra-blocks\/statistics-6b\/","tag":{"924":"statistics","921":"stats"},"category":1096,"filter":"dark"},"id-42259":{"title":"Statistics 5B","featured-image-url":"https:\/\/websitedemos.net\/wp-content\/uploads\/2020\/01\/statistics-5d.jpg","thumbnail-image-url":"https:\/\/websitedemos.net\/wp-content\/uploads\/2020\/01\/statistics-5d-600x463.jpg","url":"https:\/\/websitedemos.net\/astra-blocks\/statistics-5b\/","tag":{"924":"statistics","921":"stats"},"category":1096,"filter":"dark"},"id-42229":{"title":"Services 8B","featured-image-url":"https:\/\/websitedemos.net\/wp-content\/uploads\/2020\/01\/services-8b.jpg","thumbnail-image-url":"https:\/\/websitedemos.net\/wp-content\/uploads\/2020\/01\/services-8b-600x691.jpg","url":"https:\/\/websitedemos.net\/astra-blocks\/services-8b\/","tag":{"953":"services"},"category":952,"filter":"dark"},"id-42251":{"title":"Statistics 5W","featured-image-url":"https:\/\/websitedemos.net\/wp-content\/uploads\/2020\/01\/statistics-5w.jpg","thumbnail-image-url":"https:\/\/websitedemos.net\/wp-content\/uploads\/2020\/01\/statistics-5w-600x463.jpg","url":"https:\/\/websitedemos.net\/astra-blocks\/statistics-5w\/","tag":{"924":"statistics","921":"stats"},"category":1096,"filter":"light"},"id-42243":{"title":"Statistics 6W","featured-image-url":"https:\/\/websitedemos.net\/wp-content\/uploads\/2020\/01\/statistics-6w.jpg","thumbnail-image-url":"https:\/\/websitedemos.net\/wp-content\/uploads\/2020\/01\/statistics-6w-600x158.jpg","url":"https:\/\/websitedemos.net\/astra-blocks\/statistics-6w\/","tag":{"924":"statistics","921":"stats"},"category":1096,"filter":"light"},"id-42228":{"title":"Services 7B","featured-image-url":"https:\/\/websitedemos.net\/wp-content\/uploads\/2020\/01\/services-7b.jpg","thumbnail-image-url":"https:\/\/websitedemos.net\/wp-content\/uploads\/2020\/01\/services-7b-600x736.jpg","url":"https:\/\/websitedemos.net\/astra-blocks\/services-7b\/","tag":{"953":"services"},"category":952,"filter":"dark"},"id-42231":{"title":"Services 9B","featured-image-url":"https:\/\/websitedemos.net\/wp-content\/uploads\/2020\/01\/services-9b.jpg","thumbnail-image-url":"https:\/\/websitedemos.net\/wp-content\/uploads\/2020\/01\/services-9b-600x800.jpg","url":"https:\/\/websitedemos.net\/astra-blocks\/services-9b\/","tag":{"953":"services"},"category":952,"filter":"dark"},"id-42232":{"title":"Services 10B","featured-image-url":"https:\/\/websitedemos.net\/wp-content\/uploads\/2020\/01\/services-10b.jpg","thumbnail-image-url":"https:\/\/websitedemos.net\/wp-content\/uploads\/2020\/01\/services-10b-600x563.jpg","url":"https:\/\/websitedemos.net\/astra-blocks\/services-10b\/","tag":{"953":"services"},"category":952,"filter":"dark"},"id-42236":{"title":"Statistics 4B","featured-image-url":"https:\/\/websitedemos.net\/wp-content\/uploads\/2020\/01\/statistics-4b.jpg","thumbnail-image-url":"https:\/\/websitedemos.net\/wp-content\/uploads\/2020\/01\/statistics-4b-600x274.jpg","url":"https:\/\/websitedemos.net\/astra-blocks\/statistics-4b\/","tag":{"924":"statistics","921":"stats"},"category":1096,"filter":"dark"},"id-42227":{"title":"Services 6B","featured-image-url":"https:\/\/websitedemos.net\/wp-content\/uploads\/2020\/01\/services-6b.jpg","thumbnail-image-url":"https:\/\/websitedemos.net\/wp-content\/uploads\/2020\/01\/services-6b-600x654.jpg","url":"https:\/\/websitedemos.net\/astra-blocks\/services-6b\/","tag":{"953":"services"},"category":952,"filter":"dark"},"id-42219":{"title":"Statistics 4W","featured-image-url":"https:\/\/websitedemos.net\/wp-content\/uploads\/2020\/01\/statistics-4w.jpg","thumbnail-image-url":"https:\/\/websitedemos.net\/wp-content\/uploads\/2020\/01\/statistics-4w-600x274.jpg","url":"https:\/\/websitedemos.net\/astra-blocks\/statistics-4w\/","tag":{"924":"statistics","921":"stats"},"category":1096,"filter":"light"},"id-42214":{"title":"Statistics 3B","featured-image-url":"https:\/\/websitedemos.net\/wp-content\/uploads\/2020\/01\/statistics-3b.jpg","thumbnail-image-url":"https:\/\/websitedemos.net\/wp-content\/uploads\/2020\/01\/statistics-3b-600x349.jpg","url":"https:\/\/websitedemos.net\/astra-blocks\/statistics-3b\/","tag":{"924":"statistics","921":"stats"},"category":1096,"filter":"dark"},"id-42193":{"title":"Statistics 3W","featured-image-url":"https:\/\/websitedemos.net\/wp-content\/uploads\/2020\/01\/statistics-3w.jpg","thumbnail-image-url":"https:\/\/websitedemos.net\/wp-content\/uploads\/2020\/01\/statistics-3w-600x349.jpg","url":"https:\/\/websitedemos.net\/astra-blocks\/statistics-3w\/","tag":{"924":"statistics","921":"stats"},"category":1096,"filter":"light"},"id-41939":{"title":"Features 7B","featured-image-url":"https:\/\/websitedemos.net\/wp-content\/uploads\/2020\/01\/features-7b.jpg","thumbnail-image-url":"https:\/\/websitedemos.net\/wp-content\/uploads\/2020\/01\/features-7b-600x566.jpg","url":"https:\/\/websitedemos.net\/astra-blocks\/features-7b\/","tag":{"920":"features"},"category":919,"filter":"dark"},"id-41938":{"title":"Features 6B","featured-image-url":"https:\/\/websitedemos.net\/wp-content\/uploads\/2020\/01\/features-6b.jpg","thumbnail-image-url":"https:\/\/websitedemos.net\/wp-content\/uploads\/2020\/01\/features-6b-600x590.jpg","url":"https:\/\/websitedemos.net\/astra-blocks\/features-6b\/","tag":{"920":"features"},"category":919,"filter":"dark"},"id-41937":{"title":"Features 5B","featured-image-url":"https:\/\/websitedemos.net\/wp-content\/uploads\/2020\/01\/features-5b.jpg","thumbnail-image-url":"https:\/\/websitedemos.net\/wp-content\/uploads\/2020\/01\/features-5b-600x459.jpg","url":"https:\/\/websitedemos.net\/astra-blocks\/features-5b\/","tag":{"920":"features"},"category":919,"filter":"dark"},"id-42169":{"title":"Statistics 2B","featured-image-url":"https:\/\/websitedemos.net\/wp-content\/uploads\/2020\/01\/statistics-2b.jpg","thumbnail-image-url":"https:\/\/websitedemos.net\/wp-content\/uploads\/2020\/01\/statistics-2b-600x430.jpg","url":"https:\/\/websitedemos.net\/astra-blocks\/statistics-2b\/","tag":{"924":"statistics","921":"stats"},"category":1096,"filter":"dark"},"id-42166":{"title":"Statistics 2W","featured-image-url":"https:\/\/websitedemos.net\/wp-content\/uploads\/2020\/01\/statistics-2w.jpg","thumbnail-image-url":"https:\/\/websitedemos.net\/wp-content\/uploads\/2020\/01\/statistics-2w-600x430.jpg","url":"https:\/\/websitedemos.net\/astra-blocks\/statistics-2w\/","tag":{"924":"statistics","921":"stats"},"category":1096,"filter":"light"},"id-42163":{"title":"Statistics 1B","featured-image-url":"https:\/\/websitedemos.net\/wp-content\/uploads\/2020\/01\/statistics-1b.jpg","thumbnail-image-url":"https:\/\/websitedemos.net\/wp-content\/uploads\/2020\/01\/statistics-1b-600x226.jpg","url":"https:\/\/websitedemos.net\/astra-blocks\/statistics-1b\/","tag":{"924":"statistics","921":"stats"},"category":1096,"filter":"dark"},"id-42160":{"title":"Statistics 1W","featured-image-url":"https:\/\/websitedemos.net\/wp-content\/uploads\/2020\/01\/statistics-1w.jpg","thumbnail-image-url":"https:\/\/websitedemos.net\/wp-content\/uploads\/2020\/01\/statistics-1w-600x226.jpg","url":"https:\/\/websitedemos.net\/astra-blocks\/statistics-1w\/","tag":{"924":"statistics","921":"stats"},"category":1096,"filter":"light"},"id-41763":{"title":"Hero 7B","featured-image-url":"https:\/\/websitedemos.net\/wp-content\/uploads\/2020\/01\/hero-7b-1.jpg","thumbnail-image-url":"https:\/\/websitedemos.net\/wp-content\/uploads\/2020\/01\/hero-7b-1-600x732.jpg","url":"https:\/\/websitedemos.net\/astra-blocks\/hero-7b\/","tag":{"817":"hero"},"category":831,"filter":"dark"},"id-41764":{"title":"Hero 9B","featured-image-url":"https:\/\/websitedemos.net\/wp-content\/uploads\/2020\/01\/hero-9b.jpg","thumbnail-image-url":"https:\/\/websitedemos.net\/wp-content\/uploads\/2020\/01\/hero-9b-600x570.jpg","url":"https:\/\/websitedemos.net\/astra-blocks\/hero-9b\/","tag":{"817":"hero"},"category":831,"filter":""},"id-41621":{"title":"Hero 10B","featured-image-url":"https:\/\/websitedemos.net\/wp-content\/uploads\/2020\/01\/hero-10b.jpg","thumbnail-image-url":"https:\/\/websitedemos.net\/wp-content\/uploads\/2020\/01\/hero-10b-600x695.jpg","url":"https:\/\/websitedemos.net\/astra-blocks\/hero-10b\/","tag":{"817":"hero"},"category":831,"filter":"dark"},"id-41080":{"title":"Hero 10W","featured-image-url":"https:\/\/websitedemos.net\/wp-content\/uploads\/2020\/01\/hero-10w.jpg","thumbnail-image-url":"https:\/\/websitedemos.net\/wp-content\/uploads\/2020\/01\/hero-10w-600x695.jpg","url":"https:\/\/websitedemos.net\/astra-blocks\/hero-10w\/","tag":{"817":"hero"},"category":831,"filter":"light"},"id-41061":{"title":"Services 10W","featured-image-url":"https:\/\/websitedemos.net\/wp-content\/uploads\/2020\/01\/services-10w.jpg","thumbnail-image-url":"https:\/\/websitedemos.net\/wp-content\/uploads\/2020\/01\/services-10w-600x563.jpg","url":"https:\/\/websitedemos.net\/astra-blocks\/services-10w\/","tag":{"953":"services"},"category":952,"filter":"light"},"id-41054":{"title":"Services 9W","featured-image-url":"https:\/\/websitedemos.net\/wp-content\/uploads\/2020\/01\/services-9w.jpg","thumbnail-image-url":"https:\/\/websitedemos.net\/wp-content\/uploads\/2020\/01\/services-9w-600x800.jpg","url":"https:\/\/websitedemos.net\/astra-blocks\/services-9w\/","tag":{"953":"services"},"category":952,"filter":"light"},"id-41045":{"title":"Services 8W","featured-image-url":"https:\/\/websitedemos.net\/wp-content\/uploads\/2020\/01\/services-8w.jpg","thumbnail-image-url":"https:\/\/websitedemos.net\/wp-content\/uploads\/2020\/01\/services-8w-600x691.jpg","url":"https:\/\/websitedemos.net\/astra-blocks\/services-8w\/","tag":{"953":"services"},"category":952,"filter":"light"},"id-41034":{"title":"Team 8B","featured-image-url":"https:\/\/websitedemos.net\/wp-content\/uploads\/2020\/01\/team-8b.jpg","thumbnail-image-url":"https:\/\/websitedemos.net\/wp-content\/uploads\/2020\/01\/team-8b-600x502.jpg","url":"https:\/\/websitedemos.net\/astra-blocks\/team-8b\/","tag":{"927":"team"},"category":829,"filter":"dark"},"id-41033":{"title":"Team 9B","featured-image-url":"https:\/\/websitedemos.net\/wp-content\/uploads\/2020\/01\/team-9b.jpg","thumbnail-image-url":"https:\/\/websitedemos.net\/wp-content\/uploads\/2020\/01\/team-9b-600x668.jpg","url":"https:\/\/websitedemos.net\/astra-blocks\/team-9b\/","tag":{"927":"team"},"category":829,"filter":"dark"},"id-41028":{"title":"Testimonial 9B","featured-image-url":"https:\/\/websitedemos.net\/wp-content\/uploads\/2020\/01\/testimonial-9b.jpg","thumbnail-image-url":"https:\/\/websitedemos.net\/wp-content\/uploads\/2020\/01\/testimonial-9b-600x433.jpg","url":"https:\/\/websitedemos.net\/astra-blocks\/testimonial-9b\/","tag":{"1095":"reviews","844":"testimonial"},"category":830,"filter":"dark"},"id-41026":{"title":"Testimonial 8B","featured-image-url":"https:\/\/websitedemos.net\/wp-content\/uploads\/2020\/01\/testimonial-8b.jpg","thumbnail-image-url":"https:\/\/websitedemos.net\/wp-content\/uploads\/2020\/01\/testimonial-8b-600x657.jpg","url":"https:\/\/websitedemos.net\/astra-blocks\/testimonial-8b\/","tag":{"1095":"reviews","844":"testimonial"},"category":830,"filter":"dark"},"id-41023":{"title":"Testimonial 7B","featured-image-url":"https:\/\/websitedemos.net\/wp-content\/uploads\/2020\/01\/testimonial-7b.jpg","thumbnail-image-url":"https:\/\/websitedemos.net\/wp-content\/uploads\/2020\/01\/testimonial-7b-600x629.jpg","url":"https:\/\/websitedemos.net\/astra-blocks\/testimonial-7b\/","tag":{"1095":"reviews","844":"testimonial"},"category":830,"filter":"dark"},"id-40740":{"title":"Testimonial 9W","featured-image-url":"https:\/\/websitedemos.net\/wp-content\/uploads\/2020\/01\/testimonial-9w.jpg","thumbnail-image-url":"https:\/\/websitedemos.net\/wp-content\/uploads\/2020\/01\/testimonial-9w-600x433.jpg","url":"https:\/\/websitedemos.net\/astra-blocks\/testimonial-9w\/","tag":{"1095":"reviews","844":"testimonial"},"category":830,"filter":"light"},"id-40739":{"title":"Testimonial 8W","featured-image-url":"https:\/\/websitedemos.net\/wp-content\/uploads\/2020\/01\/testimonial-8w.jpg","thumbnail-image-url":"https:\/\/websitedemos.net\/wp-content\/uploads\/2020\/01\/testimonial-8w-600x657.jpg","url":"https:\/\/websitedemos.net\/astra-blocks\/testimonial-8w\/","tag":{"1095":"reviews","844":"testimonial"},"category":830,"filter":"light"},"id-40348":{"title":"Testimonial 7W","featured-image-url":"https:\/\/websitedemos.net\/wp-content\/uploads\/2020\/01\/testimonial-7w.jpg","thumbnail-image-url":"https:\/\/websitedemos.net\/wp-content\/uploads\/2020\/01\/testimonial-7w-600x629.jpg","url":"https:\/\/websitedemos.net\/astra-blocks\/testimonial-7w\/","tag":{"1095":"reviews","844":"testimonial"},"category":830,"filter":"light"},"id-40097":{"title":"Team 9W","featured-image-url":"https:\/\/websitedemos.net\/wp-content\/uploads\/2020\/01\/team-9w.jpg","thumbnail-image-url":"https:\/\/websitedemos.net\/wp-content\/uploads\/2020\/01\/team-9w-600x668.jpg","url":"https:\/\/websitedemos.net\/astra-blocks\/team-9w\/","tag":{"927":"team"},"category":829,"filter":"light"},"id-40030":{"title":"Team 8W","featured-image-url":"https:\/\/websitedemos.net\/wp-content\/uploads\/2020\/01\/team-8w.jpg","thumbnail-image-url":"https:\/\/websitedemos.net\/wp-content\/uploads\/2020\/01\/team-8w-600x502.jpg","url":"https:\/\/websitedemos.net\/astra-blocks\/team-8w\/","tag":{"927":"team"},"category":829,"filter":"light"},"id-39936":{"title":"Features 7W","featured-image-url":"https:\/\/websitedemos.net\/wp-content\/uploads\/2020\/01\/features-7w.jpg","thumbnail-image-url":"https:\/\/websitedemos.net\/wp-content\/uploads\/2020\/01\/features-7w-600x566.jpg","url":"https:\/\/websitedemos.net\/astra-blocks\/features-7w\/","tag":{"920":"features"},"category":919,"filter":"light"},"id-39839":{"title":"FAQ 6B","featured-image-url":"https:\/\/websitedemos.net\/wp-content\/uploads\/2020\/01\/faq-6b.jpg","thumbnail-image-url":"https:\/\/websitedemos.net\/wp-content\/uploads\/2020\/01\/faq-6b-600x800.jpg","url":"https:\/\/websitedemos.net\/astra-blocks\/faq-6b\/","tag":{"822":"faq","821":"frequently-asked-questions"},"category":1001,"filter":"dark"},"id-39838":{"title":"FAQ 5B","featured-image-url":"https:\/\/websitedemos.net\/wp-content\/uploads\/2020\/01\/faq-5b.jpg","thumbnail-image-url":"https:\/\/websitedemos.net\/wp-content\/uploads\/2020\/01\/faq-5b-600x500.jpg","url":"https:\/\/websitedemos.net\/astra-blocks\/faq-5b\/","tag":{"822":"faq","821":"frequently-asked-questions"},"category":1001,"filter":"dark"},"id-39826":{"title":"Clients 8B","featured-image-url":"https:\/\/websitedemos.net\/wp-content\/uploads\/2020\/01\/clients-8b.jpg","thumbnail-image-url":"https:\/\/websitedemos.net\/wp-content\/uploads\/2020\/01\/clients-8b-600x253.jpg","url":"https:\/\/websitedemos.net\/astra-blocks\/clients-8b\/","tag":{"1090":"clients"},"category":1091,"filter":"dark"},"id-39816":{"title":"Clients 8W","featured-image-url":"https:\/\/websitedemos.net\/wp-content\/uploads\/2020\/01\/clients-8w.jpg","thumbnail-image-url":"https:\/\/websitedemos.net\/wp-content\/uploads\/2020\/01\/clients-8w-600x253.jpg","url":"https:\/\/websitedemos.net\/astra-blocks\/clients-8w\/","tag":{"1090":"clients"},"category":1091,"filter":"light"},"id-39812":{"title":"Clients 7B","featured-image-url":"https:\/\/websitedemos.net\/wp-content\/uploads\/2020\/01\/clients-7b.jpg","thumbnail-image-url":"https:\/\/websitedemos.net\/wp-content\/uploads\/2020\/01\/clients-7b-600x445.jpg","url":"https:\/\/websitedemos.net\/astra-blocks\/clients-7b\/","tag":{"1090":"clients"},"category":1091,"filter":"dark"},"id-39787":{"title":"Clients 7W","featured-image-url":"https:\/\/websitedemos.net\/wp-content\/uploads\/2020\/01\/clients-7w.jpg","thumbnail-image-url":"https:\/\/websitedemos.net\/wp-content\/uploads\/2020\/01\/clients-7w-600x445.jpg","url":"https:\/\/websitedemos.net\/astra-blocks\/clients-7w\/","tag":{"1090":"clients"},"category":1091,"filter":"light"},"id-39771":{"title":"Call To Action 9B","featured-image-url":"https:\/\/websitedemos.net\/wp-content\/uploads\/2020\/01\/call-to-action-9b.jpg","thumbnail-image-url":"https:\/\/websitedemos.net\/wp-content\/uploads\/2020\/01\/call-to-action-9b-600x415.jpg","url":"https:\/\/websitedemos.net\/astra-blocks\/call-to-action-9b\/","tag":{"819":"call-to-action"},"category":832,"filter":"dark"},"id-39763":{"title":"Call To Action 7B","featured-image-url":"https:\/\/websitedemos.net\/wp-content\/uploads\/2020\/01\/call-to-action-10b.jpg","thumbnail-image-url":"https:\/\/websitedemos.net\/wp-content\/uploads\/2020\/01\/call-to-action-10b-600x495.jpg","url":"https:\/\/websitedemos.net\/astra-blocks\/call-to-action-7b\/","tag":{"819":"call-to-action"},"category":832,"filter":"dark"},"id-39761":{"title":"Call To Action 7W","featured-image-url":"https:\/\/websitedemos.net\/wp-content\/uploads\/2020\/01\/call-to-action-10w.jpg","thumbnail-image-url":"https:\/\/websitedemos.net\/wp-content\/uploads\/2020\/01\/call-to-action-10w-600x496.jpg","url":"https:\/\/websitedemos.net\/astra-blocks\/call-to-action-7w\/","tag":{"819":"call-to-action"},"category":832,"filter":"light"},"id-39755":{"title":"Call To Action 9W","featured-image-url":"https:\/\/websitedemos.net\/wp-content\/uploads\/2020\/01\/call-to-action-9w.jpg","thumbnail-image-url":"https:\/\/websitedemos.net\/wp-content\/uploads\/2020\/01\/call-to-action-9w-600x415.jpg","url":"https:\/\/websitedemos.net\/astra-blocks\/call-to-action-9w\/","tag":{"819":"call-to-action"},"category":832,"filter":"light"},"id-38937":{"title":"Services 7W","featured-image-url":"https:\/\/websitedemos.net\/wp-content\/uploads\/2020\/01\/services-7w.jpg","thumbnail-image-url":"https:\/\/websitedemos.net\/wp-content\/uploads\/2020\/01\/services-7w-600x736.jpg","url":"https:\/\/websitedemos.net\/astra-blocks\/services-7w\/","tag":{"953":"services"},"category":952,"filter":"light"},"id-38930":{"title":"Services 6W","featured-image-url":"https:\/\/websitedemos.net\/wp-content\/uploads\/2020\/01\/services-6w.jpg","thumbnail-image-url":"https:\/\/websitedemos.net\/wp-content\/uploads\/2020\/01\/services-6w-600x654.jpg","url":"https:\/\/websitedemos.net\/astra-blocks\/services-6w\/","tag":{"953":"services"},"category":952,"filter":"light"},"id-38926":{"title":"FAQ 6W","featured-image-url":"https:\/\/websitedemos.net\/wp-content\/uploads\/2020\/01\/faq-6w.jpg","thumbnail-image-url":"https:\/\/websitedemos.net\/wp-content\/uploads\/2020\/01\/faq-6w-600x800.jpg","url":"https:\/\/websitedemos.net\/astra-blocks\/faq-6w\/","tag":{"822":"faq","821":"frequently-asked-questions"},"category":1001,"filter":"light"},"id-38917":{"title":"FAQ 5W","featured-image-url":"https:\/\/websitedemos.net\/wp-content\/uploads\/2020\/01\/faq-5w.jpg","thumbnail-image-url":"https:\/\/websitedemos.net\/wp-content\/uploads\/2020\/01\/faq-5w-600x500.jpg","url":"https:\/\/websitedemos.net\/astra-blocks\/faq-5w\/","tag":{"822":"faq","821":"frequently-asked-questions"},"category":1001,"filter":"light"},"id-38906":{"title":"Hero 9W","featured-image-url":"https:\/\/websitedemos.net\/wp-content\/uploads\/2020\/01\/hero-9w.jpg","thumbnail-image-url":"https:\/\/websitedemos.net\/wp-content\/uploads\/2020\/01\/hero-9w-600x570.jpg","url":"https:\/\/websitedemos.net\/astra-blocks\/hero-9w\/","tag":{"817":"hero"},"category":831,"filter":"light"},"id-38880":{"title":"Hero 7W","featured-image-url":"https:\/\/websitedemos.net\/wp-content\/uploads\/2020\/01\/hero-7w-1.jpg","thumbnail-image-url":"https:\/\/websitedemos.net\/wp-content\/uploads\/2020\/01\/hero-7w-1-600x732.jpg","url":"https:\/\/websitedemos.net\/astra-blocks\/hero-7w\/","tag":{"817":"hero"},"category":831,"filter":"light"},"id-38876":{"title":"Features 6W","featured-image-url":"https:\/\/websitedemos.net\/wp-content\/uploads\/2020\/01\/features-6w.jpg","thumbnail-image-url":"https:\/\/websitedemos.net\/wp-content\/uploads\/2020\/01\/features-6w-600x590.jpg","url":"https:\/\/websitedemos.net\/astra-blocks\/features-6w\/","tag":{"920":"features"},"category":919,"filter":"light"},"id-38863":{"title":"Features 5W","featured-image-url":"https:\/\/websitedemos.net\/wp-content\/uploads\/2020\/01\/features-5w.jpg","thumbnail-image-url":"https:\/\/websitedemos.net\/wp-content\/uploads\/2020\/01\/features-5w-600x458.jpg","url":"https:\/\/websitedemos.net\/astra-blocks\/features-5w\/","tag":{"920":"features"},"category":919,"filter":"light"},"id-38843":{"title":"Team 7B","featured-image-url":"https:\/\/websitedemos.net\/wp-content\/uploads\/2020\/01\/team-7b.jpg","thumbnail-image-url":"https:\/\/websitedemos.net\/wp-content\/uploads\/2020\/01\/team-7b-600x800.jpg","url":"https:\/\/websitedemos.net\/astra-blocks\/team-7b\/","tag":{"927":"team"},"category":829,"filter":"dark"},"id-38833":{"title":"Team 7W","featured-image-url":"https:\/\/websitedemos.net\/wp-content\/uploads\/2020\/01\/team-7w.jpg","thumbnail-image-url":"https:\/\/websitedemos.net\/wp-content\/uploads\/2020\/01\/team-7w-600x800.jpg","url":"https:\/\/websitedemos.net\/astra-blocks\/team-7w\/","tag":{"927":"team"},"category":829,"filter":"light"},"id-38825":{"title":"Team 6B","featured-image-url":"https:\/\/websitedemos.net\/wp-content\/uploads\/2020\/01\/team-6b.jpg","thumbnail-image-url":"https:\/\/websitedemos.net\/wp-content\/uploads\/2020\/01\/team-6b-600x703.jpg","url":"https:\/\/websitedemos.net\/astra-blocks\/team-6b\/","tag":{"927":"team"},"category":829,"filter":"dark"},"id-38732":{"title":"Team 6W","featured-image-url":"https:\/\/websitedemos.net\/wp-content\/uploads\/2020\/01\/team-6w.jpg","thumbnail-image-url":"https:\/\/websitedemos.net\/wp-content\/uploads\/2020\/01\/team-6w-600x703.jpg","url":"https:\/\/websitedemos.net\/astra-blocks\/team-6w\/","tag":{"927":"team"},"category":829,"filter":"light"},"id-38585":{"title":"Testimonial 6B","featured-image-url":"https:\/\/websitedemos.net\/wp-content\/uploads\/2020\/01\/testimonial-6b.jpg","thumbnail-image-url":"https:\/\/websitedemos.net\/wp-content\/uploads\/2020\/01\/testimonial-6b-600x800.jpg","url":"https:\/\/websitedemos.net\/astra-blocks\/testimonial-6b\/","tag":{"1095":"reviews","844":"testimonial"},"category":830,"filter":"dark"},"id-38551":{"title":"Testimonial 6W","featured-image-url":"https:\/\/websitedemos.net\/wp-content\/uploads\/2020\/01\/testimonial-6w.jpg","thumbnail-image-url":"https:\/\/websitedemos.net\/wp-content\/uploads\/2020\/01\/testimonial-6w-600x800.jpg","url":"https:\/\/websitedemos.net\/astra-blocks\/testimonial-6w\/","tag":{"1095":"reviews","844":"testimonial"},"category":830,"filter":"light"},"id-38536":{"title":"Testimonial 5B","featured-image-url":"https:\/\/websitedemos.net\/wp-content\/uploads\/2020\/01\/testimonial-5b.jpg","thumbnail-image-url":"https:\/\/websitedemos.net\/wp-content\/uploads\/2020\/01\/testimonial-5b-600x553.jpg","url":"https:\/\/websitedemos.net\/astra-blocks\/testimonial-5b\/","tag":{"1095":"reviews","844":"testimonial"},"category":830,"filter":"dark"},"id-38471":{"title":"Testimonial 5W","featured-image-url":"https:\/\/websitedemos.net\/wp-content\/uploads\/2020\/01\/testimonial-5w.jpg","thumbnail-image-url":"https:\/\/websitedemos.net\/wp-content\/uploads\/2020\/01\/testimonial-5w-600x553.jpg","url":"https:\/\/websitedemos.net\/astra-blocks\/testimonial-5w\/","tag":{"1095":"reviews","844":"testimonial"},"category":830,"filter":"light"},"id-38316":{"title":"Team 5B","featured-image-url":"https:\/\/websitedemos.net\/wp-content\/uploads\/2020\/01\/team-5b.jpg","thumbnail-image-url":"https:\/\/websitedemos.net\/wp-content\/uploads\/2020\/01\/team-5b-600x561.jpg","url":"https:\/\/websitedemos.net\/astra-blocks\/team-5b\/","tag":{"927":"team"},"category":829,"filter":"dark"},"id-38244":{"title":"Team 5W","featured-image-url":"https:\/\/websitedemos.net\/wp-content\/uploads\/2020\/01\/team-5w.jpg","thumbnail-image-url":"https:\/\/websitedemos.net\/wp-content\/uploads\/2020\/01\/team-5w-600x561.jpg","url":"https:\/\/websitedemos.net\/astra-blocks\/team-5w\/","tag":{"927":"team"},"category":829,"filter":"light"},"id-38225":{"title":"About 7B","featured-image-url":"https:\/\/websitedemos.net\/wp-content\/uploads\/2020\/01\/about-7b.jpg","thumbnail-image-url":"https:\/\/websitedemos.net\/wp-content\/uploads\/2020\/01\/about-7b-600x705.jpg","url":"https:\/\/websitedemos.net\/astra-blocks\/about-7b\/","tag":{"818":"about"},"category":825,"filter":"dark"},"id-38180":{"title":"About 6B","featured-image-url":"https:\/\/websitedemos.net\/wp-content\/uploads\/2020\/01\/about-6b.jpg","thumbnail-image-url":"https:\/\/websitedemos.net\/wp-content\/uploads\/2020\/01\/about-6b-600x694.jpg","url":"https:\/\/websitedemos.net\/astra-blocks\/about-6b\/","tag":{"818":"about"},"category":825,"filter":"dark"},"id-38155":{"title":"About 7W","featured-image-url":"https:\/\/websitedemos.net\/wp-content\/uploads\/2020\/01\/about-7w.jpg","thumbnail-image-url":"https:\/\/websitedemos.net\/wp-content\/uploads\/2020\/01\/about-7w-600x705.jpg","url":"https:\/\/websitedemos.net\/astra-blocks\/about-7w\/","tag":{"818":"about"},"category":825,"filter":"light"},"id-38147":{"title":"About 6W","featured-image-url":"https:\/\/websitedemos.net\/wp-content\/uploads\/2020\/01\/about-6w.jpg","thumbnail-image-url":"https:\/\/websitedemos.net\/wp-content\/uploads\/2020\/01\/about-6w-600x694.jpg","url":"https:\/\/websitedemos.net\/astra-blocks\/about-6w\/","tag":{"818":"about"},"category":825,"filter":"light"},"id-38118":{"title":"Hero 6W","featured-image-url":"https:\/\/websitedemos.net\/wp-content\/uploads\/2020\/01\/hero-6w-1.jpg","thumbnail-image-url":"https:\/\/websitedemos.net\/wp-content\/uploads\/2020\/01\/hero-6w-1-600x621.jpg","url":"https:\/\/websitedemos.net\/astra-blocks\/hero-6w\/","tag":{"817":"hero"},"category":831,"filter":"light"},"id-37911":{"title":"Testimonial 4B","featured-image-url":"https:\/\/websitedemos.net\/wp-content\/uploads\/2020\/01\/Testimonial-4B.jpg","thumbnail-image-url":"https:\/\/websitedemos.net\/wp-content\/uploads\/2020\/01\/Testimonial-4B-600x450.jpg","url":"https:\/\/websitedemos.net\/astra-blocks\/testimonial-4b\/","tag":{"1095":"reviews","844":"testimonial"},"category":830,"filter":"dark"},"id-37910":{"title":"Testimonial 4W","featured-image-url":"https:\/\/websitedemos.net\/wp-content\/uploads\/2020\/01\/Testimonial-4W.jpg","thumbnail-image-url":"https:\/\/websitedemos.net\/wp-content\/uploads\/2020\/01\/Testimonial-4W-600x450.jpg","url":"https:\/\/websitedemos.net\/astra-blocks\/testimonial-4w\/","tag":{"1095":"reviews","844":"testimonial"},"category":830,"filter":"light"},"id-37905":{"title":"Testimonial 3B","featured-image-url":"https:\/\/websitedemos.net\/wp-content\/uploads\/2020\/01\/Testimonial-3B.jpg","thumbnail-image-url":"https:\/\/websitedemos.net\/wp-content\/uploads\/2020\/01\/Testimonial-3B-600x450.jpg","url":"https:\/\/websitedemos.net\/astra-blocks\/testimonial-3b\/","tag":{"1095":"reviews","844":"testimonial"},"category":830,"filter":"dark"},"id-37904":{"title":"Testimonial 3W","featured-image-url":"https:\/\/websitedemos.net\/wp-content\/uploads\/2020\/01\/Testimonial-3w.jpg","thumbnail-image-url":"https:\/\/websitedemos.net\/wp-content\/uploads\/2020\/01\/Testimonial-3w-600x450.jpg","url":"https:\/\/websitedemos.net\/astra-blocks\/testimonial-3w\/","tag":{"1095":"reviews","844":"testimonial"},"category":830,"filter":"light"},"id-37899":{"title":"Testimonial 2W","featured-image-url":"https:\/\/websitedemos.net\/wp-content\/uploads\/2020\/01\/Testimonial-2w.jpg","thumbnail-image-url":"https:\/\/websitedemos.net\/wp-content\/uploads\/2020\/01\/Testimonial-2w-600x450.jpg","url":"https:\/\/websitedemos.net\/astra-blocks\/testimonial-2w\/","tag":{"1095":"reviews","844":"testimonial"},"category":830,"filter":"light"},"id-37898":{"title":"Testimonial 2B","featured-image-url":"https:\/\/websitedemos.net\/wp-content\/uploads\/2020\/01\/Testimonial-2B.jpg","thumbnail-image-url":"https:\/\/websitedemos.net\/wp-content\/uploads\/2020\/01\/Testimonial-2B-600x450.jpg","url":"https:\/\/websitedemos.net\/astra-blocks\/testimonial-2b\/","tag":{"1095":"reviews","844":"testimonial"},"category":830,"filter":"dark"},"id-37889":{"title":"Testimonial 1W","featured-image-url":"https:\/\/websitedemos.net\/wp-content\/uploads\/2020\/01\/Testimonial-1W.jpg","thumbnail-image-url":"https:\/\/websitedemos.net\/wp-content\/uploads\/2020\/01\/Testimonial-1W-600x450.jpg","url":"https:\/\/websitedemos.net\/astra-blocks\/testimonial-1w\/","tag":{"1095":"reviews","844":"testimonial"},"category":830,"filter":"light"},"id-37890":{"title":"Testimonial 1B","featured-image-url":"https:\/\/websitedemos.net\/wp-content\/uploads\/2020\/01\/Testimonial-1B.jpg","thumbnail-image-url":"https:\/\/websitedemos.net\/wp-content\/uploads\/2020\/01\/Testimonial-1B-600x450.jpg","url":"https:\/\/websitedemos.net\/astra-blocks\/testimonial-1b\/","tag":{"1095":"reviews","844":"testimonial"},"category":830,"filter":"dark"},"id-37762":{"title":"Services 4B","featured-image-url":"https:\/\/websitedemos.net\/wp-content\/uploads\/2020\/01\/services-4b.jpg","thumbnail-image-url":"https:\/\/websitedemos.net\/wp-content\/uploads\/2020\/01\/services-4b-600x555.jpg","url":"https:\/\/websitedemos.net\/astra-blocks\/services-4b\/","tag":{"953":"services"},"category":952,"filter":"dark"},"id-37763":{"title":"Services 4W","featured-image-url":"https:\/\/websitedemos.net\/wp-content\/uploads\/2020\/01\/services-4w.jpg","thumbnail-image-url":"https:\/\/websitedemos.net\/wp-content\/uploads\/2020\/01\/services-4w-600x555.jpg","url":"https:\/\/websitedemos.net\/astra-blocks\/services-4w\/","tag":{"953":"services"},"category":952,"filter":"light"},"id-37755":{"title":"Services 3W","featured-image-url":"https:\/\/websitedemos.net\/wp-content\/uploads\/2020\/01\/services-3w.jpg","thumbnail-image-url":"https:\/\/websitedemos.net\/wp-content\/uploads\/2020\/01\/services-3w-600x642.jpg","url":"https:\/\/websitedemos.net\/astra-blocks\/services-3w\/","tag":{"953":"services"},"category":952,"filter":"light"},"id-37754":{"title":"Services 3B","featured-image-url":"https:\/\/websitedemos.net\/wp-content\/uploads\/2020\/01\/services-3b-2020.jpg","thumbnail-image-url":"https:\/\/websitedemos.net\/wp-content\/uploads\/2020\/01\/services-3b-2020-600x500.jpg","url":"https:\/\/websitedemos.net\/astra-blocks\/services-3b\/","tag":{"953":"services"},"category":952,"filter":"dark"},"id-37747":{"title":"Services 2B","featured-image-url":"https:\/\/websitedemos.net\/wp-content\/uploads\/2020\/01\/services-2b-2020.jpg","thumbnail-image-url":"https:\/\/websitedemos.net\/wp-content\/uploads\/2020\/01\/services-2b-2020-600x500.jpg","url":"https:\/\/websitedemos.net\/astra-blocks\/services-2b\/","tag":{"953":"services"},"category":952,"filter":"dark"},"id-37748":{"title":"Services 2W","featured-image-url":"https:\/\/websitedemos.net\/wp-content\/uploads\/2020\/01\/services-2w-2020.jpg","thumbnail-image-url":"https:\/\/websitedemos.net\/wp-content\/uploads\/2020\/01\/services-2w-2020-600x500.jpg","url":"https:\/\/websitedemos.net\/astra-blocks\/services-2w\/","tag":{"953":"services"},"category":952,"filter":"light"}}