{"id-17299":{"title":"Hotel and BnB","featured-image-url":"https:\/\/websitedemos.net\/wp-content\/uploads\/2020\/01\/hotel-screenshot.png","thumbnail-image-url":"https:\/\/websitedemos.net\/wp-content\/uploads\/2020\/01\/hotel-screenshot-600x800.png","fullpage-thumbnail-image-url":"https:\/\/websitedemos.net\/wp-content\/uploads\/2020\/01\/hotel-screenshot-400x1745.png","astra-site-url":"\/\/websitedemos.net\/hotel-02","astra-site-parent-id":250,"astra-sites-tag":{"336":"food","350":"hotel","399":"one-page","335":"restaurant","463":"single-page"},"astra-sites-type":"free","astra-site-page-builder":"elementor","astra-site-category":{"27":"business","39":"free"},"pages":{"id-24627":{"title":"Home","featured-image-url":"https:\/\/websitedemos.net\/wp-content\/uploads\/2020\/01\/hotel-screenshot.png","thumbnail-image-url":"https:\/\/websitedemos.net\/wp-content\/uploads\/2020\/01\/hotel-screenshot-600x800.png","astra-page-api-url":"https:\/\/websitedemos.net\/hotel-02\/wp-json\/wp\/v2\/pages\/2","dynamic-page":"no","astra-page-url":"\/\/websitedemos.net\/hotel-02\/","astra-sites-tag":{"423":"home"},"site-pages-type":"free","site-pages-page-builder":"elementor","site-pages-category":[],"site-pages-parent-category":{"60":"business","61":"free"}}}}}