{"id-21626":{"title":"Real Estate","featured-image-url":"https:\/\/websitedemos.net\/wp-content\/uploads\/2019\/07\/real-estate-home-screenshot.jpg","thumbnail-image-url":"https:\/\/websitedemos.net\/wp-content\/uploads\/2019\/07\/real-estate-home-screenshot-600x800.jpg","fullpage-thumbnail-image-url":"https:\/\/websitedemos.net\/wp-content\/uploads\/2019\/07\/real-estate-home-screenshot-400x1551.jpg","astra-site-url":"\/\/websitedemos.net\/real-estate-02","astra-site-parent-id":135,"astra-sites-tag":{"979":"company","550":"estate-broking","547":"listing","812":"office","549":"property","485":"real-estate","548":"renting-property"},"astra-sites-type":"free","astra-site-page-builder":"elementor","astra-site-category":{"27":"business","39":"free"},"pages":{"id-23299":{"title":"Home","featured-image-url":"https:\/\/websitedemos.net\/wp-content\/uploads\/2019\/07\/real-estate-home-screenshot.jpg","thumbnail-image-url":"https:\/\/websitedemos.net\/wp-content\/uploads\/2019\/07\/real-estate-home-screenshot-600x800.jpg","astra-page-api-url":"https:\/\/websitedemos.net\/real-estate-02\/wp-json\/wp\/v2\/pages\/12","dynamic-page":"no","astra-page-url":"\/\/websitedemos.net\/real-estate-02\/","astra-sites-tag":{"423":"home"},"site-pages-type":"free","site-pages-page-builder":"elementor","site-pages-category":[],"site-pages-parent-category":{"60":"business","61":"free"}},"id-23295":{"title":"About Us","featured-image-url":"https:\/\/websitedemos.net\/wp-content\/uploads\/2019\/07\/real-estate-about-screenshot.jpg","thumbnail-image-url":"https:\/\/websitedemos.net\/wp-content\/uploads\/2019\/07\/real-estate-about-screenshot-600x800.jpg","astra-page-api-url":"https:\/\/websitedemos.net\/real-estate-02\/wp-json\/wp\/v2\/pages\/14","dynamic-page":"no","astra-page-url":"\/\/websitedemos.net\/real-estate-02\/about-us\/","astra-sites-tag":{"352":"about","455":"about-us"},"site-pages-type":"free","site-pages-page-builder":"elementor","site-pages-category":[],"site-pages-parent-category":{"60":"business","61":"free"}},"id-23300":{"title":"Properties","featured-image-url":"https:\/\/websitedemos.net\/wp-content\/uploads\/2019\/07\/real-estate-properties-screenshot.jpg","thumbnail-image-url":"https:\/\/websitedemos.net\/wp-content\/uploads\/2019\/07\/real-estate-properties-screenshot-600x800.jpg","astra-page-api-url":"https:\/\/websitedemos.net\/real-estate-02\/wp-json\/wp\/v2\/pages\/16","dynamic-page":"no","astra-page-url":"\/\/websitedemos.net\/real-estate-02\/properties\/","astra-sites-tag":{"461":"gallery","444":"portfolio","553":"properties","451":"work"},"site-pages-type":"free","site-pages-page-builder":"elementor","site-pages-category":[],"site-pages-parent-category":{"60":"business","61":"free"}},"id-23296":{"title":"Agents","featured-image-url":"https:\/\/websitedemos.net\/wp-content\/uploads\/2019\/07\/real-estate-agents-screenshot.jpg","thumbnail-image-url":"https:\/\/websitedemos.net\/wp-content\/uploads\/2019\/07\/real-estate-agents-screenshot-600x800.jpg","astra-page-api-url":"https:\/\/websitedemos.net\/real-estate-02\/wp-json\/wp\/v2\/pages\/18","dynamic-page":"no","astra-page-url":"\/\/websitedemos.net\/real-estate-02\/agents\/","astra-sites-tag":{"352":"about","552":"agents","486":"team"},"site-pages-type":"free","site-pages-page-builder":"elementor","site-pages-category":[],"site-pages-parent-category":{"60":"business","61":"free"}},"id-23298":{"title":"FAQ","featured-image-url":"https:\/\/websitedemos.net\/wp-content\/uploads\/2019\/07\/real-estate-faq-screenshot.jpg","thumbnail-image-url":"https:\/\/websitedemos.net\/wp-content\/uploads\/2019\/07\/real-estate-faq-screenshot-600x800.jpg","astra-page-api-url":"https:\/\/websitedemos.net\/real-estate-02\/wp-json\/wp\/v2\/pages\/20","dynamic-page":"no","astra-page-url":"\/\/websitedemos.net\/real-estate-02\/faq\/","astra-sites-tag":{"426":"faq"},"site-pages-type":"free","site-pages-page-builder":"elementor","site-pages-category":[],"site-pages-parent-category":{"60":"business","61":"free"}},"id-23297":{"title":"Contact","featured-image-url":"https:\/\/websitedemos.net\/wp-content\/uploads\/2019\/07\/real-estate-contact-screenshot.jpg","thumbnail-image-url":"https:\/\/websitedemos.net\/wp-content\/uploads\/2019\/07\/real-estate-contact-screenshot-600x800.jpg","astra-page-api-url":"https:\/\/websitedemos.net\/real-estate-02\/wp-json\/wp\/v2\/pages\/22","dynamic-page":"no","astra-page-url":"\/\/websitedemos.net\/real-estate-02\/contact\/","astra-sites-tag":{"415":"contact","454":"contact-us"},"site-pages-type":"free","site-pages-page-builder":"elementor","site-pages-category":[],"site-pages-parent-category":{"60":"business","61":"free"}}}},"id-21841":{"title":"Towing Services\u200b","featured-image-url":"https:\/\/websitedemos.net\/wp-content\/uploads\/2019\/07\/tow-services-home.jpg","thumbnail-image-url":"https:\/\/websitedemos.net\/wp-content\/uploads\/2019\/07\/tow-services-home-600x800.jpg","fullpage-thumbnail-image-url":"https:\/\/websitedemos.net\/wp-content\/uploads\/2019\/07\/tow-services-home-400x1225.jpg","astra-site-url":"\/\/websitedemos.net\/tow-services-04","astra-site-parent-id":85,"astra-sites-tag":{"555":"car-tow-service","554":"emergency-services","1021":"local-business","556":"tow-services"},"astra-sites-type":"agency-mini","astra-site-page-builder":"elementor","astra-site-category":{"27":"business"},"pages":{"id-22704":{"title":"Home","featured-image-url":"https:\/\/websitedemos.net\/wp-content\/uploads\/2019\/07\/tow-services-home.jpg","thumbnail-image-url":"https:\/\/websitedemos.net\/wp-content\/uploads\/2019\/07\/tow-services-home-600x800.jpg","astra-page-api-url":"https:\/\/websitedemos.net\/tow-services-04\/wp-json\/wp\/v2\/pages\/6","dynamic-page":"no","astra-page-url":"\/\/websitedemos.net\/tow-services-04\/","astra-sites-tag":{"423":"home"},"site-pages-type":"agency-mini","site-pages-page-builder":"elementor","site-pages-category":[],"site-pages-parent-category":{"60":"business"}},"id-22701":{"title":"About","featured-image-url":"https:\/\/websitedemos.net\/wp-content\/uploads\/2019\/07\/tow-services-about.jpg","thumbnail-image-url":"https:\/\/websitedemos.net\/wp-content\/uploads\/2019\/07\/tow-services-about-600x800.jpg","astra-page-api-url":"https:\/\/websitedemos.net\/tow-services-04\/wp-json\/wp\/v2\/pages\/8","dynamic-page":"no","astra-page-url":"\/\/websitedemos.net\/tow-services-04\/about\/","astra-sites-tag":{"352":"about","455":"about-us"},"site-pages-type":"agency-mini","site-pages-page-builder":"elementor","site-pages-category":[],"site-pages-parent-category":{"60":"business"}},"id-22705":{"title":"Services","featured-image-url":"https:\/\/websitedemos.net\/wp-content\/uploads\/2019\/07\/tow-services-services.jpg","thumbnail-image-url":"https:\/\/websitedemos.net\/wp-content\/uploads\/2019\/07\/tow-services-services-600x800.jpg","astra-page-api-url":"https:\/\/websitedemos.net\/tow-services-04\/wp-json\/wp\/v2\/pages\/10","dynamic-page":"no","astra-page-url":"\/\/websitedemos.net\/tow-services-04\/services\/","astra-sites-tag":{"425":"services","451":"work"},"site-pages-type":"agency-mini","site-pages-page-builder":"elementor","site-pages-category":[],"site-pages-parent-category":{"60":"business"}},"id-22706":{"title":"Testimonials","featured-image-url":"https:\/\/websitedemos.net\/wp-content\/uploads\/2019\/07\/tow-services-testimonials.jpg","thumbnail-image-url":"https:\/\/websitedemos.net\/wp-content\/uploads\/2019\/07\/tow-services-testimonials-600x800.jpg","astra-page-api-url":"https:\/\/websitedemos.net\/tow-services-04\/wp-json\/wp\/v2\/pages\/12","dynamic-page":"no","astra-page-url":"\/\/websitedemos.net\/tow-services-04\/testimonials\/","astra-sites-tag":{"433":"testimonials"},"site-pages-type":"agency-mini","site-pages-page-builder":"elementor","site-pages-category":[],"site-pages-parent-category":{"60":"business"}},"id-22703":{"title":"FAQ","featured-image-url":"https:\/\/websitedemos.net\/wp-content\/uploads\/2019\/07\/tow-services-faq.jpg","thumbnail-image-url":"https:\/\/websitedemos.net\/wp-content\/uploads\/2019\/07\/tow-services-faq-600x800.jpg","astra-page-api-url":"https:\/\/websitedemos.net\/tow-services-04\/wp-json\/wp\/v2\/pages\/14","dynamic-page":"no","astra-page-url":"\/\/websitedemos.net\/tow-services-04\/faq\/","astra-sites-tag":{"426":"faq"},"site-pages-type":"agency-mini","site-pages-page-builder":"elementor","site-pages-category":[],"site-pages-parent-category":{"60":"business"}},"id-22702":{"title":"Contact","featured-image-url":"https:\/\/websitedemos.net\/wp-content\/uploads\/2019\/07\/tow-services-contact.jpg","thumbnail-image-url":"https:\/\/websitedemos.net\/wp-content\/uploads\/2019\/07\/tow-services-contact-600x800.jpg","astra-page-api-url":"https:\/\/websitedemos.net\/tow-services-04\/wp-json\/wp\/v2\/pages\/16","dynamic-page":"no","astra-page-url":"\/\/websitedemos.net\/tow-services-04\/contact\/","astra-sites-tag":{"415":"contact"},"site-pages-type":"agency-mini","site-pages-page-builder":"elementor","site-pages-category":[],"site-pages-parent-category":{"60":"business"}}}},"id-21814":{"title":"Swimming Pool Services","featured-image-url":"https:\/\/websitedemos.net\/wp-content\/uploads\/2019\/07\/pool-services-home.jpg","thumbnail-image-url":"https:\/\/websitedemos.net\/wp-content\/uploads\/2019\/07\/pool-services-home-600x800.jpg","fullpage-thumbnail-image-url":"https:\/\/websitedemos.net\/wp-content\/uploads\/2019\/07\/pool-services-home-400x1746.jpg","astra-site-url":"\/\/websitedemos.net\/pool-services-04","astra-site-parent-id":89,"astra-sites-tag":{"567":"pool-maintenance","569":"swimming-pool","570":"water-pool"},"astra-sites-type":"agency-mini","astra-site-page-builder":"elementor","astra-site-category":{"27":"business"},"pages":{"id-22826":{"title":"Home","featured-image-url":"https:\/\/websitedemos.net\/wp-content\/uploads\/2019\/07\/pool-services-home.jpg","thumbnail-image-url":"https:\/\/websitedemos.net\/wp-content\/uploads\/2019\/07\/pool-services-home-600x800.jpg","astra-page-api-url":"https:\/\/websitedemos.net\/pool-services-04\/wp-json\/wp\/v2\/pages\/6","dynamic-page":"no","astra-page-url":"\/\/websitedemos.net\/pool-services-04\/","astra-sites-tag":{"423":"home"},"site-pages-type":"agency-mini","site-pages-page-builder":"elementor","site-pages-category":[],"site-pages-parent-category":{"60":"business"}},"id-22822":{"title":"About","featured-image-url":"https:\/\/websitedemos.net\/wp-content\/uploads\/2019\/07\/pool-services-about.jpg","thumbnail-image-url":"https:\/\/websitedemos.net\/wp-content\/uploads\/2019\/07\/pool-services-about-600x800.jpg","astra-page-api-url":"https:\/\/websitedemos.net\/pool-services-04\/wp-json\/wp\/v2\/pages\/16","dynamic-page":"no","astra-page-url":"\/\/websitedemos.net\/pool-services-04\/about\/","astra-sites-tag":{"352":"about"},"site-pages-type":"agency-mini","site-pages-page-builder":"elementor","site-pages-category":[],"site-pages-parent-category":{"60":"business"}},"id-22828":{"title":"Services","featured-image-url":"https:\/\/websitedemos.net\/wp-content\/uploads\/2019\/07\/pool-services-services.jpg","thumbnail-image-url":"https:\/\/websitedemos.net\/wp-content\/uploads\/2019\/07\/pool-services-services-600x800.jpg","astra-page-api-url":"https:\/\/websitedemos.net\/pool-services-04\/wp-json\/wp\/v2\/pages\/14","dynamic-page":"no","astra-page-url":"\/\/websitedemos.net\/pool-services-04\/services\/","astra-sites-tag":{"425":"services"},"site-pages-type":"agency-mini","site-pages-page-builder":"elementor","site-pages-category":[],"site-pages-parent-category":{"60":"business"}},"id-22825":{"title":"Gallery","featured-image-url":"https:\/\/websitedemos.net\/wp-content\/uploads\/2019\/07\/pool-services-gallery.jpg","thumbnail-image-url":"https:\/\/websitedemos.net\/wp-content\/uploads\/2019\/07\/pool-services-gallery-600x800.jpg","astra-page-api-url":"https:\/\/websitedemos.net\/pool-services-04\/wp-json\/wp\/v2\/pages\/12","dynamic-page":"no","astra-page-url":"\/\/websitedemos.net\/pool-services-04\/gallery\/","astra-sites-tag":{"461":"gallery","444":"portfolio"},"site-pages-type":"agency-mini","site-pages-page-builder":"elementor","site-pages-category":[],"site-pages-parent-category":{"60":"business"}},"id-22827":{"title":"Reviews","featured-image-url":"https:\/\/websitedemos.net\/wp-content\/uploads\/2019\/07\/pool-services-reviews.jpg","thumbnail-image-url":"https:\/\/websitedemos.net\/wp-content\/uploads\/2019\/07\/pool-services-reviews-600x800.jpg","astra-page-api-url":"https:\/\/websitedemos.net\/pool-services-04\/wp-json\/wp\/v2\/pages\/10","dynamic-page":"no","astra-page-url":"\/\/websitedemos.net\/pool-services-04\/testimonials\/","astra-sites-tag":{"433":"testimonials"},"site-pages-type":"agency-mini","site-pages-page-builder":"elementor","site-pages-category":[],"site-pages-parent-category":{"60":"business"}},"id-22824":{"title":"FAQ","featured-image-url":"https:\/\/websitedemos.net\/wp-content\/uploads\/2019\/07\/pool-services-faq.jpg","thumbnail-image-url":"https:\/\/websitedemos.net\/wp-content\/uploads\/2019\/07\/pool-services-faq-600x800.jpg","astra-page-api-url":"https:\/\/websitedemos.net\/pool-services-04\/wp-json\/wp\/v2\/pages\/202","dynamic-page":"no","astra-page-url":"\/\/websitedemos.net\/pool-services-04\/faq\/","astra-sites-tag":{"426":"faq"},"site-pages-type":"agency-mini","site-pages-page-builder":"elementor","site-pages-category":[],"site-pages-parent-category":{"60":"business"}},"id-22823":{"title":"Contact","featured-image-url":"https:\/\/websitedemos.net\/wp-content\/uploads\/2019\/07\/pool-services-contact.jpg","thumbnail-image-url":"https:\/\/websitedemos.net\/wp-content\/uploads\/2019\/07\/pool-services-contact-600x800.jpg","astra-page-api-url":"https:\/\/websitedemos.net\/pool-services-04\/wp-json\/wp\/v2\/pages\/8","dynamic-page":"no","astra-page-url":"\/\/websitedemos.net\/pool-services-04\/contact\/","astra-sites-tag":{"415":"contact","454":"contact-us"},"site-pages-type":"agency-mini","site-pages-page-builder":"elementor","site-pages-category":[],"site-pages-parent-category":{"60":"business"}}}},"id-21808":{"title":"Florist","featured-image-url":"https:\/\/websitedemos.net\/wp-content\/uploads\/2019\/04\/florist-pro-feb-20-home.jpg","thumbnail-image-url":"https:\/\/websitedemos.net\/wp-content\/uploads\/2019\/04\/florist-pro-feb-20-home-600x800.jpg","fullpage-thumbnail-image-url":"https:\/\/websitedemos.net\/wp-content\/uploads\/2019\/04\/florist-pro-feb-20-home-400x1563.jpg","astra-site-url":"\/\/websitedemos.net\/florist-03","astra-site-parent-id":116,"astra-sites-tag":{"573":"event-decoration","571":"florist","572":"flower-merchant","574":"flowers"},"astra-sites-type":"agency-mini","astra-site-page-builder":"beaver-builder","astra-site-category":{"27":"business"},"pages":{"id-23088":{"title":"Home","featured-image-url":"https:\/\/websitedemos.net\/wp-content\/uploads\/2019\/04\/florist-pro-feb-20-home.jpg","thumbnail-image-url":"https:\/\/websitedemos.net\/wp-content\/uploads\/2019\/04\/florist-pro-feb-20-home-600x800.jpg","astra-page-api-url":"https:\/\/websitedemos.net\/florist-03\/wp-json\/wp\/v2\/pages\/282","dynamic-page":"no","astra-page-url":"\/\/websitedemos.net\/florist-03\/","astra-sites-tag":{"423":"home"},"site-pages-type":"agency-mini","site-pages-page-builder":"beaver-builder","site-pages-category":[],"site-pages-parent-category":{"60":"business"}},"id-23085":{"title":"About Us","featured-image-url":"https:\/\/websitedemos.net\/wp-content\/uploads\/2019\/07\/florist-pro-feb-20-about.jpg","thumbnail-image-url":"https:\/\/websitedemos.net\/wp-content\/uploads\/2019\/07\/florist-pro-feb-20-about-600x800.jpg","astra-page-api-url":"https:\/\/websitedemos.net\/florist-03\/wp-json\/wp\/v2\/pages\/8","dynamic-page":"no","astra-page-url":"\/\/websitedemos.net\/florist-03\/about-us\/","astra-sites-tag":{"352":"about"},"site-pages-type":"agency-mini","site-pages-page-builder":"beaver-builder","site-pages-category":[],"site-pages-parent-category":{"60":"business"}},"id-23089":{"title":"Services","featured-image-url":"https:\/\/websitedemos.net\/wp-content\/uploads\/2019\/07\/florist-pro-feb-20-services.jpg","thumbnail-image-url":"https:\/\/websitedemos.net\/wp-content\/uploads\/2019\/07\/florist-pro-feb-20-services-600x800.jpg","astra-page-api-url":"https:\/\/websitedemos.net\/florist-03\/wp-json\/wp\/v2\/pages\/10","dynamic-page":"no","astra-page-url":"\/\/websitedemos.net\/florist-03\/services\/","astra-sites-tag":{"425":"services"},"site-pages-type":"agency-mini","site-pages-page-builder":"beaver-builder","site-pages-category":[],"site-pages-parent-category":{"60":"business"}},"id-23087":{"title":"Gallery","featured-image-url":"https:\/\/websitedemos.net\/wp-content\/uploads\/2019\/07\/florist-pro-feb-20-gallery.jpg","thumbnail-image-url":"https:\/\/websitedemos.net\/wp-content\/uploads\/2019\/07\/florist-pro-feb-20-gallery-600x800.jpg","astra-page-api-url":"https:\/\/websitedemos.net\/florist-03\/wp-json\/wp\/v2\/pages\/12","dynamic-page":"no","astra-page-url":"\/\/websitedemos.net\/florist-03\/gallery\/","astra-sites-tag":{"461":"gallery"},"site-pages-type":"agency-mini","site-pages-page-builder":"beaver-builder","site-pages-category":[],"site-pages-parent-category":{"60":"business"}},"id-23090":{"title":"Testimonials","featured-image-url":"https:\/\/websitedemos.net\/wp-content\/uploads\/2019\/07\/florist-pro-feb-20-testimonial.jpg","thumbnail-image-url":"https:\/\/websitedemos.net\/wp-content\/uploads\/2019\/07\/florist-pro-feb-20-testimonial-600x800.jpg","astra-page-api-url":"https:\/\/websitedemos.net\/florist-03\/wp-json\/wp\/v2\/pages\/14","dynamic-page":"no","astra-page-url":"\/\/websitedemos.net\/florist-03\/testimonials\/","astra-sites-tag":{"433":"testimonials"},"site-pages-type":"agency-mini","site-pages-page-builder":"beaver-builder","site-pages-category":[],"site-pages-parent-category":{"60":"business"}},"id-23086":{"title":"Contact","featured-image-url":"https:\/\/websitedemos.net\/wp-content\/uploads\/2019\/07\/florist-pro-feb-20-contact.jpg","thumbnail-image-url":"https:\/\/websitedemos.net\/wp-content\/uploads\/2019\/07\/florist-pro-feb-20-contact-600x800.jpg","astra-page-api-url":"https:\/\/websitedemos.net\/florist-03\/wp-json\/wp\/v2\/pages\/16","dynamic-page":"no","astra-page-url":"\/\/websitedemos.net\/florist-03\/contact\/","astra-sites-tag":{"415":"contact"},"site-pages-type":"agency-mini","site-pages-page-builder":"beaver-builder","site-pages-category":[],"site-pages-parent-category":{"60":"business"}}}},"id-21807":{"title":"Florist","featured-image-url":"https:\/\/websitedemos.net\/wp-content\/uploads\/2019\/04\/florist-pro-feb-20-home.jpg","thumbnail-image-url":"https:\/\/websitedemos.net\/wp-content\/uploads\/2019\/04\/florist-pro-feb-20-home-600x800.jpg","fullpage-thumbnail-image-url":"https:\/\/websitedemos.net\/wp-content\/uploads\/2019\/04\/florist-pro-feb-20-home-400x1563.jpg","astra-site-url":"\/\/websitedemos.net\/florist-04","astra-site-parent-id":115,"astra-sites-tag":{"573":"event-decoration","571":"florist","572":"flower-merchant","574":"flowers","1021":"local-business"},"astra-sites-type":"agency-mini","astra-site-page-builder":"elementor","astra-site-category":{"27":"business"},"pages":{"id-23076":{"title":"Home","featured-image-url":"https:\/\/websitedemos.net\/wp-content\/uploads\/2019\/04\/florist-pro-feb-20-home.jpg","thumbnail-image-url":"https:\/\/websitedemos.net\/wp-content\/uploads\/2019\/04\/florist-pro-feb-20-home-600x800.jpg","astra-page-api-url":"https:\/\/websitedemos.net\/florist-04\/wp-json\/wp\/v2\/pages\/6","dynamic-page":"no","astra-page-url":"\/\/websitedemos.net\/florist-04\/","astra-sites-tag":{"423":"home"},"site-pages-type":"agency-mini","site-pages-page-builder":"elementor","site-pages-category":[],"site-pages-parent-category":{"60":"business"}},"id-23073":{"title":"About Us","featured-image-url":"https:\/\/websitedemos.net\/wp-content\/uploads\/2019\/07\/florist-pro-feb-20-about.jpg","thumbnail-image-url":"https:\/\/websitedemos.net\/wp-content\/uploads\/2019\/07\/florist-pro-feb-20-about-600x800.jpg","astra-page-api-url":"https:\/\/websitedemos.net\/florist-04\/wp-json\/wp\/v2\/pages\/8","dynamic-page":"no","astra-page-url":"\/\/websitedemos.net\/florist-04\/about-us\/","astra-sites-tag":{"352":"about","455":"about-us"},"site-pages-type":"agency-mini","site-pages-page-builder":"elementor","site-pages-category":[],"site-pages-parent-category":{"60":"business"}},"id-23077":{"title":"Services","featured-image-url":"https:\/\/websitedemos.net\/wp-content\/uploads\/2019\/07\/florist-pro-feb-20-services.jpg","thumbnail-image-url":"https:\/\/websitedemos.net\/wp-content\/uploads\/2019\/07\/florist-pro-feb-20-services-600x800.jpg","astra-page-api-url":"https:\/\/websitedemos.net\/florist-04\/wp-json\/wp\/v2\/pages\/10","dynamic-page":"no","astra-page-url":"\/\/websitedemos.net\/florist-04\/services\/","astra-sites-tag":{"425":"services","451":"work"},"site-pages-type":"agency-mini","site-pages-page-builder":"elementor","site-pages-category":[],"site-pages-parent-category":{"60":"business"}},"id-23075":{"title":"Gallery","featured-image-url":"https:\/\/websitedemos.net\/wp-content\/uploads\/2019\/07\/florist-pro-feb-20-gallery.jpg","thumbnail-image-url":"https:\/\/websitedemos.net\/wp-content\/uploads\/2019\/07\/florist-pro-feb-20-gallery-600x800.jpg","astra-page-api-url":"https:\/\/websitedemos.net\/florist-04\/wp-json\/wp\/v2\/pages\/12","dynamic-page":"no","astra-page-url":"\/\/websitedemos.net\/florist-04\/gallery\/","astra-sites-tag":{"461":"gallery","444":"portfolio"},"site-pages-type":"agency-mini","site-pages-page-builder":"elementor","site-pages-category":[],"site-pages-parent-category":{"60":"business"}},"id-23078":{"title":"Testimonials","featured-image-url":"https:\/\/websitedemos.net\/wp-content\/uploads\/2019\/07\/florist-pro-feb-20-testimonial.jpg","thumbnail-image-url":"https:\/\/websitedemos.net\/wp-content\/uploads\/2019\/07\/florist-pro-feb-20-testimonial-600x800.jpg","astra-page-api-url":"https:\/\/websitedemos.net\/florist-04\/wp-json\/wp\/v2\/pages\/14","dynamic-page":"no","astra-page-url":"\/\/websitedemos.net\/florist-04\/testimonials\/","astra-sites-tag":{"433":"testimonials"},"site-pages-type":"agency-mini","site-pages-page-builder":"elementor","site-pages-category":[],"site-pages-parent-category":{"60":"business"}},"id-23074":{"title":"Contact","featured-image-url":"https:\/\/websitedemos.net\/wp-content\/uploads\/2019\/07\/florist-pro-feb-20-contact.jpg","thumbnail-image-url":"https:\/\/websitedemos.net\/wp-content\/uploads\/2019\/07\/florist-pro-feb-20-contact-600x800.jpg","astra-page-api-url":"https:\/\/websitedemos.net\/florist-04\/wp-json\/wp\/v2\/pages\/16","dynamic-page":"no","astra-page-url":"\/\/websitedemos.net\/florist-04\/contact\/","astra-sites-tag":{"415":"contact","454":"contact-us"},"site-pages-type":"agency-mini","site-pages-page-builder":"elementor","site-pages-category":[],"site-pages-parent-category":{"60":"business"}}}},"id-21340":{"title":"Car Wash","featured-image-url":"https:\/\/websitedemos.net\/wp-content\/uploads\/2019\/07\/car-wash-home.jpg","thumbnail-image-url":"https:\/\/websitedemos.net\/wp-content\/uploads\/2019\/07\/car-wash-home-600x800.jpg","fullpage-thumbnail-image-url":"https:\/\/websitedemos.net\/wp-content\/uploads\/2019\/07\/car-wash-home-400x1346.jpg","astra-site-url":"\/\/websitedemos.net\/car-wash-01","astra-site-parent-id":303,"astra-sites-tag":{"588":"car-care","587":"car-detailing","586":"car-wash","590":"color-coat","589":"teflon-coat"},"astra-sites-type":"free","astra-site-page-builder":"beaver-builder","astra-site-category":{"27":"business","39":"free"},"pages":{"id-25171":{"title":"Home","featured-image-url":"https:\/\/websitedemos.net\/wp-content\/uploads\/2019\/07\/car-wash-home.jpg","thumbnail-image-url":"https:\/\/websitedemos.net\/wp-content\/uploads\/2019\/07\/car-wash-home-600x800.jpg","astra-page-api-url":"https:\/\/websitedemos.net\/car-wash-01\/wp-json\/wp\/v2\/pages\/295","dynamic-page":"no","astra-page-url":"\/\/websitedemos.net\/car-wash-01\/","astra-sites-tag":{"423":"home"},"site-pages-type":"free","site-pages-page-builder":"beaver-builder","site-pages-category":[],"site-pages-parent-category":{"60":"business","61":"free"}},"id-25172":{"title":"Services","featured-image-url":"https:\/\/websitedemos.net\/wp-content\/uploads\/2019\/07\/car-wash-services.jpg","thumbnail-image-url":"https:\/\/websitedemos.net\/wp-content\/uploads\/2019\/07\/car-wash-services-600x800.jpg","astra-page-api-url":"https:\/\/websitedemos.net\/car-wash-01\/wp-json\/wp\/v2\/pages\/8","dynamic-page":"no","astra-page-url":"\/\/websitedemos.net\/car-wash-01\/services\/","astra-sites-tag":{"425":"services"},"site-pages-type":"free","site-pages-page-builder":"beaver-builder","site-pages-category":[],"site-pages-parent-category":{"60":"business","61":"free"}},"id-25169":{"title":"About","featured-image-url":"https:\/\/websitedemos.net\/wp-content\/uploads\/2019\/07\/car-wash-about.jpg","thumbnail-image-url":"https:\/\/websitedemos.net\/wp-content\/uploads\/2019\/07\/car-wash-about-600x800.jpg","astra-page-api-url":"https:\/\/websitedemos.net\/car-wash-01\/wp-json\/wp\/v2\/pages\/296","dynamic-page":"no","astra-page-url":"\/\/websitedemos.net\/car-wash-01\/about\/","astra-sites-tag":{"352":"about"},"site-pages-type":"free","site-pages-page-builder":"beaver-builder","site-pages-category":[],"site-pages-parent-category":{"60":"business","61":"free"}},"id-25173":{"title":"Wash Menu","featured-image-url":"https:\/\/websitedemos.net\/wp-content\/uploads\/2019\/07\/car-wash-washmenu.jpg","thumbnail-image-url":"https:\/\/websitedemos.net\/wp-content\/uploads\/2019\/07\/car-wash-washmenu-600x800.jpg","astra-page-api-url":"https:\/\/websitedemos.net\/car-wash-01\/wp-json\/wp\/v2\/pages\/9","dynamic-page":"no","astra-page-url":"\/\/websitedemos.net\/car-wash-01\/wash-menu\/","astra-sites-tag":{"565":"menu","761":"wash-menu"},"site-pages-type":"free","site-pages-page-builder":"beaver-builder","site-pages-category":[],"site-pages-parent-category":{"60":"business","61":"free"}},"id-25170":{"title":"Contact","featured-image-url":"https:\/\/websitedemos.net\/wp-content\/uploads\/2019\/07\/car-wash-contact.jpg","thumbnail-image-url":"https:\/\/websitedemos.net\/wp-content\/uploads\/2019\/07\/car-wash-contact-600x800.jpg","astra-page-api-url":"https:\/\/websitedemos.net\/car-wash-01\/wp-json\/wp\/v2\/pages\/10","dynamic-page":"no","astra-page-url":"\/\/websitedemos.net\/car-wash-01\/contact\/","astra-sites-tag":{"415":"contact"},"site-pages-type":"free","site-pages-page-builder":"beaver-builder","site-pages-category":[],"site-pages-parent-category":{"60":"business","61":"free"}}}},"id-21337":{"title":"Car Wash","featured-image-url":"https:\/\/websitedemos.net\/wp-content\/uploads\/2019\/07\/car-wash-home.jpg","thumbnail-image-url":"https:\/\/websitedemos.net\/wp-content\/uploads\/2019\/07\/car-wash-home-600x800.jpg","fullpage-thumbnail-image-url":"https:\/\/websitedemos.net\/wp-content\/uploads\/2019\/07\/car-wash-home-400x1346.jpg","astra-site-url":"\/\/websitedemos.net\/car-wash-02","astra-site-parent-id":301,"astra-sites-tag":{"588":"car-care","587":"car-detailing","586":"car-wash","590":"color-coat","1021":"local-business","589":"teflon-coat"},"astra-sites-type":"free","astra-site-page-builder":"elementor","astra-site-category":{"27":"business","39":"free"},"pages":{"id-25155":{"title":"Home","featured-image-url":"https:\/\/websitedemos.net\/wp-content\/uploads\/2019\/07\/car-wash-home.jpg","thumbnail-image-url":"https:\/\/websitedemos.net\/wp-content\/uploads\/2019\/07\/car-wash-home-600x800.jpg","astra-page-api-url":"https:\/\/websitedemos.net\/car-wash-02\/wp-json\/wp\/v2\/pages\/6","dynamic-page":"no","astra-page-url":"\/\/websitedemos.net\/car-wash-02\/","astra-sites-tag":{"423":"home"},"site-pages-type":"free","site-pages-page-builder":"elementor","site-pages-category":[],"site-pages-parent-category":{"60":"business","61":"free"}},"id-25156":{"title":"Services","featured-image-url":"https:\/\/websitedemos.net\/wp-content\/uploads\/2019\/07\/car-wash-services.jpg","thumbnail-image-url":"https:\/\/websitedemos.net\/wp-content\/uploads\/2019\/07\/car-wash-services-600x800.jpg","astra-page-api-url":"https:\/\/websitedemos.net\/car-wash-02\/wp-json\/wp\/v2\/pages\/8","dynamic-page":"no","astra-page-url":"\/\/websitedemos.net\/car-wash-02\/services\/","astra-sites-tag":{"425":"services"},"site-pages-type":"free","site-pages-page-builder":"elementor","site-pages-category":[],"site-pages-parent-category":{"60":"business","61":"free"}},"id-25153":{"title":"About","featured-image-url":"https:\/\/websitedemos.net\/wp-content\/uploads\/2019\/07\/car-wash-about.jpg","thumbnail-image-url":"https:\/\/websitedemos.net\/wp-content\/uploads\/2019\/07\/car-wash-about-600x800.jpg","astra-page-api-url":"https:\/\/websitedemos.net\/car-wash-02\/wp-json\/wp\/v2\/pages\/7","dynamic-page":"no","astra-page-url":"\/\/websitedemos.net\/car-wash-02\/about\/","astra-sites-tag":{"352":"about"},"site-pages-type":"free","site-pages-page-builder":"elementor","site-pages-category":[],"site-pages-parent-category":{"60":"business","61":"free"}},"id-25157":{"title":"Wash Menu","featured-image-url":"https:\/\/websitedemos.net\/wp-content\/uploads\/2019\/07\/car-wash-washmenu.jpg","thumbnail-image-url":"https:\/\/websitedemos.net\/wp-content\/uploads\/2019\/07\/car-wash-washmenu-600x800.jpg","astra-page-api-url":"https:\/\/websitedemos.net\/car-wash-02\/wp-json\/wp\/v2\/pages\/9","dynamic-page":"no","astra-page-url":"\/\/websitedemos.net\/car-wash-02\/wash-menu\/","astra-sites-tag":{"565":"menu","761":"wash-menu"},"site-pages-type":"free","site-pages-page-builder":"elementor","site-pages-category":[],"site-pages-parent-category":{"60":"business","61":"free"}},"id-25154":{"title":"Contact","featured-image-url":"https:\/\/websitedemos.net\/wp-content\/uploads\/2019\/07\/car-wash-contact.jpg","thumbnail-image-url":"https:\/\/websitedemos.net\/wp-content\/uploads\/2019\/07\/car-wash-contact-600x800.jpg","astra-page-api-url":"https:\/\/websitedemos.net\/car-wash-02\/wp-json\/wp\/v2\/pages\/10","dynamic-page":"no","astra-page-url":"\/\/websitedemos.net\/car-wash-02\/contact\/","astra-sites-tag":{"415":"contact"},"site-pages-type":"free","site-pages-page-builder":"elementor","site-pages-category":[],"site-pages-parent-category":{"60":"business","61":"free"}}}},"id-21676":{"title":"Wedding Invitation","featured-image-url":"https:\/\/websitedemos.net\/wp-content\/uploads\/2019\/06\/wedding-mark-brizy.jpg","thumbnail-image-url":"https:\/\/websitedemos.net\/wp-content\/uploads\/2019\/06\/wedding-mark-brizy-600x800.jpg","fullpage-thumbnail-image-url":"https:\/\/websitedemos.net\/wp-content\/uploads\/2019\/06\/wedding-mark-brizy-400x1314.jpg","astra-site-url":"\/\/websitedemos.net\/wedding-05","astra-site-parent-id":59,"astra-sites-tag":{"698":"engagement","699":"invitation","697":"wedding"},"astra-sites-type":"free","astra-site-page-builder":"brizy","astra-site-category":{"27":"business","39":"free"},"pages":{"id-22120":{"title":"Home","featured-image-url":"https:\/\/websitedemos.net\/wp-content\/uploads\/2019\/06\/wedding-mark-brizy.jpg","thumbnail-image-url":"https:\/\/websitedemos.net\/wp-content\/uploads\/2019\/06\/wedding-mark-brizy-600x800.jpg","astra-page-api-url":"https:\/\/websitedemos.net\/wedding-05\/wp-json\/wp\/v2\/pages\/514","dynamic-page":"no","astra-page-url":"\/\/websitedemos.net\/wedding-05\/","astra-sites-tag":{"423":"home"},"site-pages-type":"free","site-pages-page-builder":"brizy","site-pages-category":[],"site-pages-parent-category":{"60":"business","61":"free"}}}},"id-21599":{"title":"Makeup Artist Studio","featured-image-url":"https:\/\/websitedemos.net\/wp-content\/uploads\/2019\/04\/makeup-artist-04-feb-20-home.jpg","thumbnail-image-url":"https:\/\/websitedemos.net\/wp-content\/uploads\/2019\/04\/makeup-artist-04-feb-20-home-600x800.jpg","fullpage-thumbnail-image-url":"https:\/\/websitedemos.net\/wp-content\/uploads\/2019\/04\/makeup-artist-04-feb-20-home-400x1263.jpg","astra-site-url":"\/\/websitedemos.net\/makeup-artist-04","astra-site-parent-id":125,"astra-sites-tag":{"1023":"beauty","579":"bridal-make-up","477":"hair-care","575":"hair-styles","982":"hairstylist","577":"makeup-artist","1020":"personal"},"astra-sites-type":"agency-mini","astra-site-page-builder":"elementor","astra-site-category":{"27":"business"},"pages":{"id-23191":{"title":"Home","featured-image-url":"https:\/\/websitedemos.net\/wp-content\/uploads\/2019\/04\/makeup-artist-04-feb-20-home.jpg","thumbnail-image-url":"https:\/\/websitedemos.net\/wp-content\/uploads\/2019\/04\/makeup-artist-04-feb-20-home-600x800.jpg","astra-page-api-url":"https:\/\/websitedemos.net\/makeup-artist-04\/wp-json\/wp\/v2\/pages\/10","dynamic-page":"no","astra-page-url":"\/\/websitedemos.net\/makeup-artist-04\/","astra-sites-tag":{"423":"home"},"site-pages-type":"agency-mini","site-pages-page-builder":"elementor","site-pages-category":[],"site-pages-parent-category":{"60":"business"}},"id-23193":{"title":"Services","featured-image-url":"https:\/\/websitedemos.net\/wp-content\/uploads\/2019\/07\/makeup-artist-04-feb-20-services.jpg","thumbnail-image-url":"https:\/\/websitedemos.net\/wp-content\/uploads\/2019\/07\/makeup-artist-04-feb-20-services-600x800.jpg","astra-page-api-url":"https:\/\/websitedemos.net\/makeup-artist-04\/wp-json\/wp\/v2\/pages\/12","dynamic-page":"no","astra-page-url":"\/\/websitedemos.net\/makeup-artist-04\/services\/","astra-sites-tag":{"425":"services"},"site-pages-type":"agency-mini","site-pages-page-builder":"elementor","site-pages-category":[],"site-pages-parent-category":{"60":"business"}},"id-23189":{"title":"About","featured-image-url":"https:\/\/websitedemos.net\/wp-content\/uploads\/2019\/07\/makeup-artist-04-feb-20-about.jpg","thumbnail-image-url":"https:\/\/websitedemos.net\/wp-content\/uploads\/2019\/07\/makeup-artist-04-feb-20-about-600x800.jpg","astra-page-api-url":"https:\/\/websitedemos.net\/makeup-artist-04\/wp-json\/wp\/v2\/pages\/14","dynamic-page":"no","astra-page-url":"\/\/websitedemos.net\/makeup-artist-04\/about\/","astra-sites-tag":{"352":"about"},"site-pages-type":"agency-mini","site-pages-page-builder":"elementor","site-pages-category":[],"site-pages-parent-category":{"60":"business"}},"id-23192":{"title":"Pricing","featured-image-url":"https:\/\/websitedemos.net\/wp-content\/uploads\/2019\/07\/makeup-artist-04-feb-20-pricing.jpg","thumbnail-image-url":"https:\/\/websitedemos.net\/wp-content\/uploads\/2019\/07\/makeup-artist-04-feb-20-pricing-600x800.jpg","astra-page-api-url":"https:\/\/websitedemos.net\/makeup-artist-04\/wp-json\/wp\/v2\/pages\/16","dynamic-page":"no","astra-page-url":"\/\/websitedemos.net\/makeup-artist-04\/pricing\/","astra-sites-tag":{"585":"pricing"},"site-pages-type":"agency-mini","site-pages-page-builder":"elementor","site-pages-category":[],"site-pages-parent-category":{"60":"business"}},"id-23190":{"title":"Contact","featured-image-url":"https:\/\/websitedemos.net\/wp-content\/uploads\/2019\/07\/makeup-artist-04-feb-20-contact.jpg","thumbnail-image-url":"https:\/\/websitedemos.net\/wp-content\/uploads\/2019\/07\/makeup-artist-04-feb-20-contact-600x800.jpg","astra-page-api-url":"https:\/\/websitedemos.net\/makeup-artist-04\/wp-json\/wp\/v2\/pages\/18","dynamic-page":"no","astra-page-url":"\/\/websitedemos.net\/makeup-artist-04\/contact\/","astra-sites-tag":{"415":"contact","454":"contact-us"},"site-pages-type":"agency-mini","site-pages-page-builder":"elementor","site-pages-category":[],"site-pages-parent-category":{"60":"business"}}}},"id-21347":{"title":"Transport Services","featured-image-url":"https:\/\/websitedemos.net\/wp-content\/uploads\/2019\/07\/transport-services-04-home-1.jpg","thumbnail-image-url":"https:\/\/websitedemos.net\/wp-content\/uploads\/2019\/07\/transport-services-04-home-1-600x800.jpg","fullpage-thumbnail-image-url":"https:\/\/websitedemos.net\/wp-content\/uploads\/2019\/07\/transport-services-04-home-1-400x1937.jpg","astra-site-url":"\/\/websitedemos.net\/transport-services-03","astra-site-parent-id":97,"astra-sites-tag":{"394":"air-cargo","391":"cargo-services","392":"freight-services","388":"good-carrier","389":"logistics","393":"road-transport","390":"shipping","366":"transport","387":"trucking"},"astra-sites-type":"agency-mini","astra-site-page-builder":"beaver-builder","astra-site-category":{"27":"business"},"pages":{"id-22894":{"title":"One Page Website","featured-image-url":"https:\/\/websitedemos.net\/wp-content\/uploads\/2019\/07\/transport-services-04-home-1.jpg","thumbnail-image-url":"https:\/\/websitedemos.net\/wp-content\/uploads\/2019\/07\/transport-services-04-home-1-600x800.jpg","astra-page-api-url":"https:\/\/websitedemos.net\/transport-services-03\/wp-json\/wp\/v2\/pages\/150","dynamic-page":"no","astra-page-url":"\/\/websitedemos.net\/transport-services-03\/","astra-sites-tag":{"423":"home","746":"one-page-site"},"site-pages-type":"agency-mini","site-pages-page-builder":"beaver-builder","site-pages-category":[],"site-pages-parent-category":{"60":"business"}}}},"id-21329":{"title":"Transport Services","featured-image-url":"https:\/\/websitedemos.net\/wp-content\/uploads\/2019\/07\/transport-services-04-home-1.jpg","thumbnail-image-url":"https:\/\/websitedemos.net\/wp-content\/uploads\/2019\/07\/transport-services-04-home-1-600x800.jpg","fullpage-thumbnail-image-url":"https:\/\/websitedemos.net\/wp-content\/uploads\/2019\/07\/transport-services-04-home-1-400x1937.jpg","astra-site-url":"\/\/websitedemos.net\/transport-services-04","astra-site-parent-id":95,"astra-sites-tag":{"394":"air-cargo","845":"blue","391":"cargo-services","392":"freight-services","388":"good-carrier","389":"logistics","399":"one-page","846":"red","393":"road-transport","390":"shipping","366":"transport","387":"trucking"},"astra-sites-type":"agency-mini","astra-site-page-builder":"elementor","astra-site-category":{"27":"business"},"pages":{"id-22887":{"title":"One Page Website","featured-image-url":"https:\/\/websitedemos.net\/wp-content\/uploads\/2019\/07\/transport-services-04-home-1.jpg","thumbnail-image-url":"https:\/\/websitedemos.net\/wp-content\/uploads\/2019\/07\/transport-services-04-home-1-600x800.jpg","astra-page-api-url":"https:\/\/websitedemos.net\/transport-services-04\/wp-json\/wp\/v2\/pages\/6","dynamic-page":"no","astra-page-url":"\/\/websitedemos.net\/transport-services-04\/","astra-sites-tag":{"423":"home"},"site-pages-type":"agency-mini","site-pages-page-builder":"elementor","site-pages-category":[],"site-pages-parent-category":{"60":"business"}}}},"id-21335":{"title":"Cleaning Services","featured-image-url":"https:\/\/websitedemos.net\/wp-content\/uploads\/2019\/04\/cleaning-services-home.jpg","thumbnail-image-url":"https:\/\/websitedemos.net\/wp-content\/uploads\/2019\/04\/cleaning-services-home-600x800.jpg","fullpage-thumbnail-image-url":"https:\/\/websitedemos.net\/wp-content\/uploads\/2019\/04\/cleaning-services-home-400x1559.jpg","astra-site-url":"\/\/websitedemos.net\/cleaning-services-03","astra-site-parent-id":122,"astra-sites-tag":{"1000":"cleaner","680":"cleaning","679":"cleaning-services","673":"commercial-cleaning","674":"domestic-cleaning","675":"housekeeping","676":"maintenance","677":"washing"},"astra-sites-type":"agency-mini","astra-site-page-builder":"beaver-builder","astra-site-category":{"27":"business"},"pages":{"id-23157":{"title":"Home","featured-image-url":"https:\/\/websitedemos.net\/wp-content\/uploads\/2019\/04\/cleaning-services-home.jpg","thumbnail-image-url":"https:\/\/websitedemos.net\/wp-content\/uploads\/2019\/04\/cleaning-services-home-600x800.jpg","astra-page-api-url":"https:\/\/websitedemos.net\/cleaning-services-03\/wp-json\/wp\/v2\/pages\/239","dynamic-page":"no","astra-page-url":"\/\/websitedemos.net\/cleaning-services-03\/","astra-sites-tag":{"423":"home"},"site-pages-type":"agency-mini","site-pages-page-builder":"beaver-builder","site-pages-category":[],"site-pages-parent-category":{"60":"business"}},"id-23155":{"title":"About","featured-image-url":"https:\/\/websitedemos.net\/wp-content\/uploads\/2019\/07\/cleaning-services-about.jpg","thumbnail-image-url":"https:\/\/websitedemos.net\/wp-content\/uploads\/2019\/07\/cleaning-services-about-600x800.jpg","astra-page-api-url":"https:\/\/websitedemos.net\/cleaning-services-03\/wp-json\/wp\/v2\/pages\/8","dynamic-page":"no","astra-page-url":"\/\/websitedemos.net\/cleaning-services-03\/about\/","astra-sites-tag":{"352":"about"},"site-pages-type":"agency-mini","site-pages-page-builder":"beaver-builder","site-pages-category":[],"site-pages-parent-category":{"60":"business"}},"id-23159":{"title":"Services","featured-image-url":"https:\/\/websitedemos.net\/wp-content\/uploads\/2019\/07\/cleaning-services-services.jpg","thumbnail-image-url":"https:\/\/websitedemos.net\/wp-content\/uploads\/2019\/07\/cleaning-services-services-600x800.jpg","astra-page-api-url":"https:\/\/websitedemos.net\/cleaning-services-03\/wp-json\/wp\/v2\/pages\/10","dynamic-page":"no","astra-page-url":"\/\/websitedemos.net\/cleaning-services-03\/services\/","astra-sites-tag":{"425":"services"},"site-pages-type":"agency-mini","site-pages-page-builder":"beaver-builder","site-pages-category":[],"site-pages-parent-category":{"60":"business"}},"id-23160":{"title":"Why choose us","featured-image-url":"https:\/\/websitedemos.net\/wp-content\/uploads\/2019\/07\/cleaning-services-why-choose-us.jpg","thumbnail-image-url":"https:\/\/websitedemos.net\/wp-content\/uploads\/2019\/07\/cleaning-services-why-choose-us-600x800.jpg","astra-page-api-url":"https:\/\/websitedemos.net\/cleaning-services-03\/wp-json\/wp\/v2\/pages\/12","dynamic-page":"no","astra-page-url":"\/\/websitedemos.net\/cleaning-services-03\/why-choose-us\/","astra-sites-tag":{"760":"why-choose-us"},"site-pages-type":"agency-mini","site-pages-page-builder":"beaver-builder","site-pages-category":[],"site-pages-parent-category":{"60":"business"}},"id-23158":{"title":"Reviews","featured-image-url":"https:\/\/websitedemos.net\/wp-content\/uploads\/2019\/07\/cleaning-services-reviews.jpg","thumbnail-image-url":"https:\/\/websitedemos.net\/wp-content\/uploads\/2019\/07\/cleaning-services-reviews-600x800.jpg","astra-page-api-url":"https:\/\/websitedemos.net\/cleaning-services-03\/wp-json\/wp\/v2\/pages\/14","dynamic-page":"no","astra-page-url":"\/\/websitedemos.net\/cleaning-services-03\/reviews\/","astra-sites-tag":{"432":"review","433":"testimonials"},"site-pages-type":"agency-mini","site-pages-page-builder":"beaver-builder","site-pages-category":[],"site-pages-parent-category":{"60":"business"}},"id-23156":{"title":"Contact","featured-image-url":"https:\/\/websitedemos.net\/wp-content\/uploads\/2019\/07\/cleaning-services-contact.jpg","thumbnail-image-url":"https:\/\/websitedemos.net\/wp-content\/uploads\/2019\/07\/cleaning-services-contact-600x800.jpg","astra-page-api-url":"https:\/\/websitedemos.net\/cleaning-services-03\/wp-json\/wp\/v2\/pages\/16","dynamic-page":"no","astra-page-url":"\/\/websitedemos.net\/cleaning-services-03\/contact\/","astra-sites-tag":{"415":"contact"},"site-pages-type":"agency-mini","site-pages-page-builder":"beaver-builder","site-pages-category":[],"site-pages-parent-category":{"60":"business"}}}},"id-21331":{"title":"Cleaning Services","featured-image-url":"https:\/\/websitedemos.net\/wp-content\/uploads\/2019\/04\/cleaning-services-home.jpg","thumbnail-image-url":"https:\/\/websitedemos.net\/wp-content\/uploads\/2019\/04\/cleaning-services-home-600x800.jpg","fullpage-thumbnail-image-url":"https:\/\/websitedemos.net\/wp-content\/uploads\/2019\/04\/cleaning-services-home-400x1559.jpg","astra-site-url":"\/\/websitedemos.net\/cleaning-services-04","astra-site-parent-id":121,"astra-sites-tag":{"680":"cleaning","679":"cleaning-services","673":"commercial-cleaning","674":"domestic-cleaning","675":"housekeeping","676":"maintenance","1022":"professional","677":"washing"},"astra-sites-type":"agency-mini","astra-site-page-builder":"elementor","astra-site-category":{"27":"business"},"pages":{"id-23145":{"title":"Home","featured-image-url":"https:\/\/websitedemos.net\/wp-content\/uploads\/2019\/04\/cleaning-services-home.jpg","thumbnail-image-url":"https:\/\/websitedemos.net\/wp-content\/uploads\/2019\/04\/cleaning-services-home-600x800.jpg","astra-page-api-url":"https:\/\/websitedemos.net\/cleaning-services-04\/wp-json\/wp\/v2\/pages\/6","dynamic-page":"no","astra-page-url":"\/\/websitedemos.net\/cleaning-services-04\/","astra-sites-tag":{"423":"home"},"site-pages-type":"agency-mini","site-pages-page-builder":"elementor","site-pages-category":[],"site-pages-parent-category":{"60":"business"}},"id-23143":{"title":"About","featured-image-url":"https:\/\/websitedemos.net\/wp-content\/uploads\/2019\/07\/cleaning-services-about.jpg","thumbnail-image-url":"https:\/\/websitedemos.net\/wp-content\/uploads\/2019\/07\/cleaning-services-about-600x800.jpg","astra-page-api-url":"https:\/\/websitedemos.net\/cleaning-services-04\/wp-json\/wp\/v2\/pages\/8","dynamic-page":"no","astra-page-url":"\/\/websitedemos.net\/cleaning-services-04\/about\/","astra-sites-tag":{"352":"about"},"site-pages-type":"agency-mini","site-pages-page-builder":"elementor","site-pages-category":[],"site-pages-parent-category":{"60":"business"}},"id-23147":{"title":"Services","featured-image-url":"https:\/\/websitedemos.net\/wp-content\/uploads\/2019\/07\/cleaning-services-services.jpg","thumbnail-image-url":"https:\/\/websitedemos.net\/wp-content\/uploads\/2019\/07\/cleaning-services-services-600x800.jpg","astra-page-api-url":"https:\/\/websitedemos.net\/cleaning-services-04\/wp-json\/wp\/v2\/pages\/10","dynamic-page":"no","astra-page-url":"\/\/websitedemos.net\/cleaning-services-04\/services\/","astra-sites-tag":{"425":"services"},"site-pages-type":"agency-mini","site-pages-page-builder":"elementor","site-pages-category":[],"site-pages-parent-category":{"60":"business"}},"id-23148":{"title":"Why choose us","featured-image-url":"https:\/\/websitedemos.net\/wp-content\/uploads\/2019\/07\/cleaning-services-why-choose-us.jpg","thumbnail-image-url":"https:\/\/websitedemos.net\/wp-content\/uploads\/2019\/07\/cleaning-services-why-choose-us-600x800.jpg","astra-page-api-url":"https:\/\/websitedemos.net\/cleaning-services-04\/wp-json\/wp\/v2\/pages\/12","dynamic-page":"no","astra-page-url":"\/\/websitedemos.net\/cleaning-services-04\/why-choose-us\/","astra-sites-tag":{"760":"why-choose-us","852":"why-us"},"site-pages-type":"agency-mini","site-pages-page-builder":"elementor","site-pages-category":[],"site-pages-parent-category":{"60":"business"}},"id-23146":{"title":"Reviews","featured-image-url":"https:\/\/websitedemos.net\/wp-content\/uploads\/2019\/07\/cleaning-services-reviews.jpg","thumbnail-image-url":"https:\/\/websitedemos.net\/wp-content\/uploads\/2019\/07\/cleaning-services-reviews-600x800.jpg","astra-page-api-url":"https:\/\/websitedemos.net\/cleaning-services-04\/wp-json\/wp\/v2\/pages\/14","dynamic-page":"no","astra-page-url":"\/\/websitedemos.net\/cleaning-services-04\/reviews\/","astra-sites-tag":{"432":"review"},"site-pages-type":"agency-mini","site-pages-page-builder":"elementor","site-pages-category":[],"site-pages-parent-category":{"60":"business"}},"id-23144":{"title":"Contact","featured-image-url":"https:\/\/websitedemos.net\/wp-content\/uploads\/2019\/07\/cleaning-services-contact.jpg","thumbnail-image-url":"https:\/\/websitedemos.net\/wp-content\/uploads\/2019\/07\/cleaning-services-contact-600x800.jpg","astra-page-api-url":"https:\/\/websitedemos.net\/cleaning-services-04\/wp-json\/wp\/v2\/pages\/16","dynamic-page":"no","astra-page-url":"\/\/websitedemos.net\/cleaning-services-04\/contact\/","astra-sites-tag":{"415":"contact"},"site-pages-type":"agency-mini","site-pages-page-builder":"elementor","site-pages-category":[],"site-pages-parent-category":{"60":"business"}}}},"id-21169":{"title":"Fashion &amp; Lifestyle Blog","featured-image-url":"https:\/\/websitedemos.net\/wp-content\/uploads\/2019\/07\/fashion-lifestyle-home-screenshot.jpg","thumbnail-image-url":"https:\/\/websitedemos.net\/wp-content\/uploads\/2019\/07\/fashion-lifestyle-home-screenshot-600x800.jpg","fullpage-thumbnail-image-url":"https:\/\/websitedemos.net\/wp-content\/uploads\/2019\/07\/fashion-lifestyle-home-screenshot-400x1338.jpg","astra-site-url":"\/\/websitedemos.net\/fashion-lifestyle-07","astra-site-parent-id":142,"astra-sites-tag":{"480":"blog","482":"fashion","479":"lifestyle","483":"styling-shopping","481":"trend"},"astra-sites-type":"free","astra-site-page-builder":"gutenberg","astra-site-category":{"37":"blog","39":"free"},"pages":{"id-23357":{"title":"Home","featured-image-url":"https:\/\/websitedemos.net\/wp-content\/uploads\/2019\/07\/fashion-lifestyle-home-screenshot.jpg","thumbnail-image-url":"https:\/\/websitedemos.net\/wp-content\/uploads\/2019\/07\/fashion-lifestyle-home-screenshot-600x800.jpg","astra-page-api-url":"https:\/\/websitedemos.net\/fashion-lifestyle-07\/wp-json\/wp\/v2\/pages\/855","dynamic-page":"no","astra-page-url":"\/\/websitedemos.net\/fashion-lifestyle-07\/","astra-sites-tag":{"423":"home"},"site-pages-type":"free","site-pages-page-builder":"gutenberg","site-pages-category":[],"site-pages-parent-category":{"74":"blog","61":"free"}},"id-23353":{"title":"Blog","featured-image-url":"https:\/\/websitedemos.net\/wp-content\/uploads\/2019\/07\/fashion-lifestyle-blog-screenshot.jpg","thumbnail-image-url":"https:\/\/websitedemos.net\/wp-content\/uploads\/2019\/07\/fashion-lifestyle-blog-screenshot-600x800.jpg","astra-page-api-url":"https:\/\/websitedemos.net\/fashion-lifestyle-07\/wp-json\/wp\/v2\/pages\/9","dynamic-page":"no","astra-page-url":"\/\/websitedemos.net\/fashion-lifestyle-07\/blog\/","astra-sites-tag":{"480":"blog"},"site-pages-type":"free","site-pages-page-builder":"gutenberg","site-pages-category":[],"site-pages-parent-category":{"74":"blog","61":"free"}},"id-23356":{"title":"Contact","featured-image-url":"https:\/\/websitedemos.net\/wp-content\/uploads\/2019\/07\/fashion-lifestyle-contact-screenshot.jpg","thumbnail-image-url":"https:\/\/websitedemos.net\/wp-content\/uploads\/2019\/07\/fashion-lifestyle-contact-screenshot-600x800.jpg","astra-page-api-url":"https:\/\/websitedemos.net\/fashion-lifestyle-07\/wp-json\/wp\/v2\/pages\/11","dynamic-page":"no","astra-page-url":"\/\/websitedemos.net\/fashion-lifestyle-07\/contact-me\/","astra-sites-tag":{"415":"contact"},"site-pages-type":"free","site-pages-page-builder":"gutenberg","site-pages-category":[],"site-pages-parent-category":{"74":"blog","61":"free"}}}},"id-21171":{"title":"Fly Movers","featured-image-url":"https:\/\/websitedemos.net\/wp-content\/uploads\/2019\/08\/movers-packers-04-home.jpg","thumbnail-image-url":"https:\/\/websitedemos.net\/wp-content\/uploads\/2019\/08\/movers-packers-04-home-600x800.jpg","fullpage-thumbnail-image-url":"https:\/\/websitedemos.net\/wp-content\/uploads\/2019\/08\/movers-packers-04-home-400x1705.jpg","astra-site-url":"\/\/websitedemos.net\/movers-packers-04","astra-site-parent-id":362,"astra-sites-tag":{"1021":"local-business","364":"movers","365":"packers","366":"transport"},"astra-sites-type":"agency-mini","astra-site-page-builder":"elementor","astra-site-category":{"27":"business"},"pages":{"id-28778":{"title":"Home","featured-image-url":"https:\/\/websitedemos.net\/wp-content\/uploads\/2019\/08\/movers-packers-04-home.jpg","thumbnail-image-url":"https:\/\/websitedemos.net\/wp-content\/uploads\/2019\/08\/movers-packers-04-home-600x800.jpg","astra-page-api-url":"https:\/\/websitedemos.net\/movers-packers-04\/wp-json\/wp\/v2\/pages\/6","dynamic-page":"no","astra-page-url":"\/\/websitedemos.net\/movers-packers-04\/","astra-sites-tag":{"423":"home"},"site-pages-type":"agency-mini","site-pages-page-builder":"elementor","site-pages-category":[],"site-pages-parent-category":{"60":"business"}},"id-28775":{"title":"About","featured-image-url":"https:\/\/websitedemos.net\/wp-content\/uploads\/2019\/08\/movers-packers-04-about.jpg","thumbnail-image-url":"https:\/\/websitedemos.net\/wp-content\/uploads\/2019\/08\/movers-packers-04-about-600x800.jpg","astra-page-api-url":"https:\/\/websitedemos.net\/movers-packers-04\/wp-json\/wp\/v2\/pages\/69","dynamic-page":"no","astra-page-url":"\/\/websitedemos.net\/movers-packers-04\/about\/","astra-sites-tag":{"352":"about"},"site-pages-type":"agency-mini","site-pages-page-builder":"elementor","site-pages-category":[],"site-pages-parent-category":{"60":"business"}},"id-28779":{"title":"Services","featured-image-url":"https:\/\/websitedemos.net\/wp-content\/uploads\/2019\/08\/movers-packers-04-services.jpg","thumbnail-image-url":"https:\/\/websitedemos.net\/wp-content\/uploads\/2019\/08\/movers-packers-04-services-600x800.jpg","astra-page-api-url":"https:\/\/websitedemos.net\/movers-packers-04\/wp-json\/wp\/v2\/pages\/10","dynamic-page":"no","astra-page-url":"\/\/websitedemos.net\/movers-packers-04\/services\/","astra-sites-tag":{"425":"services"},"site-pages-type":"agency-mini","site-pages-page-builder":"elementor","site-pages-category":[],"site-pages-parent-category":{"60":"business"}},"id-28780":{"title":"Testimonials","featured-image-url":"https:\/\/websitedemos.net\/wp-content\/uploads\/2019\/08\/movers-packers-04-testimonials.jpg","thumbnail-image-url":"https:\/\/websitedemos.net\/wp-content\/uploads\/2019\/08\/movers-packers-04-testimonials-600x800.jpg","astra-page-api-url":"https:\/\/websitedemos.net\/movers-packers-04\/wp-json\/wp\/v2\/pages\/75","dynamic-page":"no","astra-page-url":"\/\/websitedemos.net\/movers-packers-04\/testimonials\/","astra-sites-tag":{"433":"testimonials"},"site-pages-type":"agency-mini","site-pages-page-builder":"elementor","site-pages-category":[],"site-pages-parent-category":{"60":"business"}},"id-28777":{"title":"FAQ","featured-image-url":"https:\/\/websitedemos.net\/wp-content\/uploads\/2019\/08\/movers-packers-04-faq.jpg","thumbnail-image-url":"https:\/\/websitedemos.net\/wp-content\/uploads\/2019\/08\/movers-packers-04-faq-600x800.jpg","astra-page-api-url":"https:\/\/websitedemos.net\/movers-packers-04\/wp-json\/wp\/v2\/pages\/73","dynamic-page":"no","astra-page-url":"\/\/websitedemos.net\/movers-packers-04\/faq\/","astra-sites-tag":{"426":"faq","709":"questions"},"site-pages-type":"agency-mini","site-pages-page-builder":"elementor","site-pages-category":[],"site-pages-parent-category":{"60":"business"}},"id-28776":{"title":"Contact","featured-image-url":"https:\/\/websitedemos.net\/wp-content\/uploads\/2019\/08\/movers-packers-04-contact.jpg","thumbnail-image-url":"https:\/\/websitedemos.net\/wp-content\/uploads\/2019\/08\/movers-packers-04-contact-600x800.jpg","astra-page-api-url":"https:\/\/websitedemos.net\/movers-packers-04\/wp-json\/wp\/v2\/pages\/71","dynamic-page":"no","astra-page-url":"\/\/websitedemos.net\/movers-packers-04\/contact\/","astra-sites-tag":{"415":"contact"},"site-pages-type":"agency-mini","site-pages-page-builder":"elementor","site-pages-category":[],"site-pages-parent-category":{"60":"business"}}}}}