{"id-45643":{"title":"Cosmetics Store","featured-image-url":"https:\/\/websitedemos.net\/wp-content\/uploads\/2020\/04\/cosmetics-store-01-homepage.jpg","thumbnail-image-url":"https:\/\/websitedemos.net\/wp-content\/uploads\/2020\/04\/cosmetics-store-01-homepage-600x800.jpg","fullpage-thumbnail-image-url":"https:\/\/websitedemos.net\/wp-content\/uploads\/2020\/04\/cosmetics-store-01-homepage-400x1575.jpg","astra-site-url":"\/\/websitedemos.net\/cosmetics-store-02","astra-site-parent-id":1461,"astra-sites-tag":{"1465":"beauty-products","1466":"cosmetic-products","1464":"cosmetic-store","1463":"cosmetics","496":"ecommerce","1024":"woocommerce"},"astra-sites-type":"free","astra-site-page-builder":"elementor","astra-site-category":{"38":"ecommerce","39":"free"},"pages":{"id-46041":{"title":"Home","featured-image-url":"https:\/\/websitedemos.net\/wp-content\/uploads\/2020\/04\/cosmetics-store-01-homepage.jpg","thumbnail-image-url":"https:\/\/websitedemos.net\/wp-content\/uploads\/2020\/04\/cosmetics-store-01-homepage-600x800.jpg","astra-page-api-url":"https:\/\/websitedemos.net\/cosmetics-store-02\/wp-json\/wp\/v2\/pages\/5","dynamic-page":"yes","astra-page-url":"\/\/websitedemos.net\/cosmetics-store-02\/","astra-sites-tag":{"423":"home"},"site-pages-type":"free","site-pages-page-builder":"elementor","site-pages-category":[],"site-pages-parent-category":{"64":"ecommerce","61":"free"}},"id-46042":{"title":"Testimonials","featured-image-url":"https:\/\/websitedemos.net\/wp-content\/uploads\/2020\/04\/cosmetics-store-01-testimonialspage.jpg","thumbnail-image-url":"https:\/\/websitedemos.net\/wp-content\/uploads\/2020\/04\/cosmetics-store-01-testimonialspage-600x800.jpg","astra-page-api-url":"https:\/\/websitedemos.net\/cosmetics-store-02\/wp-json\/wp\/v2\/pages\/13","dynamic-page":"no","astra-page-url":"\/\/websitedemos.net\/cosmetics-store-02\/testimonials\/","astra-sites-tag":{"432":"review","433":"testimonials"},"site-pages-type":"free","site-pages-page-builder":"elementor","site-pages-category":[],"site-pages-parent-category":{"64":"ecommerce","61":"free"}},"id-46039":{"title":"About","featured-image-url":"https:\/\/websitedemos.net\/wp-content\/uploads\/2020\/04\/cosmetics-store-01-aboutpage.jpg","thumbnail-image-url":"https:\/\/websitedemos.net\/wp-content\/uploads\/2020\/04\/cosmetics-store-01-aboutpage-600x800.jpg","astra-page-api-url":"https:\/\/websitedemos.net\/cosmetics-store-02\/wp-json\/wp\/v2\/pages\/9","dynamic-page":"no","astra-page-url":"\/\/websitedemos.net\/cosmetics-store-02\/about\/","astra-sites-tag":{"352":"about"},"site-pages-type":"free","site-pages-page-builder":"elementor","site-pages-category":[],"site-pages-parent-category":{"64":"ecommerce","61":"free"}},"id-46040":{"title":"Contact","featured-image-url":"https:\/\/websitedemos.net\/wp-content\/uploads\/2020\/04\/cosmetics-store-01-contactpage.jpg","thumbnail-image-url":"https:\/\/websitedemos.net\/wp-content\/uploads\/2020\/04\/cosmetics-store-01-contactpage-600x800.jpg","astra-page-api-url":"https:\/\/websitedemos.net\/cosmetics-store-02\/wp-json\/wp\/v2\/pages\/7","dynamic-page":"no","astra-page-url":"\/\/websitedemos.net\/cosmetics-store-02\/contact\/","astra-sites-tag":{"415":"contact"},"site-pages-type":"free","site-pages-page-builder":"elementor","site-pages-category":[],"site-pages-parent-category":{"64":"ecommerce","61":"free"}}}},"id-45725":{"title":"Cosmetics Store","featured-image-url":"https:\/\/websitedemos.net\/wp-content\/uploads\/2020\/04\/cosmetics-store-01-homepage.jpg","thumbnail-image-url":"https:\/\/websitedemos.net\/wp-content\/uploads\/2020\/04\/cosmetics-store-01-homepage-600x800.jpg","fullpage-thumbnail-image-url":"https:\/\/websitedemos.net\/wp-content\/uploads\/2020\/04\/cosmetics-store-01-homepage-400x1575.jpg","astra-site-url":"\/\/websitedemos.net\/cosmetics-store-01","astra-site-parent-id":1469,"astra-sites-tag":{"1023":"beauty","1465":"beauty-products","1466":"cosmetic-products","1464":"cosmetic-store","1463":"cosmetics","496":"ecommerce","1024":"woocommerce"},"astra-sites-type":"free","astra-site-page-builder":"beaver-builder","astra-site-category":{"38":"ecommerce","39":"free"},"pages":{"id-45728":{"title":"Home","featured-image-url":"https:\/\/websitedemos.net\/wp-content\/uploads\/2020\/04\/cosmetics-store-01-homepage.jpg","thumbnail-image-url":"https:\/\/websitedemos.net\/wp-content\/uploads\/2020\/04\/cosmetics-store-01-homepage-600x800.jpg","astra-page-api-url":"https:\/\/websitedemos.net\/cosmetics-store-01\/wp-json\/wp\/v2\/pages\/38","dynamic-page":"yes","astra-page-url":"\/\/websitedemos.net\/cosmetics-store-01\/","astra-sites-tag":{"423":"home","814":"homepage","1467":"store-homepage"},"site-pages-type":"free","site-pages-page-builder":"beaver-builder","site-pages-category":[],"site-pages-parent-category":{"64":"ecommerce","61":"free"}},"id-45729":{"title":"Testimonials","featured-image-url":"https:\/\/websitedemos.net\/wp-content\/uploads\/2020\/04\/cosmetics-store-01-testimonialspage.jpg","thumbnail-image-url":"https:\/\/websitedemos.net\/wp-content\/uploads\/2020\/04\/cosmetics-store-01-testimonialspage-600x800.jpg","astra-page-api-url":"https:\/\/websitedemos.net\/cosmetics-store-01\/wp-json\/wp\/v2\/pages\/31","dynamic-page":"no","astra-page-url":"\/\/websitedemos.net\/cosmetics-store-01\/testimonials\/","astra-sites-tag":{"1468":"product-reviews","432":"review","1470":"testi"},"site-pages-type":"free","site-pages-page-builder":"beaver-builder","site-pages-category":[],"site-pages-parent-category":{"64":"ecommerce","61":"free"}},"id-45726":{"title":"About","featured-image-url":"https:\/\/websitedemos.net\/wp-content\/uploads\/2020\/04\/cosmetics-store-01-aboutpage.jpg","thumbnail-image-url":"https:\/\/websitedemos.net\/wp-content\/uploads\/2020\/04\/cosmetics-store-01-aboutpage-600x800.jpg","astra-page-api-url":"https:\/\/websitedemos.net\/cosmetics-store-01\/wp-json\/wp\/v2\/pages\/29","dynamic-page":"no","astra-page-url":"\/\/websitedemos.net\/cosmetics-store-01\/about\/","astra-sites-tag":{"352":"about","455":"about-us"},"site-pages-type":"free","site-pages-page-builder":"beaver-builder","site-pages-category":[],"site-pages-parent-category":{"64":"ecommerce","61":"free"}},"id-45727":{"title":"Contact","featured-image-url":"https:\/\/websitedemos.net\/wp-content\/uploads\/2020\/04\/cosmetics-store-01-contactpage.jpg","thumbnail-image-url":"https:\/\/websitedemos.net\/wp-content\/uploads\/2020\/04\/cosmetics-store-01-contactpage-600x800.jpg","astra-page-api-url":"https:\/\/websitedemos.net\/cosmetics-store-01\/wp-json\/wp\/v2\/pages\/30","dynamic-page":"no","astra-page-url":"\/\/websitedemos.net\/cosmetics-store-01\/contact\/","astra-sites-tag":{"415":"contact","454":"contact-us","377":"get-in-touch"},"site-pages-type":"free","site-pages-page-builder":"beaver-builder","site-pages-category":[],"site-pages-parent-category":{"64":"ecommerce","61":"free"}}}},"id-19579":{"title":"BBQ Restaurant","featured-image-url":"https:\/\/websitedemos.net\/wp-content\/uploads\/2018\/10\/image-19579-287-resized.jpg","thumbnail-image-url":"https:\/\/websitedemos.net\/wp-content\/uploads\/2018\/10\/image-19579-287-resized-600x800.jpg","fullpage-thumbnail-image-url":"https:\/\/websitedemos.net\/wp-content\/uploads\/2018\/10\/image-19579-287-resized.jpg","astra-site-url":"\/\/websitedemos.net\/bbq-restaurant-01","astra-site-parent-id":84,"astra-sites-tag":{"566":"bbq-restaurant","562":"bistro","972":"club","560":"cuisine","561":"eatery","336":"food","350":"hotel","559":"outlet","335":"restaurant","970":"restro","971":"restro-bar"},"astra-sites-type":"free","astra-site-page-builder":"beaver-builder","astra-site-category":{"27":"business","39":"free"},"pages":{"id-22694":{"title":"Home","featured-image-url":"https:\/\/websitedemos.net\/wp-content\/uploads\/2019\/07\/bbq-resto-homepage.jpg","thumbnail-image-url":"https:\/\/websitedemos.net\/wp-content\/uploads\/2019\/07\/bbq-resto-homepage-600x800.jpg","astra-page-api-url":"https:\/\/websitedemos.net\/bbq-restaurant-01\/wp-json\/wp\/v2\/pages\/6","dynamic-page":"no","astra-page-url":"\/\/websitedemos.net\/bbq-restaurant-01\/","astra-sites-tag":{"423":"home"},"site-pages-type":"free","site-pages-page-builder":"beaver-builder","site-pages-category":[],"site-pages-parent-category":{"60":"business","61":"free"}},"id-22691":{"title":"About Us","featured-image-url":"https:\/\/websitedemos.net\/wp-content\/uploads\/2019\/07\/bbq-about-page.jpg","thumbnail-image-url":"https:\/\/websitedemos.net\/wp-content\/uploads\/2019\/07\/bbq-about-page-600x800.jpg","astra-page-api-url":"https:\/\/websitedemos.net\/bbq-restaurant-01\/wp-json\/wp\/v2\/pages\/7","dynamic-page":"no","astra-page-url":"\/\/websitedemos.net\/bbq-restaurant-01\/about-us\/","astra-sites-tag":{"352":"about"},"site-pages-type":"free","site-pages-page-builder":"beaver-builder","site-pages-category":[],"site-pages-parent-category":{"60":"business","61":"free"}},"id-22695":{"title":"Menu","featured-image-url":"https:\/\/websitedemos.net\/wp-content\/uploads\/2019\/07\/bbq-menu-page.jpg","thumbnail-image-url":"https:\/\/websitedemos.net\/wp-content\/uploads\/2019\/07\/bbq-menu-page-600x800.jpg","astra-page-api-url":"https:\/\/websitedemos.net\/bbq-restaurant-01\/wp-json\/wp\/v2\/pages\/8","dynamic-page":"no","astra-page-url":"\/\/websitedemos.net\/bbq-restaurant-01\/menu\/","astra-sites-tag":{"565":"menu"},"site-pages-type":"free","site-pages-page-builder":"beaver-builder","site-pages-category":[],"site-pages-parent-category":{"60":"business","61":"free"}},"id-22693":{"title":"Contact Us","featured-image-url":"https:\/\/websitedemos.net\/wp-content\/uploads\/2019\/07\/bbq-contact-page.jpg","thumbnail-image-url":"https:\/\/websitedemos.net\/wp-content\/uploads\/2019\/07\/bbq-contact-page-600x800.jpg","astra-page-api-url":"https:\/\/websitedemos.net\/bbq-restaurant-01\/wp-json\/wp\/v2\/pages\/9","dynamic-page":"no","astra-page-url":"\/\/websitedemos.net\/bbq-restaurant-01\/contact-us\/","astra-sites-tag":{"415":"contact"},"site-pages-type":"free","site-pages-page-builder":"beaver-builder","site-pages-category":[],"site-pages-parent-category":{"60":"business","61":"free"}}}},"id-19984":{"title":"BBQ Restaurant","featured-image-url":"https:\/\/websitedemos.net\/wp-content\/uploads\/2019\/07\/steaks-bbq-gb.jpg","thumbnail-image-url":"https:\/\/websitedemos.net\/wp-content\/uploads\/2019\/07\/steaks-bbq-gb-600x800.jpg","fullpage-thumbnail-image-url":"https:\/\/websitedemos.net\/wp-content\/uploads\/2019\/07\/steaks-bbq-gb-400x1581.jpg","astra-site-url":"\/\/websitedemos.net\/bbq-restaurant-07","astra-site-parent-id":109,"astra-sites-tag":{"566":"bbq-restaurant","562":"bistro","972":"club","560":"cuisine","561":"eatery","336":"food","350":"hotel","559":"outlet","335":"restaurant","970":"restro","971":"restro-bar"},"astra-sites-type":"free","astra-site-page-builder":"gutenberg","astra-site-category":{"27":"business","39":"free"},"pages":{"id-23003":{"title":"Home","featured-image-url":"https:\/\/websitedemos.net\/wp-content\/uploads\/2019\/07\/steaks-bbq-gb.jpg","thumbnail-image-url":"https:\/\/websitedemos.net\/wp-content\/uploads\/2019\/07\/steaks-bbq-gb-600x800.jpg","astra-page-api-url":"https:\/\/websitedemos.net\/bbq-restaurant-07\/wp-json\/wp\/v2\/pages\/6","dynamic-page":"no","astra-page-url":"\/\/websitedemos.net\/bbq-restaurant-07\/","astra-sites-tag":{"423":"home"},"site-pages-type":"free","site-pages-page-builder":"gutenberg","site-pages-category":[],"site-pages-parent-category":{"60":"business","61":"free"}},"id-23001":{"title":"About Us","featured-image-url":"https:\/\/websitedemos.net\/wp-content\/uploads\/2019\/07\/steaks-bbq-about-gb.jpg","thumbnail-image-url":"https:\/\/websitedemos.net\/wp-content\/uploads\/2019\/07\/steaks-bbq-about-gb-600x800.jpg","astra-page-api-url":"https:\/\/websitedemos.net\/bbq-restaurant-07\/wp-json\/wp\/v2\/pages\/7","dynamic-page":"no","astra-page-url":"\/\/websitedemos.net\/bbq-restaurant-07\/about-us\/","astra-sites-tag":{"352":"about"},"site-pages-type":"free","site-pages-page-builder":"gutenberg","site-pages-category":[],"site-pages-parent-category":{"60":"business","61":"free"}},"id-23004":{"title":"Menu","featured-image-url":"https:\/\/websitedemos.net\/wp-content\/uploads\/2019\/07\/steaks-bbq-menu-gb.jpg","thumbnail-image-url":"https:\/\/websitedemos.net\/wp-content\/uploads\/2019\/07\/steaks-bbq-menu-gb-600x800.jpg","astra-page-api-url":"https:\/\/websitedemos.net\/bbq-restaurant-07\/wp-json\/wp\/v2\/pages\/8","dynamic-page":"no","astra-page-url":"\/\/websitedemos.net\/bbq-restaurant-07\/menu\/","astra-sites-tag":{"565":"menu"},"site-pages-type":"free","site-pages-page-builder":"gutenberg","site-pages-category":[],"site-pages-parent-category":{"60":"business","61":"free"}},"id-23002":{"title":"Contact Us","featured-image-url":"https:\/\/websitedemos.net\/wp-content\/uploads\/2019\/07\/steaks-bbq-contact-gb.jpg","thumbnail-image-url":"https:\/\/websitedemos.net\/wp-content\/uploads\/2019\/07\/steaks-bbq-contact-gb-600x800.jpg","astra-page-api-url":"https:\/\/websitedemos.net\/bbq-restaurant-07\/wp-json\/wp\/v2\/pages\/9","dynamic-page":"no","astra-page-url":"\/\/websitedemos.net\/bbq-restaurant-07\/contact-us\/","astra-sites-tag":{"415":"contact"},"site-pages-type":"free","site-pages-page-builder":"gutenberg","site-pages-category":[],"site-pages-parent-category":{"60":"business","61":"free"}}}},"id-21828":{"title":"Health Coach","featured-image-url":"https:\/\/websitedemos.net\/wp-content\/uploads\/2019\/07\/health-coach-04-home-page.jpg","thumbnail-image-url":"https:\/\/websitedemos.net\/wp-content\/uploads\/2019\/07\/health-coach-04-home-page-600x800.jpg","fullpage-thumbnail-image-url":"https:\/\/websitedemos.net\/wp-content\/uploads\/2019\/07\/health-coach-04-home-page-400x1733.jpg","astra-site-url":"\/\/websitedemos.net\/health-coach-04","astra-site-parent-id":88,"astra-sites-tag":{"480":"blog","516":"diet","521":"fitness-blog","336":"food","518":"health-coach","517":"healthy-eating","519":"healthy-living","520":"nutrition","1020":"personal"},"astra-sites-type":"agency-mini","astra-site-page-builder":"elementor","astra-site-category":{"37":"blog"},"pages":{"id-22740":{"title":"Home","featured-image-url":"https:\/\/websitedemos.net\/wp-content\/uploads\/2019\/07\/health-coach-04-home-page.jpg","thumbnail-image-url":"https:\/\/websitedemos.net\/wp-content\/uploads\/2019\/07\/health-coach-04-home-page-600x800.jpg","astra-page-api-url":"https:\/\/websitedemos.net\/health-coach-04\/wp-json\/wp\/v2\/pages\/12","dynamic-page":"no","astra-page-url":"\/\/websitedemos.net\/health-coach-04\/","astra-sites-tag":{"423":"home"},"site-pages-type":"agency-mini","site-pages-page-builder":"elementor","site-pages-category":[],"site-pages-parent-category":{"74":"blog"}},"id-22741":{"title":"My Story","featured-image-url":"https:\/\/websitedemos.net\/wp-content\/uploads\/2019\/07\/health-coach-04-my-story-page.jpg","thumbnail-image-url":"https:\/\/websitedemos.net\/wp-content\/uploads\/2019\/07\/health-coach-04-my-story-page-600x800.jpg","astra-page-api-url":"https:\/\/websitedemos.net\/health-coach-04\/wp-json\/wp\/v2\/pages\/4","dynamic-page":"no","astra-page-url":"\/\/websitedemos.net\/health-coach-04\/my-story\/","astra-sites-tag":{"352":"about","905":"our-story","767":"story"},"site-pages-type":"agency-mini","site-pages-page-builder":"elementor","site-pages-category":[],"site-pages-parent-category":{"74":"blog"}},"id-22738":{"title":"Blog","featured-image-url":"https:\/\/websitedemos.net\/wp-content\/uploads\/2019\/07\/health-coach-04-blog-page.jpg","thumbnail-image-url":"https:\/\/websitedemos.net\/wp-content\/uploads\/2019\/07\/health-coach-04-blog-page-600x800.jpg","astra-page-api-url":"https:\/\/websitedemos.net\/health-coach-04\/wp-json\/wp\/v2\/pages\/152","dynamic-page":"no","astra-page-url":"\/\/websitedemos.net\/health-coach-04\/blog\/","astra-sites-tag":{"480":"blog"},"site-pages-type":"agency-mini","site-pages-page-builder":"gutenberg","site-pages-category":[],"site-pages-parent-category":{"74":"blog"}},"id-22739":{"title":"Get Started","featured-image-url":"https:\/\/websitedemos.net\/wp-content\/uploads\/2019\/07\/id-22739-health-coach-get-started-resize.jpg","thumbnail-image-url":"https:\/\/websitedemos.net\/wp-content\/uploads\/2019\/07\/id-22739-health-coach-get-started-resize-600x800.jpg","astra-page-api-url":"https:\/\/websitedemos.net\/health-coach-04\/wp-json\/wp\/v2\/pages\/5","dynamic-page":"no","astra-page-url":"\/\/websitedemos.net\/health-coach-04\/get-started\/","astra-sites-tag":{"415":"contact","766":"get-started"},"site-pages-type":"agency-mini","site-pages-page-builder":"elementor","site-pages-category":[],"site-pages-parent-category":{"74":"blog"}}}},"id-44066":{"title":"Health Coach","featured-image-url":"https:\/\/websitedemos.net\/wp-content\/uploads\/2019\/07\/health-coach-04-home-page.jpg","thumbnail-image-url":"https:\/\/websitedemos.net\/wp-content\/uploads\/2019\/07\/health-coach-04-home-page-600x800.jpg","fullpage-thumbnail-image-url":"https:\/\/websitedemos.net\/wp-content\/uploads\/2019\/07\/health-coach-04-home-page-400x1733.jpg","astra-site-url":"\/\/websitedemos.net\/health-coach-03","astra-site-parent-id":1420,"astra-sites-tag":{"516":"diet","521":"fitness-blog","336":"food","518":"health-coach","517":"healthy-eating","519":"healthy-living","520":"nutrition"},"astra-sites-type":"agency-mini","astra-site-page-builder":"beaver-builder","astra-site-category":{"37":"blog"},"pages":{"id-45544":{"title":"Home","featured-image-url":"https:\/\/websitedemos.net\/wp-content\/uploads\/2019\/07\/health-coach-04-home-page.jpg","thumbnail-image-url":"https:\/\/websitedemos.net\/wp-content\/uploads\/2019\/07\/health-coach-04-home-page-600x800.jpg","astra-page-api-url":"https:\/\/websitedemos.net\/health-coach-03\/wp-json\/wp\/v2\/pages\/12","dynamic-page":"no","astra-page-url":"\/\/websitedemos.net\/health-coach-03\/","astra-sites-tag":{"423":"home"},"site-pages-type":"agency-mini","site-pages-page-builder":"beaver-builder","site-pages-category":[],"site-pages-parent-category":{"74":"blog"}},"id-45545":{"title":"My Story","featured-image-url":"https:\/\/websitedemos.net\/wp-content\/uploads\/2019\/07\/health-coach-04-my-story-page.jpg","thumbnail-image-url":"https:\/\/websitedemos.net\/wp-content\/uploads\/2019\/07\/health-coach-04-my-story-page-600x800.jpg","astra-page-api-url":"https:\/\/websitedemos.net\/health-coach-03\/wp-json\/wp\/v2\/pages\/465","dynamic-page":"no","astra-page-url":"\/\/websitedemos.net\/health-coach-03\/my-story\/","astra-sites-tag":{"352":"about"},"site-pages-type":"agency-mini","site-pages-page-builder":"beaver-builder","site-pages-category":[],"site-pages-parent-category":{"74":"blog"}},"id-45542":{"title":"Blog","featured-image-url":"https:\/\/websitedemos.net\/wp-content\/uploads\/2019\/07\/health-coach-04-blog-page.jpg","thumbnail-image-url":"https:\/\/websitedemos.net\/wp-content\/uploads\/2019\/07\/health-coach-04-blog-page-600x800.jpg","astra-page-api-url":"https:\/\/websitedemos.net\/health-coach-03\/wp-json\/wp\/v2\/pages\/327","dynamic-page":"no","astra-page-url":"\/\/websitedemos.net\/health-coach-03\/blog\/","astra-sites-tag":{"480":"blog"},"site-pages-type":"agency-mini","site-pages-page-builder":"gutenberg","site-pages-category":[],"site-pages-parent-category":{"74":"blog"}},"id-45543":{"title":"Get Started","featured-image-url":"https:\/\/websitedemos.net\/wp-content\/uploads\/2019\/07\/id-22739-health-coach-get-started-resize.jpg","thumbnail-image-url":"https:\/\/websitedemos.net\/wp-content\/uploads\/2019\/07\/id-22739-health-coach-get-started-resize-600x800.jpg","astra-page-api-url":"https:\/\/websitedemos.net\/health-coach-03\/wp-json\/wp\/v2\/pages\/410","dynamic-page":"no","astra-page-url":"\/\/websitedemos.net\/health-coach-03\/get-started\/","astra-sites-tag":{"766":"get-started","585":"pricing"},"site-pages-type":"agency-mini","site-pages-page-builder":"beaver-builder","site-pages-category":[],"site-pages-parent-category":{"74":"blog"}},"id-44069":{"title":"Home","featured-image-url":"https:\/\/websitedemos.net\/wp-content\/uploads\/2019\/07\/health-coach-04-home-page.jpg","thumbnail-image-url":"https:\/\/websitedemos.net\/wp-content\/uploads\/2019\/07\/health-coach-04-home-page-600x800.jpg","astra-page-api-url":"https:\/\/websitedemos.net\/health-coach-03\/wp-json\/wp\/v2\/pages\/12","dynamic-page":"no","astra-page-url":"\/\/websitedemos.net\/health-coach-03\/","astra-sites-tag":{"423":"home"},"site-pages-type":"agency-mini","site-pages-page-builder":"beaver-builder","site-pages-category":[],"site-pages-parent-category":{"74":"blog"}},"id-44070":{"title":"My Story","featured-image-url":"https:\/\/websitedemos.net\/wp-content\/uploads\/2019\/07\/health-coach-04-my-story-page.jpg","thumbnail-image-url":"https:\/\/websitedemos.net\/wp-content\/uploads\/2019\/07\/health-coach-04-my-story-page-600x800.jpg","astra-page-api-url":"https:\/\/websitedemos.net\/health-coach-03\/wp-json\/wp\/v2\/pages\/465","dynamic-page":"no","astra-page-url":"\/\/websitedemos.net\/health-coach-03\/my-story\/","astra-sites-tag":{"352":"about"},"site-pages-type":"agency-mini","site-pages-page-builder":"beaver-builder","site-pages-category":[],"site-pages-parent-category":{"74":"blog"}},"id-44067":{"title":"Blog","featured-image-url":"https:\/\/websitedemos.net\/wp-content\/uploads\/2019\/07\/health-coach-04-blog-page.jpg","thumbnail-image-url":"https:\/\/websitedemos.net\/wp-content\/uploads\/2019\/07\/health-coach-04-blog-page-600x800.jpg","astra-page-api-url":"https:\/\/websitedemos.net\/health-coach-03\/wp-json\/wp\/v2\/pages\/327","dynamic-page":"no","astra-page-url":"\/\/websitedemos.net\/health-coach-03\/blog\/","astra-sites-tag":{"480":"blog"},"site-pages-type":"agency-mini","site-pages-page-builder":"gutenberg","site-pages-category":[],"site-pages-parent-category":{"74":"blog"}},"id-44068":{"title":"Get Started","featured-image-url":"https:\/\/websitedemos.net\/wp-content\/uploads\/2019\/07\/id-22739-health-coach-get-started-resize.jpg","thumbnail-image-url":"https:\/\/websitedemos.net\/wp-content\/uploads\/2019\/07\/id-22739-health-coach-get-started-resize-600x800.jpg","astra-page-api-url":"https:\/\/websitedemos.net\/health-coach-03\/wp-json\/wp\/v2\/pages\/410","dynamic-page":"no","astra-page-url":"\/\/websitedemos.net\/health-coach-03\/get-started\/","astra-sites-tag":{"415":"contact"},"site-pages-type":"agency-mini","site-pages-page-builder":"beaver-builder","site-pages-category":[],"site-pages-parent-category":{"74":"blog"}}}},"id-18191":{"title":"Plant Shop","featured-image-url":"https:\/\/websitedemos.net\/wp-content\/uploads\/2020\/01\/plant-shop-04-home.jpg","thumbnail-image-url":"https:\/\/websitedemos.net\/wp-content\/uploads\/2020\/01\/plant-shop-04-home-600x800.jpg","fullpage-thumbnail-image-url":"https:\/\/websitedemos.net\/wp-content\/uploads\/2020\/01\/plant-shop-04-home-400x1468.jpg","astra-site-url":"\/\/websitedemos.net\/plant-shop-04","astra-site-parent-id":263,"astra-sites-tag":{"496":"ecommerce","383":"online-store","497":"plant-store","495":"plants","733":"shop","1024":"woocommerce"},"astra-sites-type":"agency-mini","astra-site-page-builder":"elementor","astra-site-category":{"27":"business","38":"ecommerce"},"pages":{"id-39975":{"title":"Home","featured-image-url":"https:\/\/websitedemos.net\/wp-content\/uploads\/2020\/01\/plant-shop-04-home.jpg","thumbnail-image-url":"https:\/\/websitedemos.net\/wp-content\/uploads\/2020\/01\/plant-shop-04-home-600x800.jpg","astra-page-api-url":"https:\/\/websitedemos.net\/plant-shop-04\/wp-json\/wp\/v2\/pages\/238","dynamic-page":"yes","astra-page-url":"\/\/websitedemos.net\/plant-shop-04\/","astra-sites-tag":{"423":"home","399":"one-page"},"site-pages-type":"agency-mini","site-pages-page-builder":"elementor","site-pages-category":[],"site-pages-parent-category":{"60":"business","64":"ecommerce"}}}},"id-18166":{"title":"Plant Shop","featured-image-url":"https:\/\/websitedemos.net\/wp-content\/uploads\/2020\/01\/plant-shop-04-home.jpg","thumbnail-image-url":"https:\/\/websitedemos.net\/wp-content\/uploads\/2020\/01\/plant-shop-04-home-600x800.jpg","fullpage-thumbnail-image-url":"https:\/\/websitedemos.net\/wp-content\/uploads\/2020\/01\/plant-shop-04-home-400x1468.jpg","astra-site-url":"\/\/websitedemos.net\/plant-shop-03","astra-site-parent-id":266,"astra-sites-tag":{"496":"ecommerce","383":"online-store","497":"plant-store","495":"plants","967":"product-store","733":"shop","966":"woo-commerce","1024":"woocommerce"},"astra-sites-type":"agency-mini","astra-site-page-builder":"beaver-builder","astra-site-category":{"27":"business","38":"ecommerce"},"pages":{"id-24758":{"title":"Home","featured-image-url":"https:\/\/websitedemos.net\/wp-content\/uploads\/2020\/01\/plant-shop-04-home.jpg","thumbnail-image-url":"https:\/\/websitedemos.net\/wp-content\/uploads\/2020\/01\/plant-shop-04-home-600x800.jpg","astra-page-api-url":"https:\/\/websitedemos.net\/plant-shop-03\/wp-json\/wp\/v2\/pages\/4","dynamic-page":"yes","astra-page-url":"\/\/websitedemos.net\/plant-shop-03\/","astra-sites-tag":{"423":"home","399":"one-page"},"site-pages-type":"agency-mini","site-pages-page-builder":"beaver-builder","site-pages-category":[],"site-pages-parent-category":{"60":"business","64":"ecommerce"}}}},"id-43398":{"title":"Plant Shop","featured-image-url":"https:\/\/websitedemos.net\/wp-content\/uploads\/2019\/07\/plant-shop-04-home.jpg","thumbnail-image-url":"https:\/\/websitedemos.net\/wp-content\/uploads\/2019\/07\/plant-shop-04-home-600x800.jpg","fullpage-thumbnail-image-url":"https:\/\/websitedemos.net\/wp-content\/uploads\/2019\/07\/plant-shop-04-home-400x1479.jpg","astra-site-url":"\/\/websitedemos.net\/plant-shop-06","astra-site-parent-id":1413,"astra-sites-tag":{"496":"ecommerce","383":"online-store","1414":"plant-shop","497":"plant-store","1024":"woocommerce"},"astra-sites-type":"agency-mini","astra-site-page-builder":"brizy","astra-site-category":{"27":"business","38":"ecommerce"},"pages":{"id-43399":{"title":"Home","featured-image-url":"https:\/\/websitedemos.net\/wp-content\/uploads\/2019\/07\/plant-shop-04-home.jpg","thumbnail-image-url":"https:\/\/websitedemos.net\/wp-content\/uploads\/2019\/07\/plant-shop-04-home-600x800.jpg","astra-page-api-url":"https:\/\/websitedemos.net\/plant-shop-06\/wp-json\/wp\/v2\/pages\/310","dynamic-page":"yes","astra-page-url":"\/\/websitedemos.net\/plant-shop-06\/","astra-sites-tag":{"423":"home","399":"one-page"},"site-pages-type":"agency-mini","site-pages-page-builder":"brizy","site-pages-category":[],"site-pages-parent-category":{"60":"business","64":"ecommerce"}}}},"id-46009":{"title":"Painter","featured-image-url":"https:\/\/websitedemos.net\/wp-content\/uploads\/2020\/04\/painter-04-home.jpg","thumbnail-image-url":"https:\/\/websitedemos.net\/wp-content\/uploads\/2020\/04\/painter-04-home-600x800.jpg","fullpage-thumbnail-image-url":"https:\/\/websitedemos.net\/wp-content\/uploads\/2020\/04\/painter-04-home-400x1335.jpg","astra-site-url":"\/\/websitedemos.net\/painter-04","astra-site-parent-id":1508,"astra-sites-tag":{"597":"art","1511":"artisan","1513":"craft","1514":"dauber","614":"painter","1512":"painting"},"astra-sites-type":"agency-mini","astra-site-page-builder":"elementor","astra-site-category":{"27":"business"},"pages":{"id-46013":{"title":"Home","featured-image-url":"https:\/\/websitedemos.net\/wp-content\/uploads\/2020\/04\/painter-04-home.jpg","thumbnail-image-url":"https:\/\/websitedemos.net\/wp-content\/uploads\/2020\/04\/painter-04-home-600x800.jpg","astra-page-api-url":"https:\/\/websitedemos.net\/painter-04\/wp-json\/wp\/v2\/pages\/5","dynamic-page":"no","astra-page-url":"\/\/websitedemos.net\/painter-04\/","astra-sites-tag":{"423":"home"},"site-pages-type":"agency-mini","site-pages-page-builder":"elementor","site-pages-category":[],"site-pages-parent-category":{"60":"business"}},"id-46010":{"title":"About","featured-image-url":"https:\/\/websitedemos.net\/wp-content\/uploads\/2020\/04\/painter-about-page-04.jpg","thumbnail-image-url":"https:\/\/websitedemos.net\/wp-content\/uploads\/2020\/04\/painter-about-page-04-600x800.jpg","astra-page-api-url":"https:\/\/websitedemos.net\/painter-04\/wp-json\/wp\/v2\/pages\/7","dynamic-page":"no","astra-page-url":"\/\/websitedemos.net\/painter-04\/about\/","astra-sites-tag":{"352":"about"},"site-pages-type":"agency-mini","site-pages-page-builder":"elementor","site-pages-category":[],"site-pages-parent-category":{"60":"business"}},"id-46011":{"title":"Artworks","featured-image-url":"https:\/\/websitedemos.net\/wp-content\/uploads\/2020\/04\/painter-04-artworks.jpg","thumbnail-image-url":"https:\/\/websitedemos.net\/wp-content\/uploads\/2020\/04\/painter-04-artworks-600x800.jpg","astra-page-api-url":"https:\/\/websitedemos.net\/painter-04\/wp-json\/wp\/v2\/pages\/9","dynamic-page":"no","astra-page-url":"\/\/websitedemos.net\/painter-04\/artworks\/","astra-sites-tag":{"597":"art","1509":"artwork"},"site-pages-type":"agency-mini","site-pages-page-builder":"elementor","site-pages-category":[],"site-pages-parent-category":{"60":"business"}},"id-46014":{"title":"Studio","featured-image-url":"https:\/\/websitedemos.net\/wp-content\/uploads\/2020\/04\/painter-04-studio.jpg","thumbnail-image-url":"https:\/\/websitedemos.net\/wp-content\/uploads\/2020\/04\/painter-04-studio-600x800.jpg","astra-page-api-url":"https:\/\/websitedemos.net\/painter-04\/wp-json\/wp\/v2\/pages\/11","dynamic-page":"no","astra-page-url":"\/\/websitedemos.net\/painter-04\/studio\/","astra-sites-tag":{"1510":"studio"},"site-pages-type":"agency-mini","site-pages-page-builder":"elementor","site-pages-category":[],"site-pages-parent-category":{"60":"business"}},"id-46012":{"title":"Contact","featured-image-url":"https:\/\/websitedemos.net\/wp-content\/uploads\/2020\/04\/painter-04-contact.jpg","thumbnail-image-url":"https:\/\/websitedemos.net\/wp-content\/uploads\/2020\/04\/painter-04-contact-600x800.jpg","astra-page-api-url":"https:\/\/websitedemos.net\/painter-04\/wp-json\/wp\/v2\/pages\/13","dynamic-page":"no","astra-page-url":"\/\/websitedemos.net\/painter-04\/contact\/","astra-sites-tag":{"415":"contact"},"site-pages-type":"agency-mini","site-pages-page-builder":"elementor","site-pages-category":[],"site-pages-parent-category":{"60":"business"}}}},"id-46026":{"title":"Painter","featured-image-url":"https:\/\/websitedemos.net\/wp-content\/uploads\/2020\/04\/painter-04-home.jpg","thumbnail-image-url":"https:\/\/websitedemos.net\/wp-content\/uploads\/2020\/04\/painter-04-home-600x800.jpg","fullpage-thumbnail-image-url":"https:\/\/websitedemos.net\/wp-content\/uploads\/2020\/04\/painter-04-home-400x1335.jpg","astra-site-url":"\/\/websitedemos.net\/painter-03","astra-site-parent-id":1515,"astra-sites-tag":{"597":"art","1511":"artisan","1513":"craft","1514":"dauber","614":"painter","1512":"painting"},"astra-sites-type":"agency-mini","astra-site-page-builder":"beaver-builder","astra-site-category":{"27":"business"},"pages":{"id-46030":{"title":"Home","featured-image-url":"https:\/\/websitedemos.net\/wp-content\/uploads\/2020\/04\/painter-04-home.jpg","thumbnail-image-url":"https:\/\/websitedemos.net\/wp-content\/uploads\/2020\/04\/painter-04-home-600x800.jpg","astra-page-api-url":"https:\/\/websitedemos.net\/painter-03\/wp-json\/wp\/v2\/pages\/232","dynamic-page":"no","astra-page-url":"\/\/websitedemos.net\/painter-03\/","astra-sites-tag":{"423":"home"},"site-pages-type":"agency-mini","site-pages-page-builder":"beaver-builder","site-pages-category":[],"site-pages-parent-category":{"60":"business"}},"id-46027":{"title":"About","featured-image-url":"https:\/\/websitedemos.net\/wp-content\/uploads\/2020\/04\/painter-about-page-04.jpg","thumbnail-image-url":"https:\/\/websitedemos.net\/wp-content\/uploads\/2020\/04\/painter-about-page-04-600x800.jpg","astra-page-api-url":"https:\/\/websitedemos.net\/painter-03\/wp-json\/wp\/v2\/pages\/218","dynamic-page":"no","astra-page-url":"\/\/websitedemos.net\/painter-03\/about\/","astra-sites-tag":{"352":"about"},"site-pages-type":"agency-mini","site-pages-page-builder":"beaver-builder","site-pages-category":[],"site-pages-parent-category":{"60":"business"}},"id-46028":{"title":"Artworks","featured-image-url":"https:\/\/websitedemos.net\/wp-content\/uploads\/2020\/04\/painter-04-artworks.jpg","thumbnail-image-url":"https:\/\/websitedemos.net\/wp-content\/uploads\/2020\/04\/painter-04-artworks-600x800.jpg","astra-page-api-url":"https:\/\/websitedemos.net\/painter-03\/wp-json\/wp\/v2\/pages\/219","dynamic-page":"no","astra-page-url":"\/\/websitedemos.net\/painter-03\/artworks\/","astra-sites-tag":{"1509":"artwork"},"site-pages-type":"agency-mini","site-pages-page-builder":"beaver-builder","site-pages-category":[],"site-pages-parent-category":{"60":"business"}},"id-46031":{"title":"Studio","featured-image-url":"https:\/\/websitedemos.net\/wp-content\/uploads\/2020\/04\/painter-04-studio.jpg","thumbnail-image-url":"https:\/\/websitedemos.net\/wp-content\/uploads\/2020\/04\/painter-04-studio-600x800.jpg","astra-page-api-url":"https:\/\/websitedemos.net\/painter-03\/wp-json\/wp\/v2\/pages\/220","dynamic-page":"no","astra-page-url":"\/\/websitedemos.net\/painter-03\/studio\/","astra-sites-tag":{"1510":"studio"},"site-pages-type":"agency-mini","site-pages-page-builder":"beaver-builder","site-pages-category":[],"site-pages-parent-category":{"60":"business"}},"id-46029":{"title":"Contact","featured-image-url":"https:\/\/websitedemos.net\/wp-content\/uploads\/2020\/04\/painter-04-contact.jpg","thumbnail-image-url":"https:\/\/websitedemos.net\/wp-content\/uploads\/2020\/04\/painter-04-contact-600x800.jpg","astra-page-api-url":"https:\/\/websitedemos.net\/painter-03\/wp-json\/wp\/v2\/pages\/221","dynamic-page":"no","astra-page-url":"\/\/websitedemos.net\/painter-03\/contact\/","astra-sites-tag":{"415":"contact"},"site-pages-type":"agency-mini","site-pages-page-builder":"beaver-builder","site-pages-category":[],"site-pages-parent-category":{"60":"business"}}}},"id-19540":{"title":"Yoga Instructor","featured-image-url":"https:\/\/websitedemos.net\/wp-content\/uploads\/2019\/07\/yoga-instructor-02.jpg","thumbnail-image-url":"https:\/\/websitedemos.net\/wp-content\/uploads\/2019\/07\/yoga-instructor-02-600x800.jpg","fullpage-thumbnail-image-url":"https:\/\/websitedemos.net\/wp-content\/uploads\/2019\/07\/yoga-instructor-02-400x1480.jpg","astra-site-url":"\/\/websitedemos.net\/yoga-instructor-02","astra-site-parent-id":105,"astra-sites-tag":{"499":"fitness","976":"gym-instructor","849":"health-yoga","1020":"personal","395":"yoga-instructor","397":"yoga-studio","398":"yoga-trainer"},"astra-sites-type":"free","astra-site-page-builder":"elementor","astra-site-category":{"27":"business","39":"free"},"pages":{"id-22967":{"title":"Home","featured-image-url":"https:\/\/websitedemos.net\/wp-content\/uploads\/2019\/07\/yoga-instructor-02.jpg","thumbnail-image-url":"https:\/\/websitedemos.net\/wp-content\/uploads\/2019\/07\/yoga-instructor-02-600x800.jpg","astra-page-api-url":"https:\/\/websitedemos.net\/yoga-instructor-02\/wp-json\/wp\/v2\/pages\/4","dynamic-page":"no","astra-page-url":"\/\/websitedemos.net\/yoga-instructor-02\/","astra-sites-tag":{"423":"home"},"site-pages-type":"free","site-pages-page-builder":"elementor","site-pages-category":[],"site-pages-parent-category":{"60":"business","61":"free"}},"id-22963":{"title":"About Me","featured-image-url":"https:\/\/websitedemos.net\/wp-content\/uploads\/2019\/07\/yoga-instructor-02-about-me-2.jpg","thumbnail-image-url":"https:\/\/websitedemos.net\/wp-content\/uploads\/2019\/07\/yoga-instructor-02-about-me-2-600x800.jpg","astra-page-api-url":"https:\/\/websitedemos.net\/yoga-instructor-02\/wp-json\/wp\/v2\/pages\/34","dynamic-page":"no","astra-page-url":"\/\/websitedemos.net\/yoga-instructor-02\/about-me\/","astra-sites-tag":{"352":"about"},"site-pages-type":"free","site-pages-page-builder":"elementor","site-pages-category":[],"site-pages-parent-category":{"60":"business","61":"free"}},"id-22965":{"title":"Classes","featured-image-url":"https:\/\/websitedemos.net\/wp-content\/uploads\/2019\/07\/yoga-instructor-02-classes-1.jpg","thumbnail-image-url":"https:\/\/websitedemos.net\/wp-content\/uploads\/2019\/07\/yoga-instructor-02-classes-1-600x800.jpg","astra-page-api-url":"https:\/\/websitedemos.net\/yoga-instructor-02\/wp-json\/wp\/v2\/pages\/35","dynamic-page":"no","astra-page-url":"\/\/websitedemos.net\/yoga-instructor-02\/classes\/","astra-sites-tag":{"557":"classes"},"site-pages-type":"free","site-pages-page-builder":"elementor","site-pages-category":[],"site-pages-parent-category":{"60":"business","61":"free"}},"id-22968":{"title":"Publications","featured-image-url":"https:\/\/websitedemos.net\/wp-content\/uploads\/2019\/07\/yoga-instructor-02-publications-page1.jpg","thumbnail-image-url":"https:\/\/websitedemos.net\/wp-content\/uploads\/2019\/07\/yoga-instructor-02-publications-page1-600x800.jpg","astra-page-api-url":"https:\/\/websitedemos.net\/yoga-instructor-02\/wp-json\/wp\/v2\/pages\/81","dynamic-page":"no","astra-page-url":"\/\/websitedemos.net\/yoga-instructor-02\/publications\/","astra-sites-tag":{"558":"publication"},"site-pages-type":"free","site-pages-page-builder":"elementor","site-pages-category":[],"site-pages-parent-category":{"60":"business","61":"free"}},"id-22966":{"title":"Get Fit","featured-image-url":"https:\/\/websitedemos.net\/wp-content\/uploads\/2019\/07\/yoga-instructor-02-get-fit-1.jpg","thumbnail-image-url":"https:\/\/websitedemos.net\/wp-content\/uploads\/2019\/07\/yoga-instructor-02-get-fit-1-600x800.jpg","astra-page-api-url":"https:\/\/websitedemos.net\/yoga-instructor-02\/wp-json\/wp\/v2\/pages\/94","dynamic-page":"no","astra-page-url":"\/\/websitedemos.net\/yoga-instructor-02\/get-fit\/","astra-sites-tag":{"415":"contact"},"site-pages-type":"free","site-pages-page-builder":"elementor","site-pages-category":[],"site-pages-parent-category":{"60":"business","61":"free"}}}},"id-19629":{"title":"Yoga Instructor","featured-image-url":"https:\/\/websitedemos.net\/wp-content\/uploads\/2019\/07\/yoga-instructor-01-home-1.jpg","thumbnail-image-url":"https:\/\/websitedemos.net\/wp-content\/uploads\/2019\/07\/yoga-instructor-01-home-1-600x800.jpg","fullpage-thumbnail-image-url":"https:\/\/websitedemos.net\/wp-content\/uploads\/2019\/07\/yoga-instructor-01-home-1-400x1566.jpg","astra-site-url":"\/\/websitedemos.net\/yoga-instructor-01","astra-site-parent-id":107,"astra-sites-tag":{"499":"fitness","976":"gym-instructor","395":"yoga-instructor","397":"yoga-studio","398":"yoga-trainer"},"astra-sites-type":"free","astra-site-page-builder":"beaver-builder","astra-site-category":{"27":"business","39":"free"},"pages":{"id-22987":{"title":"Home","featured-image-url":"https:\/\/websitedemos.net\/wp-content\/uploads\/2019\/07\/yoga-instructor-01-home-1.jpg","thumbnail-image-url":"https:\/\/websitedemos.net\/wp-content\/uploads\/2019\/07\/yoga-instructor-01-home-1-600x800.jpg","astra-page-api-url":"https:\/\/websitedemos.net\/yoga-instructor-01\/wp-json\/wp\/v2\/pages\/137","dynamic-page":"no","astra-page-url":"\/\/websitedemos.net\/yoga-instructor-01\/","astra-sites-tag":{"423":"home"},"site-pages-type":"free","site-pages-page-builder":"beaver-builder","site-pages-category":[],"site-pages-parent-category":{"60":"business","61":"free"}},"id-22980":{"title":"About Me","featured-image-url":"https:\/\/websitedemos.net\/wp-content\/uploads\/2019\/07\/yoga-instructor-01-about-me-1.jpg","thumbnail-image-url":"https:\/\/websitedemos.net\/wp-content\/uploads\/2019\/07\/yoga-instructor-01-about-me-1-600x800.jpg","astra-page-api-url":"https:\/\/websitedemos.net\/yoga-instructor-01\/wp-json\/wp\/v2\/pages\/34","dynamic-page":"no","astra-page-url":"\/\/websitedemos.net\/yoga-instructor-01\/about-me\/","astra-sites-tag":{"352":"about"},"site-pages-type":"free","site-pages-page-builder":"beaver-builder","site-pages-category":[],"site-pages-parent-category":{"60":"business","61":"free"}},"id-22985":{"title":"Classes","featured-image-url":"https:\/\/websitedemos.net\/wp-content\/uploads\/2019\/07\/yoga-instructor-01-classes.jpg","thumbnail-image-url":"https:\/\/websitedemos.net\/wp-content\/uploads\/2019\/07\/yoga-instructor-01-classes-600x800.jpg","astra-page-api-url":"https:\/\/websitedemos.net\/yoga-instructor-01\/wp-json\/wp\/v2\/pages\/35","dynamic-page":"no","astra-page-url":"\/\/websitedemos.net\/yoga-instructor-01\/classes\/","astra-sites-tag":{"557":"classes"},"site-pages-type":"free","site-pages-page-builder":"beaver-builder","site-pages-category":[],"site-pages-parent-category":{"60":"business","61":"free"}},"id-22988":{"title":"Publications","featured-image-url":"https:\/\/websitedemos.net\/wp-content\/uploads\/2019\/07\/yoga-instructor-01-publications.jpg","thumbnail-image-url":"https:\/\/websitedemos.net\/wp-content\/uploads\/2019\/07\/yoga-instructor-01-publications-600x800.jpg","astra-page-api-url":"https:\/\/websitedemos.net\/yoga-instructor-01\/wp-json\/wp\/v2\/pages\/81","dynamic-page":"no","astra-page-url":"\/\/websitedemos.net\/yoga-instructor-01\/publications\/","astra-sites-tag":{"558":"publication"},"site-pages-type":"free","site-pages-page-builder":"beaver-builder","site-pages-category":[],"site-pages-parent-category":{"60":"business","61":"free"}},"id-22986":{"title":"Get Fit","featured-image-url":"https:\/\/websitedemos.net\/wp-content\/uploads\/2019\/07\/yoga-instructor-01-get-fit.jpg","thumbnail-image-url":"https:\/\/websitedemos.net\/wp-content\/uploads\/2019\/07\/yoga-instructor-01-get-fit-600x800.jpg","astra-page-api-url":"https:\/\/websitedemos.net\/yoga-instructor-01\/wp-json\/wp\/v2\/pages\/94","dynamic-page":"no","astra-page-url":"\/\/websitedemos.net\/yoga-instructor-01\/get-fit\/","astra-sites-tag":{"415":"contact","769":"get-fit"},"site-pages-type":"free","site-pages-page-builder":"beaver-builder","site-pages-category":[],"site-pages-parent-category":{"60":"business","61":"free"}}}},"id-21574":{"title":"Life Coach","featured-image-url":"https:\/\/websitedemos.net\/wp-content\/uploads\/2019\/07\/life-coach-sara-john-home-2.jpg","thumbnail-image-url":"https:\/\/websitedemos.net\/wp-content\/uploads\/2019\/07\/life-coach-sara-john-home-2-600x800.jpg","fullpage-thumbnail-image-url":"https:\/\/websitedemos.net\/wp-content\/uploads\/2019\/07\/life-coach-sara-john-home-2-400x981.jpg","astra-site-url":"\/\/websitedemos.net\/life-coach-sara-john","astra-site-parent-id":91,"astra-sites-tag":{"610":"coaching","608":"guidance","612":"life-coach","609":"motivator","611":"self-improvement"},"astra-sites-type":"free","astra-site-page-builder":"elementor","astra-site-category":{"27":"business","39":"free"},"pages":{"id-22854":{"title":"Home","featured-image-url":"https:\/\/websitedemos.net\/wp-content\/uploads\/2019\/07\/life-coach-sara-john-home-2.jpg","thumbnail-image-url":"https:\/\/websitedemos.net\/wp-content\/uploads\/2019\/07\/life-coach-sara-john-home-2-600x800.jpg","astra-page-api-url":"https:\/\/websitedemos.net\/life-coach-sara-john\/wp-json\/wp\/v2\/pages\/340","dynamic-page":"no","astra-page-url":"\/\/websitedemos.net\/life-coach-sara-john\/","astra-sites-tag":{"423":"home"},"site-pages-type":"free","site-pages-page-builder":"elementor","site-pages-category":[],"site-pages-parent-category":{"60":"business","61":"free"}},"id-22850":{"title":"About","featured-image-url":"https:\/\/websitedemos.net\/wp-content\/uploads\/2019\/07\/life-coach-sara-john-about.jpg","thumbnail-image-url":"https:\/\/websitedemos.net\/wp-content\/uploads\/2019\/07\/life-coach-sara-john-about-600x800.jpg","astra-page-api-url":"https:\/\/websitedemos.net\/life-coach-sara-john\/wp-json\/wp\/v2\/pages\/621","dynamic-page":"no","astra-page-url":"\/\/websitedemos.net\/life-coach-sara-john\/about\/","astra-sites-tag":{"352":"about","455":"about-us"},"site-pages-type":"free","site-pages-page-builder":"elementor","site-pages-category":[],"site-pages-parent-category":{"60":"business","61":"free"}},"id-22855":{"title":"Work With Me","featured-image-url":"https:\/\/websitedemos.net\/wp-content\/uploads\/2019\/07\/life-coach-sara-john-work-with-me.jpg","thumbnail-image-url":"https:\/\/websitedemos.net\/wp-content\/uploads\/2019\/07\/life-coach-sara-john-work-with-me-600x800.jpg","astra-page-api-url":"https:\/\/websitedemos.net\/life-coach-sara-john\/wp-json\/wp\/v2\/pages\/622","dynamic-page":"yes","astra-page-url":"\/\/websitedemos.net\/life-coach-sara-john\/work-with-me\/","astra-sites-tag":{"415":"contact","454":"contact-us"},"site-pages-type":"free","site-pages-page-builder":"elementor","site-pages-category":[],"site-pages-parent-category":{"60":"business","61":"free"}},"id-22852":{"title":"Books","featured-image-url":"https:\/\/websitedemos.net\/wp-content\/uploads\/2019\/07\/life-coach-sara-john-books.jpg","thumbnail-image-url":"https:\/\/websitedemos.net\/wp-content\/uploads\/2019\/07\/life-coach-sara-john-books-600x800.jpg","astra-page-api-url":"https:\/\/websitedemos.net\/life-coach-sara-john\/wp-json\/wp\/v2\/pages\/342","dynamic-page":"no","astra-page-url":"\/\/websitedemos.net\/life-coach-sara-john\/books\/","astra-sites-tag":{"727":"book"},"site-pages-type":"free","site-pages-page-builder":"elementor","site-pages-category":[],"site-pages-parent-category":{"60":"business","61":"free"}},"id-22853":{"title":"Contact","featured-image-url":"https:\/\/websitedemos.net\/wp-content\/uploads\/2019\/07\/life-coach-sara-john-contact.jpg","thumbnail-image-url":"https:\/\/websitedemos.net\/wp-content\/uploads\/2019\/07\/life-coach-sara-john-contact-600x800.jpg","astra-page-api-url":"https:\/\/websitedemos.net\/life-coach-sara-john\/wp-json\/wp\/v2\/pages\/9","dynamic-page":"no","astra-page-url":"\/\/websitedemos.net\/life-coach-sara-john\/contact\/","astra-sites-tag":{"415":"contact"},"site-pages-type":"free","site-pages-page-builder":"elementor","site-pages-category":[],"site-pages-parent-category":{"60":"business","61":"free"}}}},"id-21931":{"title":"Life Coach","featured-image-url":"https:\/\/websitedemos.net\/wp-content\/uploads\/2020\/01\/life-coach-sara-john-07.jpg","thumbnail-image-url":"https:\/\/websitedemos.net\/wp-content\/uploads\/2020\/01\/life-coach-sara-john-07-600x800.jpg","fullpage-thumbnail-image-url":"https:\/\/websitedemos.net\/wp-content\/uploads\/2020\/01\/life-coach-sara-john-07-400x1057.jpg","astra-site-url":"\/\/websitedemos.net\/life-coach-sara-john-07","astra-site-parent-id":99,"astra-sites-tag":{"610":"coaching","608":"guidance","612":"life-coach","609":"motivator","611":"self-improvement"},"astra-sites-type":"free","astra-site-page-builder":"gutenberg","astra-site-category":{"37":"blog","38":"ecommerce","39":"free"},"pages":{"id-44023":{"title":"Books","featured-image-url":"https:\/\/websitedemos.net\/wp-content\/uploads\/2020\/01\/life-coach-sara-john-07-books.jpg","thumbnail-image-url":"https:\/\/websitedemos.net\/wp-content\/uploads\/2020\/01\/life-coach-sara-john-07-books-600x800.jpg","astra-page-api-url":"https:\/\/websitedemos.net\/life-coach-sara-john-07\/wp-json\/wp\/v2\/pages\/342","dynamic-page":"no","astra-page-url":"\/\/websitedemos.net\/life-coach-sara-john-07\/books\/","astra-sites-tag":{"727":"book"},"site-pages-type":"free","site-pages-page-builder":"gutenberg","site-pages-category":[],"site-pages-parent-category":{"74":"blog","64":"ecommerce","61":"free"}},"id-40507":{"title":"Home","featured-image-url":"https:\/\/websitedemos.net\/wp-content\/uploads\/2020\/01\/life-coach-sara-john-07.jpg","thumbnail-image-url":"https:\/\/websitedemos.net\/wp-content\/uploads\/2020\/01\/life-coach-sara-john-07-600x800.jpg","astra-page-api-url":"https:\/\/websitedemos.net\/life-coach-sara-john-07\/wp-json\/wp\/v2\/pages\/340","dynamic-page":"no","astra-page-url":"\/\/websitedemos.net\/life-coach-sara-john-07\/","astra-sites-tag":[],"site-pages-type":"free","site-pages-page-builder":"gutenberg","site-pages-category":[],"site-pages-parent-category":{"74":"blog","64":"ecommerce","61":"free"}},"id-40508":{"title":"Work With Me","featured-image-url":"https:\/\/websitedemos.net\/wp-content\/uploads\/2020\/01\/life-coach-sara-john-07-work-with-me.jpg","thumbnail-image-url":"https:\/\/websitedemos.net\/wp-content\/uploads\/2020\/01\/life-coach-sara-john-07-work-with-me-600x800.jpg","astra-page-api-url":"https:\/\/websitedemos.net\/life-coach-sara-john-07\/wp-json\/wp\/v2\/pages\/622","dynamic-page":"yes","astra-page-url":"\/\/websitedemos.net\/life-coach-sara-john-07\/work-with-me\/","astra-sites-tag":[],"site-pages-type":"free","site-pages-page-builder":"gutenberg","site-pages-category":[],"site-pages-parent-category":{"74":"blog","64":"ecommerce","61":"free"}},"id-40505":{"title":"About","featured-image-url":"https:\/\/websitedemos.net\/wp-content\/uploads\/2020\/01\/life-coach-sara-john-07-about.jpg","thumbnail-image-url":"https:\/\/websitedemos.net\/wp-content\/uploads\/2020\/01\/life-coach-sara-john-07-about-600x800.jpg","astra-page-api-url":"https:\/\/websitedemos.net\/life-coach-sara-john-07\/wp-json\/wp\/v2\/pages\/621","dynamic-page":"no","astra-page-url":"\/\/websitedemos.net\/life-coach-sara-john-07\/about\/","astra-sites-tag":[],"site-pages-type":"free","site-pages-page-builder":"gutenberg","site-pages-category":[],"site-pages-parent-category":{"74":"blog","64":"ecommerce","61":"free"}},"id-40506":{"title":"Contact","featured-image-url":"https:\/\/websitedemos.net\/wp-content\/uploads\/2020\/01\/life-coach-sara-john-07-contact.jpg","thumbnail-image-url":"https:\/\/websitedemos.net\/wp-content\/uploads\/2020\/01\/life-coach-sara-john-07-contact-600x800.jpg","astra-page-api-url":"https:\/\/websitedemos.net\/life-coach-sara-john-07\/wp-json\/wp\/v2\/pages\/692","dynamic-page":"no","astra-page-url":"\/\/websitedemos.net\/life-coach-sara-john-07\/contact\/","astra-sites-tag":[],"site-pages-type":"free","site-pages-page-builder":"gutenberg","site-pages-category":[],"site-pages-parent-category":{"74":"blog","64":"ecommerce","61":"free"}}}}}