{"id-20495":{"title":"A\/C Technician","featured-image-url":"https:\/\/websitedemos.net\/wp-content\/uploads\/2019\/07\/ac-technician-home.jpg","thumbnail-image-url":"https:\/\/websitedemos.net\/wp-content\/uploads\/2019\/07\/ac-technician-home-600x800.jpg","fullpage-thumbnail-image-url":"https:\/\/websitedemos.net\/wp-content\/uploads\/2019\/07\/ac-technician-home-400x1053.jpg","astra-site-url":"\/\/websitedemos.net\/ac-technician-07","astra-site-parent-id":290,"astra-sites-tag":{"599":"ac-repair","439":"local-services","600":"repair-services","441":"technician"},"astra-sites-type":"free","astra-site-page-builder":"gutenberg","astra-site-category":{"27":"business","39":"free"},"pages":{"id-25025":{"title":"Home","featured-image-url":"https:\/\/websitedemos.net\/wp-content\/uploads\/2019\/07\/ac-technician-home.jpg","thumbnail-image-url":"https:\/\/websitedemos.net\/wp-content\/uploads\/2019\/07\/ac-technician-home-600x800.jpg","astra-page-api-url":"https:\/\/websitedemos.net\/ac-technician-07\/wp-json\/wp\/v2\/pages\/7","dynamic-page":"no","astra-page-url":"\/\/websitedemos.net\/ac-technician-07\/","astra-sites-tag":{"423":"home"},"site-pages-type":"free","site-pages-page-builder":"gutenberg","site-pages-category":[],"site-pages-parent-category":{"60":"business","61":"free"}},"id-25026":{"title":"Services","featured-image-url":"https:\/\/websitedemos.net\/wp-content\/uploads\/2019\/07\/ac-technician-services.jpg","thumbnail-image-url":"https:\/\/websitedemos.net\/wp-content\/uploads\/2019\/07\/ac-technician-services-600x800.jpg","astra-page-api-url":"https:\/\/websitedemos.net\/ac-technician-07\/wp-json\/wp\/v2\/pages\/9","dynamic-page":"no","astra-page-url":"\/\/websitedemos.net\/ac-technician-07\/services\/","astra-sites-tag":{"425":"services"},"site-pages-type":"free","site-pages-page-builder":"gutenberg","site-pages-category":[],"site-pages-parent-category":{"60":"business","61":"free"}},"id-25023":{"title":"About","featured-image-url":"https:\/\/websitedemos.net\/wp-content\/uploads\/2019\/07\/ac-technician-about.jpg","thumbnail-image-url":"https:\/\/websitedemos.net\/wp-content\/uploads\/2019\/07\/ac-technician-about-600x800.jpg","astra-page-api-url":"https:\/\/websitedemos.net\/ac-technician-07\/wp-json\/wp\/v2\/pages\/8","dynamic-page":"no","astra-page-url":"\/\/websitedemos.net\/ac-technician-07\/about\/","astra-sites-tag":{"352":"about"},"site-pages-type":"free","site-pages-page-builder":"gutenberg","site-pages-category":[],"site-pages-parent-category":{"60":"business","61":"free"}},"id-25024":{"title":"Contact Us","featured-image-url":"https:\/\/websitedemos.net\/wp-content\/uploads\/2019\/07\/ac-technician-contact.jpg","thumbnail-image-url":"https:\/\/websitedemos.net\/wp-content\/uploads\/2019\/07\/ac-technician-contact-600x800.jpg","astra-page-api-url":"https:\/\/websitedemos.net\/ac-technician-07\/wp-json\/wp\/v2\/pages\/10","dynamic-page":"no","astra-page-url":"\/\/websitedemos.net\/ac-technician-07\/contact-us\/","astra-sites-tag":{"415":"contact"},"site-pages-type":"free","site-pages-page-builder":"gutenberg","site-pages-category":[],"site-pages-parent-category":{"60":"business","61":"free"}}}},"id-20475":{"title":"Co-Working Space","featured-image-url":"https:\/\/websitedemos.net\/wp-content\/uploads\/2018\/12\/id-20475-co-working-space-resize.jpg","thumbnail-image-url":"https:\/\/websitedemos.net\/wp-content\/uploads\/2018\/12\/id-20475-co-working-space-resize-600x800.jpg","fullpage-thumbnail-image-url":"https:\/\/websitedemos.net\/wp-content\/uploads\/2018\/12\/id-20475-co-working-space-resize.jpg","astra-site-url":"\/\/websitedemos.net\/co-working-space-05","astra-site-parent-id":235,"astra-sites-tag":{"692":"business","693":"cafe","694":"co-working-place","695":"collaboration","979":"company","812":"office","691":"work-place"},"astra-sites-type":"free","astra-site-page-builder":"brizy","astra-site-category":{"27":"business","39":"free"},"pages":{"id-24503":{"title":"Home","featured-image-url":"https:\/\/websitedemos.net\/wp-content\/uploads\/2019\/07\/id-24503-co-working-space-home-resize.jpg","thumbnail-image-url":"https:\/\/websitedemos.net\/wp-content\/uploads\/2019\/07\/id-24503-co-working-space-home-resize-600x800.jpg","astra-page-api-url":"https:\/\/websitedemos.net\/co-working-space-05\/wp-json\/wp\/v2\/pages\/143","dynamic-page":"no","astra-page-url":"\/\/websitedemos.net\/co-working-space-05\/","astra-sites-tag":{"423":"home"},"site-pages-type":"free","site-pages-page-builder":"brizy","site-pages-category":[],"site-pages-parent-category":{"60":"business","61":"free"}},"id-24500":{"title":"About Us","featured-image-url":"https:\/\/websitedemos.net\/wp-content\/uploads\/2019\/07\/co-working-space-02-about-us-page.jpg","thumbnail-image-url":"https:\/\/websitedemos.net\/wp-content\/uploads\/2019\/07\/co-working-space-02-about-us-page-600x800.jpg","astra-page-api-url":"https:\/\/websitedemos.net\/co-working-space-05\/wp-json\/wp\/v2\/pages\/147","dynamic-page":"no","astra-page-url":"\/\/websitedemos.net\/co-working-space-05\/about-us\/","astra-sites-tag":{"352":"about"},"site-pages-type":"free","site-pages-page-builder":"brizy","site-pages-category":[],"site-pages-parent-category":{"60":"business","61":"free"}},"id-24501":{"title":"Amenities","featured-image-url":"https:\/\/websitedemos.net\/wp-content\/uploads\/2019\/07\/co-working-space-02-amenities-page.jpg","thumbnail-image-url":"https:\/\/websitedemos.net\/wp-content\/uploads\/2019\/07\/co-working-space-02-amenities-page-600x800.jpg","astra-page-api-url":"https:\/\/websitedemos.net\/co-working-space-05\/wp-json\/wp\/v2\/pages\/150","dynamic-page":"no","astra-page-url":"\/\/websitedemos.net\/co-working-space-05\/amenities\/","astra-sites-tag":{"777":"amenities"},"site-pages-type":"free","site-pages-page-builder":"brizy","site-pages-category":[],"site-pages-parent-category":{"60":"business","61":"free"}},"id-24504":{"title":"Pricing","featured-image-url":"https:\/\/websitedemos.net\/wp-content\/uploads\/2019\/07\/co-working-space-02-pricing-page.jpg","thumbnail-image-url":"https:\/\/websitedemos.net\/wp-content\/uploads\/2019\/07\/co-working-space-02-pricing-page-600x800.jpg","astra-page-api-url":"https:\/\/websitedemos.net\/co-working-space-05\/wp-json\/wp\/v2\/pages\/153","dynamic-page":"no","astra-page-url":"\/\/websitedemos.net\/co-working-space-05\/pricing\/","astra-sites-tag":{"585":"pricing"},"site-pages-type":"free","site-pages-page-builder":"brizy","site-pages-category":[],"site-pages-parent-category":{"60":"business","61":"free"}},"id-24502":{"title":"Contact","featured-image-url":"https:\/\/websitedemos.net\/wp-content\/uploads\/2019\/07\/id-24502-co-working-space-contact-resize.jpg","thumbnail-image-url":"https:\/\/websitedemos.net\/wp-content\/uploads\/2019\/07\/id-24502-co-working-space-contact-resize-600x800.jpg","astra-page-api-url":"https:\/\/websitedemos.net\/co-working-space-05\/wp-json\/wp\/v2\/pages\/156","dynamic-page":"no","astra-page-url":"\/\/websitedemos.net\/co-working-space-05\/contact\/","astra-sites-tag":{"415":"contact"},"site-pages-type":"free","site-pages-page-builder":"brizy","site-pages-category":[],"site-pages-parent-category":{"60":"business","61":"free"}}}},"id-20009":{"title":"Entrepreneur","featured-image-url":"https:\/\/websitedemos.net\/wp-content\/uploads\/2019\/07\/entrepreneur-07-feb-20-home.jpg","thumbnail-image-url":"https:\/\/websitedemos.net\/wp-content\/uploads\/2019\/07\/entrepreneur-07-feb-20-home-600x800.jpg","fullpage-thumbnail-image-url":"https:\/\/websitedemos.net\/wp-content\/uploads\/2019\/07\/entrepreneur-07-feb-20-home-400x1144.jpg","astra-site-url":"\/\/websitedemos.net\/entrepreneur-07","astra-site-parent-id":240,"astra-sites-tag":{"803":"administrator","795":"contractor","796":"executive","801":"founder","798":"manager","799":"organizer","800":"producer","804":"promoter"},"astra-sites-type":"free","astra-site-page-builder":"gutenberg","astra-site-category":{"37":"blog","39":"free"},"pages":{"id-24561":{"title":"Home","featured-image-url":"https:\/\/websitedemos.net\/wp-content\/uploads\/2019\/07\/entrepreneur-07-feb-20-home.jpg","thumbnail-image-url":"https:\/\/websitedemos.net\/wp-content\/uploads\/2019\/07\/entrepreneur-07-feb-20-home-600x800.jpg","astra-page-api-url":"https:\/\/websitedemos.net\/entrepreneur-07\/wp-json\/wp\/v2\/pages\/9","dynamic-page":"no","astra-page-url":"\/\/websitedemos.net\/entrepreneur-07\/","astra-sites-tag":{"423":"home"},"site-pages-type":"free","site-pages-page-builder":"gutenberg","site-pages-category":[],"site-pages-parent-category":{"74":"blog","61":"free"}},"id-24558":{"title":"About Me","featured-image-url":"https:\/\/websitedemos.net\/wp-content\/uploads\/2019\/07\/entrepreneur-07-feb-20-about.jpg","thumbnail-image-url":"https:\/\/websitedemos.net\/wp-content\/uploads\/2019\/07\/entrepreneur-07-feb-20-about-600x800.jpg","astra-page-api-url":"https:\/\/websitedemos.net\/entrepreneur-07\/wp-json\/wp\/v2\/pages\/11","dynamic-page":"no","astra-page-url":"\/\/websitedemos.net\/entrepreneur-07\/about-me\/","astra-sites-tag":{"352":"about"},"site-pages-type":"free","site-pages-page-builder":"gutenberg","site-pages-category":[],"site-pages-parent-category":{"74":"blog","61":"free"}},"id-24559":{"title":"Blog","featured-image-url":"https:\/\/websitedemos.net\/wp-content\/uploads\/2019\/07\/entrepreneur-07-feb-20-blog.jpg","thumbnail-image-url":"https:\/\/websitedemos.net\/wp-content\/uploads\/2019\/07\/entrepreneur-07-feb-20-blog-600x800.jpg","astra-page-api-url":"https:\/\/websitedemos.net\/entrepreneur-07\/wp-json\/wp\/v2\/pages\/283","dynamic-page":"no","astra-page-url":"\/\/websitedemos.net\/entrepreneur-07\/blog\/","astra-sites-tag":{"480":"blog"},"site-pages-type":"free","site-pages-page-builder":"gutenberg","site-pages-category":[],"site-pages-parent-category":{"74":"blog","61":"free"}},"id-24560":{"title":"Contact Me","featured-image-url":"https:\/\/websitedemos.net\/wp-content\/uploads\/2019\/07\/entrepreneur-07-feb-20-contact.jpg","thumbnail-image-url":"https:\/\/websitedemos.net\/wp-content\/uploads\/2019\/07\/entrepreneur-07-feb-20-contact-600x800.jpg","astra-page-api-url":"https:\/\/websitedemos.net\/entrepreneur-07\/wp-json\/wp\/v2\/pages\/13","dynamic-page":"no","astra-page-url":"\/\/websitedemos.net\/entrepreneur-07\/contact-me\/","astra-sites-tag":{"415":"contact"},"site-pages-type":"free","site-pages-page-builder":"gutenberg","site-pages-category":[],"site-pages-parent-category":{"74":"blog","61":"free"}}}},"id-19958":{"title":"Photography Portfolio","featured-image-url":"https:\/\/websitedemos.net\/wp-content\/uploads\/2018\/12\/photographer-portfolio-feb-20-home.jpg","thumbnail-image-url":"https:\/\/websitedemos.net\/wp-content\/uploads\/2018\/12\/photographer-portfolio-feb-20-home-600x800.jpg","fullpage-thumbnail-image-url":"https:\/\/websitedemos.net\/wp-content\/uploads\/2018\/12\/photographer-portfolio-feb-20-home-400x1255.jpg","astra-site-url":"\/\/websitedemos.net\/photographer-portfolio-04","astra-site-parent-id":202,"astra-sites-tag":{"513":"camera","482":"fashion","515":"lens","510":"modelling","511":"photographer","509":"photography","444":"portfolio","1022":"professional","514":"videography","512":"wedding-shoot"},"astra-sites-type":"agency-mini","astra-site-page-builder":"elementor","astra-site-category":{"27":"business"},"pages":{"id-24050":{"title":"Home","featured-image-url":"https:\/\/websitedemos.net\/wp-content\/uploads\/2018\/12\/photographer-portfolio-feb-20-home.jpg","thumbnail-image-url":"https:\/\/websitedemos.net\/wp-content\/uploads\/2018\/12\/photographer-portfolio-feb-20-home-600x800.jpg","astra-page-api-url":"https:\/\/websitedemos.net\/photographer-portfolio-04\/wp-json\/wp\/v2\/pages\/6","dynamic-page":"no","astra-page-url":"\/\/websitedemos.net\/photographer-portfolio-04\/","astra-sites-tag":{"423":"home"},"site-pages-type":"agency-mini","site-pages-page-builder":"elementor","site-pages-category":[],"site-pages-parent-category":{"60":"business"}},"id-24047":{"title":"About","featured-image-url":"https:\/\/websitedemos.net\/wp-content\/uploads\/2019\/07\/photographer-portfolio-feb-20-about.jpg","thumbnail-image-url":"https:\/\/websitedemos.net\/wp-content\/uploads\/2019\/07\/photographer-portfolio-feb-20-about-600x800.jpg","astra-page-api-url":"https:\/\/websitedemos.net\/photographer-portfolio-04\/wp-json\/wp\/v2\/pages\/26","dynamic-page":"no","astra-page-url":"\/\/websitedemos.net\/photographer-portfolio-04\/about\/","astra-sites-tag":{"352":"about"},"site-pages-type":"agency-mini","site-pages-page-builder":"elementor","site-pages-category":[],"site-pages-parent-category":{"60":"business"}},"id-24052":{"title":"Services","featured-image-url":"https:\/\/websitedemos.net\/wp-content\/uploads\/2019\/07\/photographer-portfolio-feb-20-services.jpg","thumbnail-image-url":"https:\/\/websitedemos.net\/wp-content\/uploads\/2019\/07\/photographer-portfolio-feb-20-services-600x800.jpg","astra-page-api-url":"https:\/\/websitedemos.net\/photographer-portfolio-04\/wp-json\/wp\/v2\/pages\/27","dynamic-page":"no","astra-page-url":"\/\/websitedemos.net\/photographer-portfolio-04\/services\/","astra-sites-tag":{"425":"services"},"site-pages-type":"agency-mini","site-pages-page-builder":"elementor","site-pages-category":[],"site-pages-parent-category":{"60":"business"}},"id-24051":{"title":"Portfolio","featured-image-url":"https:\/\/websitedemos.net\/wp-content\/uploads\/2019\/07\/photographer-portfolio-feb-20-portfolio.jpg","thumbnail-image-url":"https:\/\/websitedemos.net\/wp-content\/uploads\/2019\/07\/photographer-portfolio-feb-20-portfolio-600x800.jpg","astra-page-api-url":"https:\/\/websitedemos.net\/photographer-portfolio-04\/wp-json\/wp\/v2\/pages\/28","dynamic-page":"no","astra-page-url":"\/\/websitedemos.net\/photographer-portfolio-04\/portfolio\/","astra-sites-tag":{"444":"portfolio","424":"project"},"site-pages-type":"agency-mini","site-pages-page-builder":"elementor","site-pages-category":[],"site-pages-parent-category":{"60":"business"}},"id-24049":{"title":"Contact","featured-image-url":"https:\/\/websitedemos.net\/wp-content\/uploads\/2019\/07\/photographer-portfolio-feb-20-contact.jpg","thumbnail-image-url":"https:\/\/websitedemos.net\/wp-content\/uploads\/2019\/07\/photographer-portfolio-feb-20-contact-600x800.jpg","astra-page-api-url":"https:\/\/websitedemos.net\/photographer-portfolio-04\/wp-json\/wp\/v2\/pages\/29","dynamic-page":"no","astra-page-url":"\/\/websitedemos.net\/photographer-portfolio-04\/contact\/","astra-sites-tag":{"415":"contact"},"site-pages-type":"agency-mini","site-pages-page-builder":"elementor","site-pages-category":[],"site-pages-parent-category":{"60":"business"}}}},"id-19959":{"title":"Sierra Industry","featured-image-url":"https:\/\/websitedemos.net\/wp-content\/uploads\/2019\/07\/sierra-industry-01-home.jpg","thumbnail-image-url":"https:\/\/websitedemos.net\/wp-content\/uploads\/2019\/07\/sierra-industry-01-home-600x800.jpg","fullpage-thumbnail-image-url":"https:\/\/websitedemos.net\/wp-content\/uploads\/2019\/07\/sierra-industry-01-home-400x1124.jpg","astra-site-url":"\/\/websitedemos.net\/sierra-industry-01","astra-site-parent-id":203,"astra-sites-tag":{"985":"factory","492":"industry","490":"manufacturing","489":"production"},"astra-sites-type":"free","astra-site-page-builder":"beaver-builder","astra-site-category":{"27":"business","39":"free"},"pages":{"id-44099":{"title":"Home","featured-image-url":"https:\/\/websitedemos.net\/wp-content\/uploads\/2019\/07\/sierra-industry-home.jpg","thumbnail-image-url":"https:\/\/websitedemos.net\/wp-content\/uploads\/2019\/07\/sierra-industry-home-600x800.jpg","astra-page-api-url":"https:\/\/websitedemos.net\/sierra-industry-01\/wp-json\/wp\/v2\/pages\/6","dynamic-page":"no","astra-page-url":"\/\/websitedemos.net\/sierra-industry-01\/","astra-sites-tag":{"423":"home"},"site-pages-type":"free","site-pages-page-builder":"beaver-builder","site-pages-category":[],"site-pages-parent-category":{"60":"business","61":"free"}},"id-44097":{"title":"About","featured-image-url":"https:\/\/websitedemos.net\/wp-content\/uploads\/2019\/07\/sierra-industry-02-about.jpg","thumbnail-image-url":"https:\/\/websitedemos.net\/wp-content\/uploads\/2019\/07\/sierra-industry-02-about-600x800.jpg","astra-page-api-url":"https:\/\/websitedemos.net\/sierra-industry-01\/wp-json\/wp\/v2\/pages\/7","dynamic-page":"no","astra-page-url":"\/\/websitedemos.net\/sierra-industry-01\/about\/","astra-sites-tag":{"352":"about"},"site-pages-type":"free","site-pages-page-builder":"beaver-builder","site-pages-category":[],"site-pages-parent-category":{"60":"business","61":"free"}},"id-44100":{"title":"Products","featured-image-url":"https:\/\/websitedemos.net\/wp-content\/uploads\/2019\/07\/sierra-industry-02-product.jpg","thumbnail-image-url":"https:\/\/websitedemos.net\/wp-content\/uploads\/2019\/07\/sierra-industry-02-product-600x800.jpg","astra-page-api-url":"https:\/\/websitedemos.net\/sierra-industry-01\/wp-json\/wp\/v2\/pages\/8","dynamic-page":"no","astra-page-url":"\/\/websitedemos.net\/sierra-industry-01\/services\/","astra-sites-tag":{"540":"products"},"site-pages-type":"free","site-pages-page-builder":"beaver-builder","site-pages-category":[],"site-pages-parent-category":{"60":"business","61":"free"}},"id-44101":{"title":"Projects","featured-image-url":"https:\/\/websitedemos.net\/wp-content\/uploads\/2019\/07\/sierra-industry-feb-20-projects.jpg","thumbnail-image-url":"https:\/\/websitedemos.net\/wp-content\/uploads\/2019\/07\/sierra-industry-feb-20-projects-600x800.jpg","astra-page-api-url":"https:\/\/websitedemos.net\/sierra-industry-01\/wp-json\/wp\/v2\/pages\/9","dynamic-page":"no","astra-page-url":"\/\/websitedemos.net\/sierra-industry-01\/projects\/","astra-sites-tag":{"424":"project"},"site-pages-type":"free","site-pages-page-builder":"beaver-builder","site-pages-category":[],"site-pages-parent-category":{"60":"business","61":"free"}},"id-44098":{"title":"Contact","featured-image-url":"https:\/\/websitedemos.net\/wp-content\/uploads\/2019\/07\/sierra-industry-02-contact-1.jpg","thumbnail-image-url":"https:\/\/websitedemos.net\/wp-content\/uploads\/2019\/07\/sierra-industry-02-contact-1-600x800.jpg","astra-page-api-url":"https:\/\/websitedemos.net\/sierra-industry-01\/wp-json\/wp\/v2\/pages\/10","dynamic-page":"no","astra-page-url":"\/\/websitedemos.net\/sierra-industry-01\/contact\/","astra-sites-tag":{"415":"contact"},"site-pages-type":"free","site-pages-page-builder":"beaver-builder","site-pages-category":[],"site-pages-parent-category":{"60":"business","61":"free"}}}},"id-19881":{"title":"Sierra Nature","featured-image-url":"https:\/\/websitedemos.net\/wp-content\/uploads\/2018\/12\/id-19881-sierra-nature-resize.jpg","thumbnail-image-url":"https:\/\/websitedemos.net\/wp-content\/uploads\/2018\/12\/id-19881-sierra-nature-resize-600x800.jpg","fullpage-thumbnail-image-url":"https:\/\/websitedemos.net\/wp-content\/uploads\/2018\/12\/id-19881-sierra-nature-resize.jpg","astra-site-url":"\/\/websitedemos.net\/sierra-nature-01","astra-site-parent-id":111,"astra-sites-tag":{"538":"forest","537":"national-park","535":"nature","534":"nature-park","539":"sanctuary","536":"wilderness"},"astra-sites-type":"free","astra-site-page-builder":"beaver-builder","astra-site-category":{"27":"business","39":"free"},"pages":{"id-23024":{"title":"Home","featured-image-url":"https:\/\/websitedemos.net\/wp-content\/uploads\/2019\/07\/id-23024-sierra-nature-home-resize.jpg","thumbnail-image-url":"https:\/\/websitedemos.net\/wp-content\/uploads\/2019\/07\/id-23024-sierra-nature-home-resize-600x800.jpg","astra-page-api-url":"https:\/\/websitedemos.net\/sierra-nature-01\/wp-json\/wp\/v2\/pages\/6","dynamic-page":"no","astra-page-url":"\/\/websitedemos.net\/sierra-nature-01\/","astra-sites-tag":{"423":"home"},"site-pages-type":"free","site-pages-page-builder":"beaver-builder","site-pages-category":[],"site-pages-parent-category":{"60":"business","61":"free"}},"id-23021":{"title":"About","featured-image-url":"https:\/\/websitedemos.net\/wp-content\/uploads\/2019\/07\/id-23021-sierra-nature-about-resize.jpg","thumbnail-image-url":"https:\/\/websitedemos.net\/wp-content\/uploads\/2019\/07\/id-23021-sierra-nature-about-resize-600x800.jpg","astra-page-api-url":"https:\/\/websitedemos.net\/sierra-nature-01\/wp-json\/wp\/v2\/pages\/7","dynamic-page":"no","astra-page-url":"\/\/websitedemos.net\/sierra-nature-01\/about\/","astra-sites-tag":{"352":"about"},"site-pages-type":"free","site-pages-page-builder":"beaver-builder","site-pages-category":[],"site-pages-parent-category":{"60":"business","61":"free"}},"id-23026":{"title":"Services","featured-image-url":"https:\/\/websitedemos.net\/wp-content\/uploads\/2019\/07\/sierra-nature-services-screenshot.png","thumbnail-image-url":"https:\/\/websitedemos.net\/wp-content\/uploads\/2019\/07\/sierra-nature-services-screenshot-600x800.png","astra-page-api-url":"https:\/\/websitedemos.net\/sierra-nature-01\/wp-json\/wp\/v2\/pages\/8","dynamic-page":"no","astra-page-url":"\/\/websitedemos.net\/sierra-nature-01\/services\/","astra-sites-tag":{"425":"services"},"site-pages-type":"free","site-pages-page-builder":"beaver-builder","site-pages-category":[],"site-pages-parent-category":{"60":"business","61":"free"}},"id-23025":{"title":"Projects","featured-image-url":"https:\/\/websitedemos.net\/wp-content\/uploads\/2019\/07\/id-23025-sierra-nature-projects-resize.jpg","thumbnail-image-url":"https:\/\/websitedemos.net\/wp-content\/uploads\/2019\/07\/id-23025-sierra-nature-projects-resize-600x800.jpg","astra-page-api-url":"https:\/\/websitedemos.net\/sierra-nature-01\/wp-json\/wp\/v2\/pages\/9","dynamic-page":"no","astra-page-url":"\/\/websitedemos.net\/sierra-nature-01\/projects\/","astra-sites-tag":{"424":"project"},"site-pages-type":"free","site-pages-page-builder":"beaver-builder","site-pages-category":[],"site-pages-parent-category":{"60":"business","61":"free"}},"id-23023":{"title":"Contact","featured-image-url":"https:\/\/websitedemos.net\/wp-content\/uploads\/2019\/07\/sierra-nature-02-contact.jpg","thumbnail-image-url":"https:\/\/websitedemos.net\/wp-content\/uploads\/2019\/07\/sierra-nature-02-contact-600x800.jpg","astra-page-api-url":"https:\/\/websitedemos.net\/sierra-nature-01\/wp-json\/wp\/v2\/pages\/10","dynamic-page":"no","astra-page-url":"\/\/websitedemos.net\/sierra-nature-01\/contact\/","astra-sites-tag":{"415":"contact"},"site-pages-type":"free","site-pages-page-builder":"beaver-builder","site-pages-category":[],"site-pages-parent-category":{"60":"business","61":"free"}}}},"id-19814":{"title":"Sierra Nature","featured-image-url":"https:\/\/websitedemos.net\/wp-content\/uploads\/2019\/07\/sierra-nature-home-screenshot.png","thumbnail-image-url":"https:\/\/websitedemos.net\/wp-content\/uploads\/2019\/07\/sierra-nature-home-screenshot-600x800.png","fullpage-thumbnail-image-url":"https:\/\/websitedemos.net\/wp-content\/uploads\/2019\/07\/sierra-nature-home-screenshot-400x1277.png","astra-site-url":"\/\/websitedemos.net\/sierra-nature-02","astra-site-parent-id":110,"astra-sites-tag":{"538":"forest","537":"national-park","535":"nature","534":"nature-park","539":"sanctuary","536":"wilderness"},"astra-sites-type":"free","astra-site-page-builder":"elementor","astra-site-category":{"27":"business","39":"free"},"pages":{"id-23008":{"title":"Home","featured-image-url":"https:\/\/websitedemos.net\/wp-content\/uploads\/2019\/07\/sierra-nature-home-screenshot.png","thumbnail-image-url":"https:\/\/websitedemos.net\/wp-content\/uploads\/2019\/07\/sierra-nature-home-screenshot-600x800.png","astra-page-api-url":"https:\/\/websitedemos.net\/sierra-nature-02\/wp-json\/wp\/v2\/pages\/6","dynamic-page":"no","astra-page-url":"\/\/websitedemos.net\/sierra-nature-02\/","astra-sites-tag":{"423":"home"},"site-pages-type":"free","site-pages-page-builder":"elementor","site-pages-category":[],"site-pages-parent-category":{"60":"business","61":"free"}},"id-23005":{"title":"About","featured-image-url":"https:\/\/websitedemos.net\/wp-content\/uploads\/2019\/07\/sierra-nature-about-screenshot.png","thumbnail-image-url":"https:\/\/websitedemos.net\/wp-content\/uploads\/2019\/07\/sierra-nature-about-screenshot-600x800.png","astra-page-api-url":"https:\/\/websitedemos.net\/sierra-nature-02\/wp-json\/wp\/v2\/pages\/7","dynamic-page":"no","astra-page-url":"\/\/websitedemos.net\/sierra-nature-02\/about\/","astra-sites-tag":{"352":"about"},"site-pages-type":"free","site-pages-page-builder":"elementor","site-pages-category":[],"site-pages-parent-category":{"60":"business","61":"free"}},"id-23010":{"title":"Services","featured-image-url":"https:\/\/websitedemos.net\/wp-content\/uploads\/2019\/07\/sierra-nature-services-screenshot.png","thumbnail-image-url":"https:\/\/websitedemos.net\/wp-content\/uploads\/2019\/07\/sierra-nature-services-screenshot-600x800.png","astra-page-api-url":"https:\/\/websitedemos.net\/sierra-nature-02\/wp-json\/wp\/v2\/pages\/8","dynamic-page":"no","astra-page-url":"\/\/websitedemos.net\/sierra-nature-02\/services\/","astra-sites-tag":{"425":"services"},"site-pages-type":"free","site-pages-page-builder":"elementor","site-pages-category":[],"site-pages-parent-category":{"60":"business","61":"free"}},"id-23009":{"title":"Projects","featured-image-url":"https:\/\/websitedemos.net\/wp-content\/uploads\/2019\/07\/sierra-nature-projects-screenshot.png","thumbnail-image-url":"https:\/\/websitedemos.net\/wp-content\/uploads\/2019\/07\/sierra-nature-projects-screenshot-600x800.png","astra-page-api-url":"https:\/\/websitedemos.net\/sierra-nature-02\/wp-json\/wp\/v2\/pages\/9","dynamic-page":"no","astra-page-url":"\/\/websitedemos.net\/sierra-nature-02\/projects\/","astra-sites-tag":{"424":"project"},"site-pages-type":"free","site-pages-page-builder":"elementor","site-pages-category":[],"site-pages-parent-category":{"60":"business","61":"free"}},"id-23007":{"title":"Contact","featured-image-url":"https:\/\/websitedemos.net\/wp-content\/uploads\/2019\/07\/sierra-nature-contact-screenshot.png","thumbnail-image-url":"https:\/\/websitedemos.net\/wp-content\/uploads\/2019\/07\/sierra-nature-contact-screenshot-600x800.png","astra-page-api-url":"https:\/\/websitedemos.net\/sierra-nature-02\/wp-json\/wp\/v2\/pages\/10","dynamic-page":"no","astra-page-url":"\/\/websitedemos.net\/sierra-nature-02\/contact\/","astra-sites-tag":{"415":"contact"},"site-pages-type":"free","site-pages-page-builder":"elementor","site-pages-category":[],"site-pages-parent-category":{"60":"business","61":"free"}}}},"id-19598":{"title":"Interior Design Firm","featured-image-url":"https:\/\/websitedemos.net\/wp-content\/uploads\/2019\/07\/interior-firm-home-screenshot.png","thumbnail-image-url":"https:\/\/websitedemos.net\/wp-content\/uploads\/2019\/07\/interior-firm-home-screenshot-600x800.png","fullpage-thumbnail-image-url":"https:\/\/websitedemos.net\/wp-content\/uploads\/2019\/07\/interior-firm-home-screenshot-400x1739.png","astra-site-url":"\/\/websitedemos.net\/interior-firm-01","astra-site-parent-id":314,"astra-sites-tag":{"435":"architecture","979":"company","436":"interior","434":"interior-design","981":"interior-designer","422":"landscaping","812":"office","437":"zoning"},"astra-sites-type":"free","astra-site-page-builder":"beaver-builder","astra-site-category":{"27":"business","39":"free"},"pages":{"id-25282":{"title":"Home","featured-image-url":"https:\/\/websitedemos.net\/wp-content\/uploads\/2019\/07\/interior-firm-home-screenshot.png","thumbnail-image-url":"https:\/\/websitedemos.net\/wp-content\/uploads\/2019\/07\/interior-firm-home-screenshot-600x800.png","astra-page-api-url":"https:\/\/websitedemos.net\/interior-firm-01\/wp-json\/wp\/v2\/pages\/5","dynamic-page":"no","astra-page-url":"\/\/websitedemos.net\/interior-firm-01\/","astra-sites-tag":{"423":"home"},"site-pages-type":"free","site-pages-page-builder":"beaver-builder","site-pages-category":[],"site-pages-parent-category":{"60":"business","61":"free"}},"id-25283":{"title":"Portfolio","featured-image-url":"https:\/\/websitedemos.net\/wp-content\/uploads\/2019\/07\/interior-firm-portfolio-screenshot.png","thumbnail-image-url":"https:\/\/websitedemos.net\/wp-content\/uploads\/2019\/07\/interior-firm-portfolio-screenshot-600x800.png","astra-page-api-url":"https:\/\/websitedemos.net\/interior-firm-01\/wp-json\/wp\/v2\/pages\/6","dynamic-page":"no","astra-page-url":"\/\/websitedemos.net\/interior-firm-01\/portfolio\/","astra-sites-tag":{"444":"portfolio"},"site-pages-type":"free","site-pages-page-builder":"beaver-builder","site-pages-category":[],"site-pages-parent-category":{"60":"business","61":"free"}},"id-25279":{"title":"About","featured-image-url":"https:\/\/websitedemos.net\/wp-content\/uploads\/2019\/07\/interior-firm-about-screenshot.png","thumbnail-image-url":"https:\/\/websitedemos.net\/wp-content\/uploads\/2019\/07\/interior-firm-about-screenshot-600x800.png","astra-page-api-url":"https:\/\/websitedemos.net\/interior-firm-01\/wp-json\/wp\/v2\/pages\/8","dynamic-page":"no","astra-page-url":"\/\/websitedemos.net\/interior-firm-01\/about\/","astra-sites-tag":{"352":"about"},"site-pages-type":"free","site-pages-page-builder":"beaver-builder","site-pages-category":[],"site-pages-parent-category":{"60":"business","61":"free"}},"id-25284":{"title":"Testimonials","featured-image-url":"https:\/\/websitedemos.net\/wp-content\/uploads\/2019\/07\/interior-firm-testimonials-screenshot.png","thumbnail-image-url":"https:\/\/websitedemos.net\/wp-content\/uploads\/2019\/07\/interior-firm-testimonials-screenshot-600x800.png","astra-page-api-url":"https:\/\/websitedemos.net\/interior-firm-01\/wp-json\/wp\/v2\/pages\/16","dynamic-page":"no","astra-page-url":"\/\/websitedemos.net\/interior-firm-01\/testimonials\/","astra-sites-tag":{"433":"testimonials"},"site-pages-type":"free","site-pages-page-builder":"beaver-builder","site-pages-category":[],"site-pages-parent-category":{"60":"business","61":"free"}},"id-25281":{"title":"Contact","featured-image-url":"https:\/\/websitedemos.net\/wp-content\/uploads\/2019\/07\/interior-firm-contact-screenshot.png","thumbnail-image-url":"https:\/\/websitedemos.net\/wp-content\/uploads\/2019\/07\/interior-firm-contact-screenshot-600x800.png","astra-page-api-url":"https:\/\/websitedemos.net\/interior-firm-01\/wp-json\/wp\/v2\/pages\/15","dynamic-page":"no","astra-page-url":"\/\/websitedemos.net\/interior-firm-01\/contact\/","astra-sites-tag":{"415":"contact"},"site-pages-type":"free","site-pages-page-builder":"beaver-builder","site-pages-category":[],"site-pages-parent-category":{"60":"business","61":"free"}}}},"id-19790":{"title":"Agency","featured-image-url":"https:\/\/websitedemos.net\/wp-content\/uploads\/2019\/07\/agency-starter-site.jpg","thumbnail-image-url":"https:\/\/websitedemos.net\/wp-content\/uploads\/2019\/07\/agency-starter-site-600x800.jpg","fullpage-thumbnail-image-url":"https:\/\/websitedemos.net\/wp-content\/uploads\/2019\/07\/agency-starter-site-400x1138.jpg","astra-site-url":"\/\/websitedemos.net\/agency-05","astra-site-parent-id":180,"astra-sites-tag":{"663":"agency","979":"company","664":"digital-services","812":"office","665":"service-agency","661":"website"},"astra-sites-type":"free","astra-site-page-builder":"brizy","astra-site-category":{"27":"business","39":"free"},"pages":{"id-23678":{"title":"Home","featured-image-url":"https:\/\/websitedemos.net\/wp-content\/uploads\/2019\/07\/agency-starter-site.jpg","thumbnail-image-url":"https:\/\/websitedemos.net\/wp-content\/uploads\/2019\/07\/agency-starter-site-600x800.jpg","astra-page-api-url":"https:\/\/websitedemos.net\/agency-05\/wp-json\/wp\/v2\/pages\/853","dynamic-page":"no","astra-page-url":"\/\/websitedemos.net\/agency-05\/","astra-sites-tag":{"423":"home"},"site-pages-type":"free","site-pages-page-builder":"brizy","site-pages-category":[],"site-pages-parent-category":{"60":"business","61":"free"}},"id-23676":{"title":"About","featured-image-url":"https:\/\/websitedemos.net\/wp-content\/uploads\/2019\/07\/agency-feb-20-about.jpg","thumbnail-image-url":"https:\/\/websitedemos.net\/wp-content\/uploads\/2019\/07\/agency-feb-20-about-600x800.jpg","astra-page-api-url":"https:\/\/websitedemos.net\/agency-05\/wp-json\/wp\/v2\/pages\/868","dynamic-page":"no","astra-page-url":"\/\/websitedemos.net\/agency-05\/about\/","astra-sites-tag":{"352":"about"},"site-pages-type":"free","site-pages-page-builder":"brizy","site-pages-category":[],"site-pages-parent-category":{"60":"business","61":"free"}},"id-23679":{"title":"Services","featured-image-url":"https:\/\/websitedemos.net\/wp-content\/uploads\/2019\/07\/agency-feb-20-services.jpg","thumbnail-image-url":"https:\/\/websitedemos.net\/wp-content\/uploads\/2019\/07\/agency-feb-20-services-600x800.jpg","astra-page-api-url":"https:\/\/websitedemos.net\/agency-05\/wp-json\/wp\/v2\/pages\/876","dynamic-page":"no","astra-page-url":"\/\/websitedemos.net\/agency-05\/services\/","astra-sites-tag":{"425":"services"},"site-pages-type":"free","site-pages-page-builder":"brizy","site-pages-category":[],"site-pages-parent-category":{"60":"business","61":"free"}},"id-23677":{"title":"Contact","featured-image-url":"https:\/\/websitedemos.net\/wp-content\/uploads\/2019\/07\/agency-feb-20-contact.jpg","thumbnail-image-url":"https:\/\/websitedemos.net\/wp-content\/uploads\/2019\/07\/agency-feb-20-contact-600x800.jpg","astra-page-api-url":"https:\/\/websitedemos.net\/agency-05\/wp-json\/wp\/v2\/pages\/878","dynamic-page":"no","astra-page-url":"\/\/websitedemos.net\/agency-05\/contact\/","astra-sites-tag":{"415":"contact"},"site-pages-type":"free","site-pages-page-builder":"brizy","site-pages-category":[],"site-pages-parent-category":{"60":"business","61":"free"}}}},"id-19796":{"title":"Personal Fitness Trainer","featured-image-url":"https:\/\/websitedemos.net\/wp-content\/uploads\/2018\/11\/id-19796-fitness-trainer-resize.jpg","thumbnail-image-url":"https:\/\/websitedemos.net\/wp-content\/uploads\/2018\/11\/id-19796-fitness-trainer-resize-600x800.jpg","fullpage-thumbnail-image-url":"https:\/\/websitedemos.net\/wp-content\/uploads\/2018\/11\/id-19796-fitness-trainer-resize.jpg","astra-site-url":"\/\/websitedemos.net\/fitness-trainer-05","astra-site-parent-id":174,"astra-sites-tag":{"502":"exercise","499":"fitness","505":"fitness-trainer","506":"functional-training","500":"gym","976":"gym-instructor","504":"gym-trainer","399":"one-page","463":"single-page","503":"trainer","501":"work-out"},"astra-sites-type":"free","astra-site-page-builder":"brizy","astra-site-category":{"27":"business","39":"free"},"pages":{"id-23635":{"title":"Home","featured-image-url":"https:\/\/websitedemos.net\/wp-content\/uploads\/2019\/07\/id-23635-fitness-trainer-home-resize.jpg","thumbnail-image-url":"https:\/\/websitedemos.net\/wp-content\/uploads\/2019\/07\/id-23635-fitness-trainer-home-resize-600x800.jpg","astra-page-api-url":"https:\/\/websitedemos.net\/fitness-trainer-05\/wp-json\/wp\/v2\/pages\/149","dynamic-page":"no","astra-page-url":"\/\/websitedemos.net\/fitness-trainer-05\/","astra-sites-tag":{"423":"home"},"site-pages-type":"free","site-pages-page-builder":"brizy","site-pages-category":[],"site-pages-parent-category":{"60":"business","61":"free"}}}},"id-19798":{"title":"Electrician","featured-image-url":"https:\/\/websitedemos.net\/wp-content\/uploads\/2019\/07\/electrician-02-feb-20-home.jpg","thumbnail-image-url":"https:\/\/websitedemos.net\/wp-content\/uploads\/2019\/07\/electrician-02-feb-20-home-600x800.jpg","fullpage-thumbnail-image-url":"https:\/\/websitedemos.net\/wp-content\/uploads\/2019\/07\/electrician-02-feb-20-home-400x1352.jpg","astra-site-url":"\/\/websitedemos.net\/electrician-05","astra-site-parent-id":245,"astra-sites-tag":{"502":"exercise","499":"fitness","505":"fitness-trainer","506":"functional-training","500":"gym","504":"gym-trainer","503":"trainer","501":"work-out"},"astra-sites-type":"free","astra-site-page-builder":"brizy","astra-site-category":{"27":"business","39":"free"},"pages":{"id-24609":{"title":"Home","featured-image-url":"https:\/\/websitedemos.net\/wp-content\/uploads\/2019\/07\/electrician-02-feb-20-home.jpg","thumbnail-image-url":"https:\/\/websitedemos.net\/wp-content\/uploads\/2019\/07\/electrician-02-feb-20-home-600x800.jpg","astra-page-api-url":"https:\/\/websitedemos.net\/electrician-05\/wp-json\/wp\/v2\/pages\/550","dynamic-page":"no","astra-page-url":"\/\/websitedemos.net\/electrician-05\/","astra-sites-tag":{"423":"home"},"site-pages-type":"free","site-pages-page-builder":"brizy","site-pages-category":[],"site-pages-parent-category":{"60":"business","61":"free"}},"id-24606":{"title":"About Us","featured-image-url":"https:\/\/websitedemos.net\/wp-content\/uploads\/2019\/07\/id-24606-electrician-about-us-resize.jpg","thumbnail-image-url":"https:\/\/websitedemos.net\/wp-content\/uploads\/2019\/07\/id-24606-electrician-about-us-resize-600x800.jpg","astra-page-api-url":"https:\/\/websitedemos.net\/electrician-05\/wp-json\/wp\/v2\/pages\/558","dynamic-page":"no","astra-page-url":"\/\/websitedemos.net\/electrician-05\/about-us\/","astra-sites-tag":{"352":"about"},"site-pages-type":"free","site-pages-page-builder":"brizy","site-pages-category":[],"site-pages-parent-category":{"60":"business","61":"free"}},"id-24610":{"title":"Services","featured-image-url":"https:\/\/websitedemos.net\/wp-content\/uploads\/2019\/07\/electrician-02-feb-20-services.jpg","thumbnail-image-url":"https:\/\/websitedemos.net\/wp-content\/uploads\/2019\/07\/electrician-02-feb-20-services-600x800.jpg","astra-page-api-url":"https:\/\/websitedemos.net\/electrician-05\/wp-json\/wp\/v2\/pages\/561","dynamic-page":"no","astra-page-url":"\/\/websitedemos.net\/electrician-05\/services\/","astra-sites-tag":{"425":"services"},"site-pages-type":"free","site-pages-page-builder":"brizy","site-pages-category":[],"site-pages-parent-category":{"60":"business","61":"free"}},"id-24608":{"title":"FAQ","featured-image-url":"https:\/\/websitedemos.net\/wp-content\/uploads\/2019\/07\/id-24608-electrician-faq-resize.jpg","thumbnail-image-url":"https:\/\/websitedemos.net\/wp-content\/uploads\/2019\/07\/id-24608-electrician-faq-resize-600x800.jpg","astra-page-api-url":"https:\/\/websitedemos.net\/electrician-05\/wp-json\/wp\/v2\/pages\/564","dynamic-page":"no","astra-page-url":"\/\/websitedemos.net\/electrician-05\/faq\/","astra-sites-tag":{"426":"faq","709":"questions"},"site-pages-type":"free","site-pages-page-builder":"brizy","site-pages-category":[],"site-pages-parent-category":{"60":"business","61":"free"}},"id-24607":{"title":"Contact","featured-image-url":"https:\/\/websitedemos.net\/wp-content\/uploads\/2019\/07\/id-24607-electrician-contact-resize.jpg","thumbnail-image-url":"https:\/\/websitedemos.net\/wp-content\/uploads\/2019\/07\/id-24607-electrician-contact-resize-600x800.jpg","astra-page-api-url":"https:\/\/websitedemos.net\/electrician-05\/wp-json\/wp\/v2\/pages\/567","dynamic-page":"no","astra-page-url":"\/\/websitedemos.net\/electrician-05\/contact\/","astra-sites-tag":{"415":"contact"},"site-pages-type":"free","site-pages-page-builder":"brizy","site-pages-category":[],"site-pages-parent-category":{"60":"business","61":"free"}}}},"id-19791":{"title":"Gardening &amp; Landscaping","featured-image-url":"https:\/\/websitedemos.net\/wp-content\/uploads\/2020\/01\/gardenr-landscaping.jpg","thumbnail-image-url":"https:\/\/websitedemos.net\/wp-content\/uploads\/2020\/01\/gardenr-landscaping-600x800.jpg","fullpage-thumbnail-image-url":"https:\/\/websitedemos.net\/wp-content\/uploads\/2020\/01\/gardenr-landscaping-400x1272.jpg","astra-site-url":"\/\/websitedemos.net\/gardener-05","astra-site-parent-id":277,"astra-sites-tag":{"416":"garden-care","421":"garden-maintenance","420":"gardening","422":"landscaping","417":"lawn-care","419":"planting","418":"weed-control"},"astra-sites-type":"free","astra-site-page-builder":"brizy","astra-site-category":{"27":"business","39":"free"},"pages":{"id-24873":{"title":"Home","featured-image-url":"https:\/\/websitedemos.net\/wp-content\/uploads\/2020\/01\/gardenr-landscaping.jpg","thumbnail-image-url":"https:\/\/websitedemos.net\/wp-content\/uploads\/2020\/01\/gardenr-landscaping-600x800.jpg","astra-page-api-url":"https:\/\/websitedemos.net\/gardener-05\/wp-json\/wp\/v2\/pages\/750","dynamic-page":"no","astra-page-url":"\/\/websitedemos.net\/gardener-05\/","astra-sites-tag":{"423":"home"},"site-pages-type":"free","site-pages-page-builder":"brizy","site-pages-category":[],"site-pages-parent-category":{"60":"business","61":"free"}},"id-24870":{"title":"About","featured-image-url":"https:\/\/websitedemos.net\/wp-content\/uploads\/2019\/07\/gardener-02-feb-20-about.jpg","thumbnail-image-url":"https:\/\/websitedemos.net\/wp-content\/uploads\/2019\/07\/gardener-02-feb-20-about-600x800.jpg","astra-page-api-url":"https:\/\/websitedemos.net\/gardener-05\/wp-json\/wp\/v2\/pages\/759","dynamic-page":"no","astra-page-url":"\/\/websitedemos.net\/gardener-05\/about\/","astra-sites-tag":{"352":"about"},"site-pages-type":"free","site-pages-page-builder":"brizy","site-pages-category":[],"site-pages-parent-category":{"60":"business","61":"free"}},"id-24874":{"title":"Services","featured-image-url":"https:\/\/websitedemos.net\/wp-content\/uploads\/2019\/07\/gardener-02-feb-20-services.jpg","thumbnail-image-url":"https:\/\/websitedemos.net\/wp-content\/uploads\/2019\/07\/gardener-02-feb-20-services-600x800.jpg","astra-page-api-url":"https:\/\/websitedemos.net\/gardener-05\/wp-json\/wp\/v2\/pages\/763","dynamic-page":"no","astra-page-url":"\/\/websitedemos.net\/gardener-05\/services\/","astra-sites-tag":{"425":"services"},"site-pages-type":"free","site-pages-page-builder":"brizy","site-pages-category":[],"site-pages-parent-category":{"60":"business","61":"free"}},"id-24872":{"title":"Gallery","featured-image-url":"https:\/\/websitedemos.net\/wp-content\/uploads\/2019\/07\/gardener-02-feb-20-gallery.jpg","thumbnail-image-url":"https:\/\/websitedemos.net\/wp-content\/uploads\/2019\/07\/gardener-02-feb-20-gallery-600x800.jpg","astra-page-api-url":"https:\/\/websitedemos.net\/gardener-05\/wp-json\/wp\/v2\/pages\/767","dynamic-page":"no","astra-page-url":"\/\/websitedemos.net\/gardener-05\/gallery\/","astra-sites-tag":{"461":"gallery"},"site-pages-type":"free","site-pages-page-builder":"brizy","site-pages-category":[],"site-pages-parent-category":{"60":"business","61":"free"}},"id-24871":{"title":"Contact","featured-image-url":"https:\/\/websitedemos.net\/wp-content\/uploads\/2019\/07\/gardener-02-feb-20-contact.jpg","thumbnail-image-url":"https:\/\/websitedemos.net\/wp-content\/uploads\/2019\/07\/gardener-02-feb-20-contact-600x800.jpg","astra-page-api-url":"https:\/\/websitedemos.net\/gardener-05\/wp-json\/wp\/v2\/pages\/770","dynamic-page":"no","astra-page-url":"\/\/websitedemos.net\/gardener-05\/contact\/","astra-sites-tag":{"415":"contact"},"site-pages-type":"free","site-pages-page-builder":"brizy","site-pages-category":[],"site-pages-parent-category":{"60":"business","61":"free"}}}},"id-19792":{"title":"Construction","featured-image-url":"https:\/\/websitedemos.net\/wp-content\/uploads\/2019\/07\/construction-02-feb-20-home.jpg","thumbnail-image-url":"https:\/\/websitedemos.net\/wp-content\/uploads\/2019\/07\/construction-02-feb-20-home-600x800.jpg","fullpage-thumbnail-image-url":"https:\/\/websitedemos.net\/wp-content\/uploads\/2019\/07\/construction-02-feb-20-home-400x1708.jpg","astra-site-url":"\/\/websitedemos.net\/construction-05","astra-site-parent-id":276,"astra-sites-tag":{"435":"architecture","979":"company","484":"construction","436":"interior","812":"office","485":"real-estate"},"astra-sites-type":"free","astra-site-page-builder":"brizy","astra-site-category":{"27":"business","39":"free"},"pages":{"id-24855":{"title":"Home","featured-image-url":"https:\/\/websitedemos.net\/wp-content\/uploads\/2019\/07\/construction-02-feb-20-home.jpg","thumbnail-image-url":"https:\/\/websitedemos.net\/wp-content\/uploads\/2019\/07\/construction-02-feb-20-home-600x800.jpg","astra-page-api-url":"https:\/\/websitedemos.net\/construction-05\/wp-json\/wp\/v2\/pages\/913","dynamic-page":"no","astra-page-url":"\/\/websitedemos.net\/construction-05\/","astra-sites-tag":{"423":"home"},"site-pages-type":"free","site-pages-page-builder":"brizy","site-pages-category":[],"site-pages-parent-category":{"60":"business","61":"free"}},"id-24850":{"title":"About","featured-image-url":"https:\/\/websitedemos.net\/wp-content\/uploads\/2019\/07\/construction-02-feb-20-about.jpg","thumbnail-image-url":"https:\/\/websitedemos.net\/wp-content\/uploads\/2019\/07\/construction-02-feb-20-about-600x800.jpg","astra-page-api-url":"https:\/\/websitedemos.net\/construction-05\/wp-json\/wp\/v2\/pages\/921","dynamic-page":"no","astra-page-url":"\/\/websitedemos.net\/construction-05\/about\/","astra-sites-tag":{"352":"about"},"site-pages-type":"free","site-pages-page-builder":"brizy","site-pages-category":[],"site-pages-parent-category":{"60":"business","61":"free"}},"id-24858":{"title":"Services","featured-image-url":"https:\/\/websitedemos.net\/wp-content\/uploads\/2019\/07\/construction-02-feb-20-services.jpg","thumbnail-image-url":"https:\/\/websitedemos.net\/wp-content\/uploads\/2019\/07\/construction-02-feb-20-services-600x800.jpg","astra-page-api-url":"https:\/\/websitedemos.net\/construction-05\/wp-json\/wp\/v2\/pages\/925","dynamic-page":"no","astra-page-url":"\/\/websitedemos.net\/construction-05\/services\/","astra-sites-tag":{"425":"services"},"site-pages-type":"free","site-pages-page-builder":"brizy","site-pages-category":[],"site-pages-parent-category":{"60":"business","61":"free"}},"id-24857":{"title":"Projects","featured-image-url":"https:\/\/websitedemos.net\/wp-content\/uploads\/2019\/07\/construction-02-feb-20-projects.jpg","thumbnail-image-url":"https:\/\/websitedemos.net\/wp-content\/uploads\/2019\/07\/construction-02-feb-20-projects-600x800.jpg","astra-page-api-url":"https:\/\/websitedemos.net\/construction-05\/wp-json\/wp\/v2\/pages\/929","dynamic-page":"no","astra-page-url":"\/\/websitedemos.net\/construction-05\/projects\/","astra-sites-tag":{"424":"project"},"site-pages-type":"free","site-pages-page-builder":"brizy","site-pages-category":[],"site-pages-parent-category":{"60":"business","61":"free"}},"id-24852":{"title":"Contact Us","featured-image-url":"https:\/\/websitedemos.net\/wp-content\/uploads\/2019\/07\/construction-02-feb-20-contact.jpg","thumbnail-image-url":"https:\/\/websitedemos.net\/wp-content\/uploads\/2019\/07\/construction-02-feb-20-contact-600x800.jpg","astra-page-api-url":"https:\/\/websitedemos.net\/construction-05\/wp-json\/wp\/v2\/pages\/932","dynamic-page":"no","astra-page-url":"\/\/websitedemos.net\/construction-05\/contact-us\/","astra-sites-tag":{"415":"contact"},"site-pages-type":"free","site-pages-page-builder":"brizy","site-pages-category":[],"site-pages-parent-category":{"60":"business","61":"free"}}}},"id-19801":{"title":"Hotel and BnB","featured-image-url":"https:\/\/websitedemos.net\/wp-content\/uploads\/2018\/11\/hotel-05-home.jpg","thumbnail-image-url":"https:\/\/websitedemos.net\/wp-content\/uploads\/2018\/11\/hotel-05-home-600x800.jpg","fullpage-thumbnail-image-url":"https:\/\/websitedemos.net\/wp-content\/uploads\/2018\/11\/hotel-05-home-400x1688.jpg","astra-site-url":"\/\/websitedemos.net\/hotel-05","astra-site-parent-id":248,"astra-sites-tag":{"560":"cuisine","336":"food","350":"hotel","712":"lodge","711":"motel","399":"one-page","714":"resort","463":"single-page"},"astra-sites-type":"free","astra-site-page-builder":"brizy","astra-site-category":{"27":"business","39":"free"},"pages":{"id-24621":{"title":"Home","featured-image-url":"https:\/\/websitedemos.net\/wp-content\/uploads\/2018\/11\/hotel-05-home.jpg","thumbnail-image-url":"https:\/\/websitedemos.net\/wp-content\/uploads\/2018\/11\/hotel-05-home-600x800.jpg","astra-page-api-url":"https:\/\/websitedemos.net\/hotel-05\/wp-json\/wp\/v2\/pages\/373","dynamic-page":"no","astra-page-url":"\/\/websitedemos.net\/hotel-05\/","astra-sites-tag":{"423":"home"},"site-pages-type":"free","site-pages-page-builder":"brizy","site-pages-category":[],"site-pages-parent-category":{"60":"business","61":"free"}}}},"id-19754":{"title":"Coach","featured-image-url":"https:\/\/websitedemos.net\/wp-content\/uploads\/2018\/02\/coach-feb-20-home.jpg","thumbnail-image-url":"https:\/\/websitedemos.net\/wp-content\/uploads\/2018\/02\/coach-feb-20-home-600x800.jpg","fullpage-thumbnail-image-url":"https:\/\/websitedemos.net\/wp-content\/uploads\/2018\/02\/coach-feb-20-home-400x1371.jpg","astra-site-url":"\/\/websitedemos.net\/coach-05","astra-site-parent-id":238,"astra-sites-tag":{"610":"coaching","608":"guidance","612":"life-coach","609":"motivator","611":"self-improvement"},"astra-sites-type":"free","astra-site-page-builder":"brizy","astra-site-category":{"27":"business","39":"free"},"pages":{"id-24539":{"title":"Home","featured-image-url":"https:\/\/websitedemos.net\/wp-content\/uploads\/2018\/02\/coach-feb-20-home.jpg","thumbnail-image-url":"https:\/\/websitedemos.net\/wp-content\/uploads\/2018\/02\/coach-feb-20-home-600x800.jpg","astra-page-api-url":"https:\/\/websitedemos.net\/coach-05\/wp-json\/wp\/v2\/pages\/122","dynamic-page":"no","astra-page-url":"\/\/websitedemos.net\/coach-05\/","astra-sites-tag":{"423":"home"},"site-pages-type":"free","site-pages-page-builder":"brizy","site-pages-category":[],"site-pages-parent-category":{"60":"business","61":"free"}},"id-24534":{"title":"About","featured-image-url":"https:\/\/websitedemos.net\/wp-content\/uploads\/2019\/07\/coach-feb-20-about.jpg","thumbnail-image-url":"https:\/\/websitedemos.net\/wp-content\/uploads\/2019\/07\/coach-feb-20-about-600x800.jpg","astra-page-api-url":"https:\/\/websitedemos.net\/coach-05\/wp-json\/wp\/v2\/pages\/131","dynamic-page":"no","astra-page-url":"\/\/websitedemos.net\/coach-05\/about\/","astra-sites-tag":{"352":"about"},"site-pages-type":"free","site-pages-page-builder":"brizy","site-pages-category":[],"site-pages-parent-category":{"60":"business","61":"free"}},"id-24538":{"title":"e-Books","featured-image-url":"https:\/\/websitedemos.net\/wp-content\/uploads\/2019\/07\/coach-feb-20-ebooks.jpg","thumbnail-image-url":"https:\/\/websitedemos.net\/wp-content\/uploads\/2019\/07\/coach-feb-20-ebooks-600x800.jpg","astra-page-api-url":"https:\/\/websitedemos.net\/coach-05\/wp-json\/wp\/v2\/pages\/137","dynamic-page":"no","astra-page-url":"\/\/websitedemos.net\/coach-05\/e-books\/","astra-sites-tag":{"781":"e-book"},"site-pages-type":"free","site-pages-page-builder":"brizy","site-pages-category":[],"site-pages-parent-category":{"60":"business","61":"free"}},"id-24537":{"title":"Courses","featured-image-url":"https:\/\/websitedemos.net\/wp-content\/uploads\/2019\/07\/coach-feb-20-courses.jpg","thumbnail-image-url":"https:\/\/websitedemos.net\/wp-content\/uploads\/2019\/07\/coach-feb-20-courses-600x800.jpg","astra-page-api-url":"https:\/\/websitedemos.net\/coach-05\/wp-json\/wp\/v2\/pages\/140","dynamic-page":"no","astra-page-url":"\/\/websitedemos.net\/coach-05\/courses\/","astra-sites-tag":{"462":"courses"},"site-pages-type":"free","site-pages-page-builder":"brizy","site-pages-category":[],"site-pages-parent-category":{"60":"business","61":"free"}},"id-24536":{"title":"Contact","featured-image-url":"https:\/\/websitedemos.net\/wp-content\/uploads\/2019\/07\/coach-feb-20-contact.jpg","thumbnail-image-url":"https:\/\/websitedemos.net\/wp-content\/uploads\/2019\/07\/coach-feb-20-contact-600x800.jpg","astra-page-api-url":"https:\/\/websitedemos.net\/coach-05\/wp-json\/wp\/v2\/pages\/146","dynamic-page":"no","astra-page-url":"\/\/websitedemos.net\/coach-05\/contact\/","astra-sites-tag":{"415":"contact"},"site-pages-type":"free","site-pages-page-builder":"brizy","site-pages-category":[],"site-pages-parent-category":{"60":"business","61":"free"}}}}}