{
  "IcoMoonType": "selection",
  "icons": [
    {
      "icon": {
        "paths": [
          "M768 342v-86h-512v86h512zM598 598v-86h-342v86h342zM256 384v86h512v-86h-512zM854 86c46 0 84 38 84 84v512c0 46-38 86-84 86h-598l-170 170v-768c0-46 38-84 84-84h684z"
        ],
        "attrs": [],
        "isMulticolor": false,
        "isMulticolor2": false,
        "tags": [
          "chat"
        ],
        "grid": 24
      },
      "attrs": [],
      "properties": {
        "order": 1,
        "id": 0,
        "prevSize": 24,
        "code": 59650,
        "name": "chat"
      },
      "setIdx": 0,
      "setId": 14,
      "iconIdx": 0
    },
    {
      "icon": {
        "paths": [
          "M810 896v-598h-468v598h468zM810 214c46 0 86 38 86 84v598c0 46-40 86-86 86h-468c-46 0-86-40-86-86v-598c0-46 40-84 86-84h468zM682 42v86h-512v598h-84v-598c0-46 38-86 84-86h512z"
        ],
        "attrs": [],
        "isMulticolor": false,
        "isMulticolor2": false,
        "tags": [
          "content_copy"
        ],
        "grid": 24
      },
      "attrs": [],
      "properties": {
        "order": 1,
        "id": 1,
        "prevSize": 24,
        "code": 59648,
        "name": "content_copy"
      },
      "setIdx": 0,
      "setId": 14,
      "iconIdx": 1
    },
    {
      "icon": {
        "paths": [
          "M746 512c36 0 64-28 64-64s-28-64-64-64-64 28-64 64 28 64 64 64zM618 342c36 0 64-28 64-64s-28-64-64-64-64 28-64 64 28 64 64 64zM406 342c36 0 64-28 64-64s-28-64-64-64-64 28-64 64 28 64 64 64zM278 512c36 0 64-28 64-64s-28-64-64-64-64 28-64 64 28 64 64 64zM512 128c212 0 384 154 384 342 0 118-96 212-214 212h-74c-36 0-64 28-64 64 0 16 6 30 16 42s16 28 16 44c0 36-28 64-64 64-212 0-384-172-384-384s172-384 384-384z"
        ],
        "attrs": [
          {}
        ],
        "isMulticolor": false,
        "isMulticolor2": false,
        "tags": [
          "palette"
        ],
        "grid": 24
      },
      "attrs": [
        {}
      ],
      "properties": {
        "order": 3,
        "id": 2,
        "name": "palette",
        "prevSize": 24,
        "code": 59652
      },
      "setIdx": 0,
      "setId": 14,
      "iconIdx": 2
    },
    {
      "icon": {
        "paths": [
          "M128 576h-128v384c0 35.376 28.624 64 64 64h384v-128h-320v-320zM128 128h320v-128h-384c-35.376 0-64 28.624-64 64v384h128v-320zM896 896h-320v128h384c35.376 0 64-28.624 64-64v-384h-128v320zM960 0h-384v128h320v320h128v-384c0-35.376-28.624-64-64-64zM576 448v-192h-128v192h-192v128h192v192h128v-192h192v-128z"
        ],
        "attrs": [
          {}
        ],
        "isMulticolor": false,
        "isMulticolor2": false,
        "tags": [
          "googleplus",
          "social",
          "gplus"
        ],
        "grid": 16
      },
      "attrs": [
        {}
      ],
      "properties": {
        "order": 1,
        "id": 0,
        "prevSize": 16,
        "code": 59651,
        "name": "googleplus"
      },
      "setIdx": 1,
      "setId": 13,
      "iconIdx": 0
    },
    {
      "icon": {
        "paths": [
          "M575.488 189.472v258.016h256v-128l192.512 192.512-192.512 192.48v-130.976h-256v258.016h128.992l-192.48 192.48-192.512-192.48h128v-258.016h-256v129.984l-191.488-191.488 191.488-191.488v126.976h256v-258.016h-124.992l189.504-189.472 189.504 189.472h-126.016z"
        ],
        "attrs": [
          {}
        ],
        "isMulticolor": false,
        "isMulticolor2": false,
        "tags": [
          "move",
          "drag"
        ],
        "grid": 16
      },
      "attrs": [
        {}
      ],
      "properties": {
        "order": 5,
        "id": 1,
        "prevSize": 16,
        "code": 58946,
        "name": "move"
      },
      "setIdx": 1,
      "setId": 13,
      "iconIdx": 1
    },
    {
      "icon": {
        "paths": [
          "M864 128l-480 480-224-224-160 160 384 384 640-640z"
        ],
        "attrs": [],
        "isMulticolor": false,
        "isMulticolor2": false,
        "tags": [
          "checkmark",
          "tick",
          "correct",
          "accept",
          "ok"
        ],
        "grid": 16
      },
      "attrs": [],
      "properties": {
        "order": 61,
        "prevSize": 16,
        "ligatures": "checkmark, tick",
        "name": "checkmark",
        "id": 2,
        "code": 59649
      },
      "setIdx": 1,
      "setId": 13,
      "iconIdx": 2
    },
    {
      "icon": {
        "paths": [
          "M992 384h-352v-352c0-17.672-14.328-32-32-32h-192c-17.672 0-32 14.328-32 32v352h-352c-17.672 0-32 14.328-32 32v192c0 17.672 14.328 32 32 32h352v352c0 17.672 14.328 32 32 32h192c17.672 0 32-14.328 32-32v-352h352c17.672 0 32-14.328 32-32v-192c0-17.672-14.328-32-32-32z"
        ],
        "attrs": [],
        "isMulticolor": false,
        "isMulticolor2": false,
        "tags": [
          "plus",
          "add",
          "sum"
        ],
        "grid": 16
      },
      "attrs": [],
      "properties": {
        "id": 3,
        "order": 65,
        "prevSize": 16,
        "code": 58904,
        "name": "plus2"
      },
      "setIdx": 1,
      "setId": 13,
      "iconIdx": 3
    },
    {
      "icon": {
        "paths": [
          "M1014.662 822.66c-0.004-0.004-0.008-0.008-0.012-0.010l-310.644-310.65 310.644-310.65c0.004-0.004 0.008-0.006 0.012-0.010 3.344-3.346 5.762-7.254 7.312-11.416 4.246-11.376 1.824-24.682-7.324-33.83l-146.746-146.746c-9.148-9.146-22.45-11.566-33.828-7.32-4.16 1.55-8.070 3.968-11.418 7.31 0 0.004-0.004 0.006-0.008 0.010l-310.648 310.652-310.648-310.65c-0.004-0.004-0.006-0.006-0.010-0.010-3.346-3.342-7.254-5.76-11.414-7.31-11.38-4.248-24.682-1.826-33.83 7.32l-146.748 146.748c-9.148 9.148-11.568 22.452-7.322 33.828 1.552 4.16 3.97 8.072 7.312 11.416 0.004 0.002 0.006 0.006 0.010 0.010l310.65 310.648-310.65 310.652c-0.002 0.004-0.006 0.006-0.008 0.010-3.342 3.346-5.76 7.254-7.314 11.414-4.248 11.376-1.826 24.682 7.322 33.83l146.748 146.746c9.15 9.148 22.452 11.568 33.83 7.322 4.16-1.552 8.070-3.97 11.416-7.312 0.002-0.004 0.006-0.006 0.010-0.010l310.648-310.65 310.648 310.65c0.004 0.002 0.008 0.006 0.012 0.008 3.348 3.344 7.254 5.762 11.414 7.314 11.378 4.246 24.684 1.826 33.828-7.322l146.746-146.748c9.148-9.148 11.57-22.454 7.324-33.83-1.552-4.16-3.97-8.068-7.314-11.414z"
        ],
        "attrs": [],
        "isMulticolor": false,
        "isMulticolor2": false,
        "tags": [
          "close",
          "cancel",
          "quit",
          "remove",
          "cross"
        ],
        "grid": 16
      },
      "attrs": [],
      "properties": {
        "id": 4,
        "order": 65,
        "prevSize": 16,
        "code": 58901,
        "name": "close"
      },
      "setIdx": 1,
      "setId": 13,
      "iconIdx": 4
    },
    {
      "icon": {
        "paths": [
          "M292.571 420.571v329.143q0 8-5.143 13.143t-13.143 5.143h-36.571q-8 0-13.143-5.143t-5.143-13.143v-329.143q0-8 5.143-13.143t13.143-5.143h36.571q8 0 13.143 5.143t5.143 13.143zM438.857 420.571v329.143q0 8-5.143 13.143t-13.143 5.143h-36.571q-8 0-13.143-5.143t-5.143-13.143v-329.143q0-8 5.143-13.143t13.143-5.143h36.571q8 0 13.143 5.143t5.143 13.143zM585.143 420.571v329.143q0 8-5.143 13.143t-13.143 5.143h-36.571q-8 0-13.143-5.143t-5.143-13.143v-329.143q0-8 5.143-13.143t13.143-5.143h36.571q8 0 13.143 5.143t5.143 13.143zM658.286 834.286v-541.714h-512v541.714q0 12.571 4 23.143t8.286 15.429 6 4.857h475.429q1.714 0 6-4.857t8.286-15.429 4-23.143zM274.286 219.429h256l-27.429-66.857q-4-5.143-9.714-6.286h-181.143q-5.714 1.143-9.714 6.286zM804.571 237.714v36.571q0 8-5.143 13.143t-13.143 5.143h-54.857v541.714q0 47.429-26.857 82t-64.571 34.571h-475.429q-37.714 0-64.571-33.429t-26.857-80.857v-544h-54.857q-8 0-13.143-5.143t-5.143-13.143v-36.571q0-8 5.143-13.143t13.143-5.143h176.571l40-95.429q8.571-21.143 30.857-36t45.143-14.857h182.857q22.857 0 45.143 14.857t30.857 36l40 95.429h176.571q8 0 13.143 5.143t5.143 13.143z"
        ],
        "width": 804.5710134506226,
        "attrs": [],
        "isMulticolor": false,
        "isMulticolor2": false,
        "tags": [
          "trash-o"
        ],
        "defaultCode": 61460,
        "grid": 14
      },
      "attrs": [],
      "properties": {
        "id": 0,
        "order": 59,
        "name": "trash-o2",
        "prevSize": 28,
        "code": 58884
      },
      "setIdx": 2,
      "setId": 12,
      "iconIdx": 0
    },
    {
      "icon": {
        "paths": [
          "M207.429 877.714l52-52-134.286-134.286-52 52v61.143h73.143v73.143h61.143zM506.286 347.429q0-12.571-12.571-12.571-5.714 0-9.714 4l-309.714 309.714q-4 4-4 9.714 0 12.571 12.571 12.571 5.714 0 9.714-4l309.714-309.714q4-4 4-9.714zM475.429 237.714l237.714 237.714-475.429 475.429h-237.714v-237.714zM865.714 292.571q0 30.286-21.143 51.429l-94.857 94.857-237.714-237.714 94.857-94.286q20.571-21.714 51.429-21.714 30.286 0 52 21.714l134.286 133.714q21.143 22.286 21.143 52z"
        ],
        "width": 865.7150573730469,
        "attrs": [],
        "isMulticolor": false,
        "isMulticolor2": false,
        "tags": [
          "pencil"
        ],
        "defaultCode": 61504,
        "grid": 14
      },
      "attrs": [],
      "properties": {
        "name": "pencil",
        "id": 1,
        "order": 2,
        "prevSize": 28,
        "code": 61504
      },
      "setIdx": 2,
      "setId": 12,
      "iconIdx": 1
    },
    {
      "icon": {
        "paths": [
          "M256 256q0-30.286-21.429-51.714t-51.714-21.429-51.714 21.429-21.429 51.714 21.429 51.714 51.714 21.429 51.714-21.429 21.429-51.714zM865.714 585.143q0 30.286-21.143 51.429l-280.571 281.143q-22.286 21.143-52 21.143-30.286 0-51.429-21.143l-408.571-409.143q-21.714-21.143-36.857-57.714t-15.143-66.857v-237.714q0-29.714 21.714-51.429t51.429-21.714h237.714q30.286 0 66.857 15.143t58.286 36.857l408.571 408q21.143 22.286 21.143 52zM1085.143 585.143q0 30.286-21.143 51.429l-280.571 281.143q-22.286 21.143-52 21.143-20.571 0-33.714-8t-30.286-25.714l268.571-268.571q21.143-21.143 21.143-51.429 0-29.714-21.143-52l-408.571-408q-21.714-21.714-58.286-36.857t-66.857-15.143h128q30.286 0 66.857 15.143t58.286 36.857l408.571 408q21.143 22.286 21.143 52z"
        ],
        "width": 1085.1428871154785,
        "attrs": [],
        "isMulticolor": false,
        "isMulticolor2": false,
        "tags": [
          "tags"
        ],
        "defaultCode": 61484,
        "grid": 14
      },
      "attrs": [],
      "properties": {
        "name": "tags",
        "id": 2,
        "order": 3,
        "prevSize": 28,
        "code": 61484
      },
      "setIdx": 2,
      "setId": 12,
      "iconIdx": 2
    },
    {
      "icon": {
        "paths": [
          "M219.429 877.714h438.857v-219.429h-438.857v219.429zM731.429 877.714h73.143v-512q0-8-5.714-22t-11.429-19.714l-160.571-160.571q-5.714-5.714-19.429-11.429t-22.286-5.714v237.714q0 22.857-16 38.857t-38.857 16h-329.143q-22.857 0-38.857-16t-16-38.857v-237.714h-73.143v731.429h73.143v-237.714q0-22.857 16-38.857t38.857-16h475.429q22.857 0 38.857 16t16 38.857v237.714zM512 347.429v-182.857q0-7.429-5.429-12.857t-12.857-5.429h-109.714q-7.429 0-12.857 5.429t-5.429 12.857v182.857q0 7.429 5.429 12.857t12.857 5.429h109.714q7.429 0 12.857-5.429t5.429-12.857zM877.714 365.714v530.286q0 22.857-16 38.857t-38.857 16h-768q-22.857 0-38.857-16t-16-38.857v-768q0-22.857 16-38.857t38.857-16h530.286q22.857 0 50.286 11.429t43.429 27.429l160 160q16 16 27.429 43.429t11.429 50.286z"
        ],
        "width": 877.7160568237305,
        "attrs": [],
        "isMulticolor": false,
        "isMulticolor2": false,
        "tags": [
          "floppy-o",
          "save"
        ],
        "defaultCode": 61639,
        "grid": 14
      },
      "attrs": [],
      "properties": {
        "name": "floppy-o, save",
        "id": 3,
        "order": 60,
        "prevSize": 28,
        "code": 61639
      },
      "setIdx": 2,
      "setId": 12,
      "iconIdx": 3
    },
    {
      "icon": {
        "paths": [
          "M669.143 172l-303.429 303.429 303.429 303.429q10.857 10.857 10.857 25.714t-10.857 25.714l-94.857 94.857q-10.857 10.857-25.714 10.857t-25.714-10.857l-424-424q-10.857-10.857-10.857-25.714t10.857-25.714l424-424q10.857-10.857 25.714-10.857t25.714 10.857l94.857 94.857q10.857 10.857 10.857 25.714t-10.857 25.714z"
        ],
        "width": 768.0010223388672,
        "attrs": [],
        "isMulticolor": false,
        "isMulticolor2": false,
        "tags": [
          "chevron-left"
        ],
        "defaultCode": 61523,
        "grid": 14
      },
      "attrs": [],
      "properties": {
        "name": "chevron-left",
        "id": 4,
        "order": 66,
        "prevSize": 28,
        "code": 61523
      },
      "setIdx": 2,
      "setId": 12,
      "iconIdx": 4
    },
    {
      "icon": {
        "paths": [
          "M632.571 501.143l-424 424q-10.857 10.857-25.714 10.857t-25.714-10.857l-94.857-94.857q-10.857-10.857-10.857-25.714t10.857-25.714l303.429-303.429-303.429-303.429q-10.857-10.857-10.857-25.714t10.857-25.714l94.857-94.857q10.857-10.857 25.714-10.857t25.714 10.857l424 424q10.857 10.857 10.857 25.714t-10.857 25.714z"
        ],
        "width": 694.8569641113281,
        "attrs": [],
        "isMulticolor": false,
        "isMulticolor2": false,
        "tags": [
          "chevron-right"
        ],
        "defaultCode": 61524,
        "grid": 14
      },
      "attrs": [],
      "properties": {
        "name": "chevron-right",
        "id": 5,
        "order": 67,
        "prevSize": 28,
        "code": 61524
      },
      "setIdx": 2,
      "setId": 12,
      "iconIdx": 5
    },
    {
      "icon": {
        "paths": [
          "M838.857 217.143q16 16 27.429 43.429t11.429 50.286v658.286q0 22.857-16 38.857t-38.857 16h-768q-22.857 0-38.857-16t-16-38.857v-914.286q0-22.857 16-38.857t38.857-16h512q22.857 0 50.286 11.429t43.429 27.429zM585.143 77.714v214.857h214.857q-5.714-16.571-12.571-23.429l-178.857-178.857q-6.857-6.857-23.429-12.571zM804.571 950.857v-585.143h-237.714q-22.857 0-38.857-16t-16-38.857v-237.714h-438.857v877.714h731.429zM731.429 694.857v182.857h-585.143v-109.714l109.714-109.714 73.143 73.143 219.429-219.429zM256 585.143q-45.714 0-77.714-32t-32-77.714 32-77.714 77.714-32 77.714 32 32 77.714-32 77.714-77.714 32z"
        ],
        "width": 877.7160568237305,
        "attrs": [],
        "isMulticolor": false,
        "isMulticolor2": false,
        "tags": [
          "file-image-o",
          "file-photo-o",
          "file-picture-o"
        ],
        "defaultCode": 61893,
        "grid": 14
      },
      "attrs": [],
      "properties": {
        "name": "file-image-o, file-photo-o, file-picture-o",
        "id": 9,
        "order": 68,
        "prevSize": 28,
        "code": 61893
      },
      "setIdx": 12,
      "setId": 2,
      "iconIdx": 9
    }
  ],
  "height": 1024,
  "metadata": {
    "name": "icomoon"
  },
  "preferences": {
    "fontPref": {
      "prefix": "icon-",
      "metadata": {
        "fontFamily": "icomoon",
        "majorVersion": 1,
        "minorVersion": 0
      },
      "showGlyphs": true,
      "metrics": {
        "emSize": 1024,
        "baseline": 6.25,
        "whitespace": 50
      },
      "resetPoint": 58880,
      "showQuickUse": true,
      "quickUsageToken": false,
      "showMetrics": true,
      "showMetadata": false,
      "embed": false
    },
    "imagePref": {
      "color": 0,
      "height": 32,
      "columns": 16,
      "margin": 16,
      "png": false,
      "sprites": true,
      "prefix": "icon-"
    },
    "historySize": 100,
    "showCodes": true,
    "gridSize": 16,
    "showLiga": false,
    "showGrid": true,
    "showGlyphs": true,
    "showQuickUse": true,
    "showQuickUse2": true,
    "showSVGs": true,
    "search": ""
  }
}