{
    "IcoMoonType": "selection",
    "icons": [
        {
            "icon": {
                "paths": [
                    "M658 316l-196 196 196 196-60 60-256-256 256-256z"
                ],
                "attrs": [],
                "isMulticolor": false,
                "isMulticolor2": false,
                "tags": [
                    "chevron_left"
                ],
                "defaultCode": 58827,
                "grid": 24
            },
            "attrs": [],
            "properties": {
                "order": 8,
                "ligatures": "chevron_left",
                "prevSize": 24,
                "name": "chevron_left",
                "id": 0,
                "code": 58827
            },
            "setIdx": 0,
            "setId": 136,
            "iconIdx": 0
        },
        {
            "icon": {
                "paths": [
                    "M426 256l256 256-256 256-60-60 196-196-196-196z"
                ],
                "attrs": [],
                "isMulticolor": false,
                "isMulticolor2": false,
                "tags": [
                    "chevron_right"
                ],
                "defaultCode": 58828,
                "grid": 24
            },
            "attrs": [],
            "properties": {
                "order": 9,
                "ligatures": "chevron_right",
                "prevSize": 24,
                "name": "chevron_right",
                "id": 1,
                "code": 58828
            },
            "setIdx": 0,
            "setId": 136,
            "iconIdx": 1
        },
        {
            "icon": {
                "paths": [
                    "M384 690l452-452 60 60-512 512-238-238 60-60z"
                ],
                "attrs": [],
                "isMulticolor": false,
                "isMulticolor2": false,
                "tags": [
                    "check"
                ],
                "defaultCode": 58826,
                "grid": 24
            },
            "attrs": [],
            "properties": {
                "order": 57,
                "ligatures": "check",
                "prevSize": 24,
                "name": "check",
                "id": 2,
                "code": 58826
            },
            "setIdx": 0,
            "setId": 136,
            "iconIdx": 2
        },
        {
            "icon": {
                "paths": [
                    "M534.048 564.96l169.952 395.040-128 64-148.672-405.696-235.328 213.696v-832l640 512-297.952 52.96z"
                ],
                "attrs": [],
                "isMulticolor": false,
                "isMulticolor2": false,
                "tags": [
                    "pointer",
                    "mouse"
                ],
                "grid": 16
            },
            "attrs": [],
            "properties": {
                "id": 0,
                "order": 4,
                "prevSize": 32,
                "code": 59648,
                "name": "pointer"
            },
            "setIdx": 1,
            "setId": 135,
            "iconIdx": 0
        },
        {
            "icon": {
                "paths": [
                    "M365.714 73.143q-30.286 0-51.714 21.429t-21.429 51.714v512l-86.286-115.429q-23.429-30.857-61.143-30.857-29.714 0-50.857 21.714t-21.143 51.429q0 24.571 14.857 44l219.429 292.571q21.714 29.143 58.286 29.143h410.286q12.571 0 22.571-7.714t12.857-19.714l52.571-210.286q13.714-54.857 13.714-110.857v-124q0-23.429-16-40.571t-38.857-17.143-38.857 16-16 38.857h-18.286v-34.857q0-27.429-18.286-46.571t-45.714-19.143q-26.286 0-45.143 18.857t-18.857 45.143v36.571h-18.286v-51.429q0-31.429-21.143-54t-52-22.571q-30.286 0-51.714 21.429t-21.429 51.714v54.857h-18.286v-325.714q0-31.429-21.143-54t-52-22.571zM365.714 0q61.143 0 103.714 44.286t42.571 105.429v125.714q12.571-1.143 18.286-1.143 56.571 0 98.857 39.429 26.857-12 56.571-12 64.571 0 105.143 49.714 15.429-4 32-4 53.714 0 90.857 38.571t37.143 92.286v124q0 66.286-16 128.571l-52.571 210.286q-9.143 36.571-38.857 59.714t-67.429 23.143h-410.286q-34.286 0-65.429-15.714t-51.714-42.571l-219.429-292.571q-29.143-38.857-29.143-88 0-60 42.571-103.143t102.571-43.143q40.571 0 74.286 20v-312.571q0-60.571 42.857-103.429t103.429-42.857zM438.857 804.571v-219.429h-18.286v219.429h18.286zM585.143 804.571v-219.429h-18.286v219.429h18.286zM731.429 804.571v-219.429h-18.286v219.429h18.286z"
                ],
                "width": 951,
                "attrs": [],
                "isMulticolor": false,
                "isMulticolor2": false,
                "tags": [
                    "hand-pointer-o"
                ],
                "grid": 14
            },
            "attrs": [],
            "properties": {
                "order": 1,
                "id": 1,
                "prevSize": 32,
                "code": 59649,
                "name": "hand-pointer-o"
            },
            "setIdx": 2,
            "setId": 134,
            "iconIdx": 1
        },
        {
            "icon": {
                "paths": [
                    "M365.714 512v292.571h-146.286v-292.571h146.286zM585.143 219.429v585.143h-146.286v-585.143h146.286zM1170.286 877.714v73.143h-1170.286v-877.714h73.143v804.571h1097.143zM804.571 365.714v438.857h-146.286v-438.857h146.286zM1024 146.286v658.286h-146.286v-658.286h146.286z"
                ],
                "width": 1170.2860107421875,
                "attrs": [],
                "isMulticolor": false,
                "isMulticolor2": false,
                "tags": [
                    "bar-chart",
                    "bar-chart-o"
                ],
                "defaultCode": 61568,
                "grid": 14
            },
            "attrs": [],
            "properties": {
                "id": 2,
                "order": 3,
                "name": "bar-chart, bar-chart-o",
                "prevSize": 32,
                "code": 61568
            },
            "setIdx": 2,
            "setId": 134,
            "iconIdx": 2
        },
        {
            "icon": {
                "paths": [
                    "M804.571 530.286v182.857q0 68-48.286 116.286t-116.286 48.286h-475.429q-68 0-116.286-48.286t-48.286-116.286v-475.429q0-68 48.286-116.286t116.286-48.286h402.286q8 0 13.143 5.143t5.143 13.143v36.571q0 8-5.143 13.143t-13.143 5.143h-402.286q-37.714 0-64.571 26.857t-26.857 64.571v475.429q0 37.714 26.857 64.571t64.571 26.857h475.429q37.714 0 64.571-26.857t26.857-64.571v-182.857q0-8 5.143-13.143t13.143-5.143h36.571q8 0 13.143 5.143t5.143 13.143zM1024 36.571v292.571q0 14.857-10.857 25.714t-25.714 10.857-25.714-10.857l-100.571-100.571-372.571 372.571q-5.714 5.714-13.143 5.714t-13.143-5.714l-65.143-65.143q-5.714-5.714-5.714-13.143t5.714-13.143l372.571-372.571-100.571-100.571q-10.857-10.857-10.857-25.714t10.857-25.714 25.714-10.857h292.571q14.857 0 25.714 10.857t10.857 25.714z"
                ],
                "width": 1023.9981409707107,
                "attrs": [],
                "isMulticolor": false,
                "isMulticolor2": false,
                "tags": [
                    "external-link"
                ],
                "defaultCode": 61582,
                "grid": 14
            },
            "attrs": [],
            "properties": {
                "id": 3,
                "order": 1,
                "name": "external-link",
                "prevSize": 32,
                "code": 61582
            },
            "setIdx": 2,
            "setId": 134,
            "iconIdx": 3
        },
        {
            "icon": {
                "paths": [
                    "M872.571 827.429q32 50.857 12.286 87.143t-80.286 36.286h-658.286q-60.571 0-80.286-36.286t12.286-87.143l287.429-453.143v-228h-36.571q-14.857 0-25.714-10.857t-10.857-25.714 10.857-25.714 25.714-10.857h292.571q14.857 0 25.714 10.857t10.857 25.714-10.857 25.714-25.714 10.857h-36.571v228zM427.429 413.143l-155.429 245.143h406.857l-155.429-245.143-11.429-17.714v-249.143h-73.143v249.143z"
                ],
                "width": 950.8553085327148,
                "attrs": [],
                "isMulticolor": false,
                "isMulticolor2": false,
                "tags": [
                    "flask"
                ],
                "defaultCode": 61635,
                "grid": 14
            },
            "attrs": [],
            "properties": {
                "id": 4,
                "order": 2,
                "name": "flask",
                "prevSize": 32,
                "code": 61635
            },
            "setIdx": 2,
            "setId": 134,
            "iconIdx": 4
        },
        {
            "icon": {
                "paths": [
                    "M804.571 566.857v274.286q0 14.857-10.857 25.714t-25.714 10.857h-219.429v-219.429h-146.286v219.429h-219.429q-14.857 0-25.714-10.857t-10.857-25.714v-274.286q0-0.571 0.286-1.714t0.286-1.714l328.571-270.857 328.571 270.857q0.571 1.143 0.571 3.429zM932 527.429l-35.429 42.286q-4.571 5.143-12 6.286h-1.714q-7.429 0-12-4l-395.429-329.714-395.429 329.714q-6.857 4.571-13.714 4-7.429-1.143-12-6.286l-35.429-42.286q-4.571-5.714-4-13.429t6.286-12.286l410.857-342.286q18.286-14.857 43.429-14.857t43.429 14.857l139.429 116.571v-111.429q0-8 5.143-13.143t13.143-5.143h109.714q8 0 13.143 5.143t5.143 13.143v233.143l125.143 104q5.714 4.571 6.286 12.286t-4 13.429z"
                ],
                "width": 950.8578853607178,
                "attrs": [],
                "isMulticolor": false,
                "isMulticolor2": false,
                "tags": [
                    "home"
                ],
                "defaultCode": 61461,
                "grid": 14
            },
            "attrs": [],
            "properties": {
                "id": 5,
                "order": 7,
                "name": "home",
                "prevSize": 32,
                "code": 61461
            },
            "setIdx": 2,
            "setId": 134,
            "iconIdx": 5
        },
        {
            "icon": {
                "paths": [
                    "M512 310.857v256q0 8-5.143 13.143t-13.143 5.143h-182.857q-8 0-13.143-5.143t-5.143-13.143v-36.571q0-8 5.143-13.143t13.143-5.143h128v-201.143q0-8 5.143-13.143t13.143-5.143h36.571q8 0 13.143 5.143t5.143 13.143zM749.714 512q0-84.571-41.714-156t-113.143-113.143-156-41.714-156 41.714-113.143 113.143-41.714 156 41.714 156 113.143 113.143 156 41.714 156-41.714 113.143-113.143 41.714-156zM877.714 512q0 119.429-58.857 220.286t-159.714 159.714-220.286 58.857-220.286-58.857-159.714-159.714-58.857-220.286 58.857-220.286 159.714-159.714 220.286-58.857 220.286 58.857 159.714 159.714 58.857 220.286z"
                ],
                "width": 877.7140070597306,
                "attrs": [],
                "isMulticolor": false,
                "isMulticolor2": false,
                "tags": [
                    "clock-o"
                ],
                "defaultCode": 61463,
                "grid": 14
            },
            "attrs": [],
            "properties": {
                "id": 6,
                "order": 6,
                "name": "clock-o",
                "prevSize": 32,
                "code": 61463
            },
            "setIdx": 2,
            "setId": 134,
            "iconIdx": 6
        },
        {
            "icon": {
                "paths": [
                    "M402.286 182.857q0 14.857-10.857 25.714t-25.714 10.857h-73.143v585.143h73.143q14.857 0 25.714 10.857t10.857 25.714-10.857 25.714l-146.286 146.286q-10.857 10.857-25.714 10.857t-25.714-10.857l-146.286-146.286q-10.857-10.857-10.857-25.714t10.857-25.714 25.714-10.857h73.143v-585.143h-73.143q-14.857 0-25.714-10.857t-10.857-25.714 10.857-25.714l146.286-146.286q10.857-10.857 25.714-10.857t25.714 10.857l146.286 146.286q10.857 10.857 10.857 25.714z"
                ],
                "width": 438.85801696777344,
                "attrs": [],
                "isMulticolor": false,
                "isMulticolor2": false,
                "tags": [
                    "arrows-v"
                ],
                "defaultCode": 61565,
                "grid": 14
            },
            "attrs": [],
            "properties": {
                "id": 7,
                "order": 5,
                "name": "arrows-v",
                "prevSize": 32,
                "code": 61565
            },
            "setIdx": 2,
            "setId": 134,
            "iconIdx": 7
        },
        {
            "icon": {
                "paths": [
                    "M950.857 548.571q-86.857-134.857-217.714-201.714 34.857 59.429 34.857 128.571 0 105.714-75.143 180.857t-180.857 75.143-180.857-75.143-75.143-180.857q0-69.143 34.857-128.571-130.857 66.857-217.714 201.714 76 117.143 190.571 186.571t248.286 69.429 248.286-69.429 190.571-186.571zM539.429 329.143q0-11.429-8-19.429t-19.429-8q-71.429 0-122.571 51.143t-51.143 122.571q0 11.429 8 19.429t19.429 8 19.429-8 8-19.429q0-49.143 34.857-84t84-34.857q11.429 0 19.429-8t8-19.429zM1024 548.571q0 19.429-11.429 39.429-80 131.429-215.143 210.571t-285.429 79.143-285.429-79.429-215.143-210.286q-11.429-20-11.429-39.429t11.429-39.429q80-130.857 215.143-210.286t285.429-79.429 285.429 79.429 215.143 210.286q11.429 20 11.429 39.429z"
                ],
                "width": 1023.9979572296143,
                "attrs": [],
                "isMulticolor": false,
                "isMulticolor2": false,
                "tags": [
                    "eye"
                ],
                "defaultCode": 61550,
                "grid": 14
            },
            "attrs": [],
            "properties": {
                "id": 8,
                "order": 11,
                "name": "eye",
                "prevSize": 32,
                "code": 61550
            },
            "setIdx": 2,
            "setId": 134,
            "iconIdx": 8
        },
        {
            "icon": {
                "paths": [
                    "M358.286 786.286q0 7.429-5.714 13.143l-28.571 28.571q-5.714 5.714-13.143 5.714t-13.143-5.714l-266.286-266.286q-5.714-5.714-5.714-13.143t5.714-13.143l266.286-266.286q5.714-5.714 13.143-5.714t13.143 5.714l28.571 28.571q5.714 5.714 5.714 13.143t-5.714 13.143l-224.571 224.571 224.571 224.571q5.714 5.714 5.714 13.143zM577.714 786.286q0 7.429-5.714 13.143l-28.571 28.571q-5.714 5.714-13.143 5.714t-13.143-5.714l-266.286-266.286q-5.714-5.714-5.714-13.143t5.714-13.143l266.286-266.286q5.714-5.714 13.143-5.714t13.143 5.714l28.571 28.571q5.714 5.714 5.714 13.143t-5.714 13.143l-224.571 224.571 224.571 224.571q5.714 5.714 5.714 13.143z"
                ],
                "width": 603.4289932250977,
                "attrs": [],
                "isMulticolor": false,
                "isMulticolor2": false,
                "tags": [
                    "angle-double-left"
                ],
                "defaultCode": 61696,
                "grid": 14
            },
            "attrs": [],
            "properties": {
                "id": 9,
                "order": 9,
                "name": "angle-double-left",
                "prevSize": 32,
                "code": 61696
            },
            "setIdx": 2,
            "setId": 134,
            "iconIdx": 9
        },
        {
            "icon": {
                "paths": [
                    "M340 548.571q0 7.429-5.714 13.143l-266.286 266.286q-5.714 5.714-13.143 5.714t-13.143-5.714l-28.571-28.571q-5.714-5.714-5.714-13.143t5.714-13.143l224.571-224.571-224.571-224.571q-5.714-5.714-5.714-13.143t5.714-13.143l28.571-28.571q5.714-5.714 13.143-5.714t13.143 5.714l266.286 266.286q5.714 5.714 5.714 13.143zM559.429 548.571q0 7.429-5.714 13.143l-266.286 266.286q-5.714 5.714-13.143 5.714t-13.143-5.714l-28.571-28.571q-5.714-5.714-5.714-13.143t5.714-13.143l224.571-224.571-224.571-224.571q-5.714-5.714-5.714-13.143t5.714-13.143l28.571-28.571q5.714-5.714 13.143-5.714t13.143 5.714l266.286 266.286q5.714 5.714 5.714 13.143z"
                ],
                "width": 566.8580722808838,
                "attrs": [],
                "isMulticolor": false,
                "isMulticolor2": false,
                "tags": [
                    "angle-double-right"
                ],
                "defaultCode": 61697,
                "grid": 14
            },
            "attrs": [],
            "properties": {
                "id": 10,
                "order": 10,
                "name": "angle-double-right",
                "prevSize": 32,
                "code": 61697
            },
            "setIdx": 2,
            "setId": 134,
            "iconIdx": 10
        }
    ],
    "height": 1024,
    "metadata": {
        "name": "icomoon"
    },
    "preferences": {
        "showGlyphs": true,
        "showQuickUse": true,
        "showQuickUse2": true,
        "showSVGs": true,
        "fontPref": {
            "prefix": "icon-",
            "metadata": {
                "fontFamily": "icomoon"
            },
            "metrics": {
                "emSize": 1024,
                "baseline": 6.25,
                "whitespace": 50
            },
            "resetPoint": 58880,
            "embed": false
        },
        "imagePref": {
            "prefix": "icon-",
            "png": true,
            "useClassSelector": true,
            "color": 4473924,
            "bgColor": 16777215,
            "classSelector": ".icon",
            "height": 32,
            "columns": 16,
            "margin": 16
        },
        "historySize": 100,
        "showCodes": true,
        "showLiga": true
    }
}